{
  "resourceType" : "Claim",
  "id" : "ClaimExample",
  "text" : {
    "status" : "generated",
    "div" : "<div xmlns=\"http://www.w3.org/1999/xhtml\"><p class=\"res-header-id\"><b>Generated Narrative: Claim ClaimExample</b></p><a name=\"ClaimExample\"> </a><a name=\"hcClaimExample\"> </a><a name=\"ClaimExample-en-US\"> </a><p><b>status</b>: Active</p><p><b>type</b>: <span title=\"Codes:{http://terminology.hl7.org/CodeSystem/claim-type professional}\">Professional</span></p><p><b>use</b>: Claim</p><p><b>patient</b>: <a href=\"Patient-SHAPatientExample.html\">Eliud Kipchoge Kiptun Male, DoB: 1984-11-05 ( Unique Patient Identifier: 123456\u00a0(use:\u00a0official,\u00a0))</a></p><p><b>created</b>: 2020-06-15</p><p><b>provider</b>: <a href=\"Practitioner-PractitionerExample.html\">Practitioner John Doe </a></p><p><b>priority</b>: <span title=\"Codes:{http://terminology.hl7.org/CodeSystem/processpriority normal}\">Normal</span></p><h3>Insurances</h3><table class=\"grid\"><tr><td style=\"display: none\">-</td><td><b>Sequence</b></td><td><b>Focal</b></td><td><b>Identifier</b></td><td><b>Coverage</b></td></tr><tr><td style=\"display: none\">*</td><td>1</td><td>true</td><td><code>http://example.org/identifiers</code>/123456</td><td><a href=\"Coverage-CoverageExample.html\">Coverage: status = active</a></td></tr></table></div>"
  },
  "status" : "active",
  "type" : {
    "coding" : [{
      "system" : "http://terminology.hl7.org/CodeSystem/claim-type",
      "code" : "professional",
      "display" : "Professional"
    }],
    "text" : "Professional"
  },
  "use" : "claim",
  "patient" : {
    "reference" : "Patient/SHAPatientExample"
  },
  "created" : "2020-06-15",
  "provider" : {
    "reference" : "Practitioner/PractitionerExample"
  },
  "priority" : {
    "coding" : [{
      "system" : "http://terminology.hl7.org/CodeSystem/processpriority",
      "code" : "normal",
      "display" : "Normal"
    }],
    "text" : "Normal"
  },
  "insurance" : [{
    "sequence" : 1,
    "focal" : true,
    "identifier" : {
      "system" : "http://example.org/identifiers",
      "value" : "123456"
    },
    "coverage" : {
      "reference" : "Coverage/CoverageExample"
    }
  }]
}