{
  "resourceType" : "CodeSystem",
  "id" : "KNHTS.CONTACTRELATIONSHIP",
  "text" : {
    "status" : "generated",
    "div" : "<div xmlns=\"http://www.w3.org/1999/xhtml\"><p class=\"res-header-id\"><b>Generated Narrative: CodeSystem KNHTS.CONTACTRELATIONSHIP</b></p><a name=\"KNHTS.CONTACTRELATIONSHIP\"> </a><a name=\"hcKNHTS.CONTACTRELATIONSHIP\"> </a><a name=\"KNHTS.CONTACTRELATIONSHIP-en-US\"> </a><p>This case-insensitive code system <code>https://shr.tiberbuapps.com/fhir/CodeSystem/KNHTS.CONTACTRELATIONSHIP</code> defines the following codes:</p><table class=\"codes\"><tr><td style=\"white-space:nowrap\"><b>Code</b></td><td><b>Definition</b></td></tr><tr><td style=\"white-space:nowrap\">guardian<a name=\"KNHTS.CONTACTRELATIONSHIP-guardian\"> </a></td><td>guardian</td></tr><tr><td style=\"white-space:nowrap\">caregiver<a name=\"KNHTS.CONTACTRELATIONSHIP-caregiver\"> </a></td><td>caregiver</td></tr><tr><td style=\"white-space:nowrap\">parent<a name=\"KNHTS.CONTACTRELATIONSHIP-parent\"> </a></td><td>parent</td></tr><tr><td style=\"white-space:nowrap\">sibling<a name=\"KNHTS.CONTACTRELATIONSHIP-sibling\"> </a></td><td>sibling</td></tr><tr><td style=\"white-space:nowrap\">child<a name=\"KNHTS.CONTACTRELATIONSHIP-child\"> </a></td><td>child</td></tr></table></div>"
  },
  "url" : "https://shr.tiberbuapps.com/fhir/CodeSystem/KNHTS.CONTACTRELATIONSHIP",
  "version" : "0.1.0",
  "name" : "PT_CONTACTRELATIONSHIP",
  "title" : "CodeSystem for Contact Relationship",
  "status" : "draft",
  "experimental" : false,
  "date" : "2024-08-23T12:29:17+03:00",
  "publisher" : "intellisoftkenya",
  "contact" : [{
    "name" : "intellisoftkenya",
    "telecom" : [{
      "system" : "url",
      "value" : "http://example.org/example-publisher"
    }]
  }],
  "description" : "CodeSystem for Contact Relationship",
  "caseSensitive" : false,
  "content" : "complete",
  "count" : 5,
  "concept" : [{
    "code" : "guardian",
    "display" : "guardian",
    "definition" : "guardian"
  },
  {
    "code" : "caregiver",
    "display" : "caregiver",
    "definition" : "caregiver"
  },
  {
    "code" : "parent",
    "display" : "parent",
    "definition" : "parent"
  },
  {
    "code" : "sibling",
    "display" : "sibling",
    "definition" : "sibling"
  },
  {
    "code" : "child",
    "display" : "child",
    "definition" : "child"
  }]
}