{
  "resourceType" : "CodeSystem",
  "id" : "KNHTS.CIIZENSHIP",
  "text" : {
    "status" : "generated",
    "div" : "<div xmlns=\"http://www.w3.org/1999/xhtml\"><p class=\"res-header-id\"><b>Generated Narrative: CodeSystem KNHTS.CIIZENSHIP</b></p><a name=\"KNHTS.CIIZENSHIP\"> </a><a name=\"hcKNHTS.CIIZENSHIP\"> </a><a name=\"KNHTS.CIIZENSHIP-en-US\"> </a><p>This case-insensitive code system <code>https://shr.tiberbuapps.com/fhir/CodeSystem/KNHTS.CIIZENSHIP</code> defines the following codes:</p><table class=\"codes\"><tr><td style=\"white-space:nowrap\"><b>Code</b></td><td><b>Definition</b></td></tr><tr><td style=\"white-space:nowrap\">kenyan<a name=\"KNHTS.CIIZENSHIP-kenyan\"> </a></td><td>kenyan</td></tr><tr><td style=\"white-space:nowrap\">ugandan<a name=\"KNHTS.CIIZENSHIP-ugandan\"> </a></td><td>ugandan</td></tr><tr><td style=\"white-space:nowrap\">tanzanian<a name=\"KNHTS.CIIZENSHIP-tanzanian\"> </a></td><td>tanzanian</td></tr><tr><td style=\"white-space:nowrap\">ethiopian<a name=\"KNHTS.CIIZENSHIP-ethiopian\"> </a></td><td>ethiopian</td></tr></table></div>"
  },
  "url" : "https://shr.tiberbuapps.com/fhir/CodeSystem/KNHTS.CIIZENSHIP",
  "version" : "0.1.0",
  "name" : "PATIENT_CITIZENSHIP",
  "title" : "CodeSystem for Patient's Citizenship",
  "status" : "draft",
  "experimental" : false,
  "date" : "2024-08-23T12:29:17+03:00",
  "publisher" : "intellisoftkenya",
  "contact" : [{
    "name" : "intellisoftkenya",
    "telecom" : [{
      "system" : "url",
      "value" : "http://example.org/example-publisher"
    }]
  }],
  "description" : "CodeSystem for Patient's Citizenship",
  "caseSensitive" : false,
  "content" : "complete",
  "count" : 4,
  "concept" : [{
    "code" : "kenyan",
    "display" : "kenyan",
    "definition" : "kenyan"
  },
  {
    "code" : "ugandan",
    "display" : "ugandan",
    "definition" : "ugandan"
  },
  {
    "code" : "tanzanian",
    "display" : "tanzanian",
    "definition" : "tanzanian"
  },
  {
    "code" : "ethiopian",
    "display" : "ethiopian",
    "definition" : "ethiopian"
  }]
}