{
  "resourceType" : "CodeSystem",
  "id" : "KNHTS.PCNS",
  "text" : {
    "status" : "generated",
    "div" : "<div xmlns=\"http://www.w3.org/1999/xhtml\"><p class=\"res-header-id\"><b>Generated Narrative: CodeSystem KNHTS.PCNS</b></p><a name=\"KNHTS.PCNS\"> </a><a name=\"hcKNHTS.PCNS\"> </a><a name=\"KNHTS.PCNS-en-US\"> </a><p>This case-insensitive code system <code>https://shr.tiberbuapps.com/fhir/CodeSystem/KNHTS.PCNS</code> defines the following codes:</p><table class=\"codes\"><tr><td style=\"white-space:nowrap\"><b>Code</b></td><td><b>Display</b></td><td><b>Definition</b></td></tr><tr><td style=\"white-space:nowrap\">dagorettiNorth<a name=\"KNHTS.PCNS-dagorettiNorth\"> </a></td><td>Dagoretti North</td><td>Dagoretti North</td></tr><tr><td style=\"white-space:nowrap\">dagorettiSouth<a name=\"KNHTS.PCNS-dagorettiSouth\"> </a></td><td>Dagoretti South</td><td>Dagoretti South</td></tr><tr><td style=\"white-space:nowrap\">embakasiCentral<a name=\"KNHTS.PCNS-embakasiCentral\"> </a></td><td>Embakasi Central</td><td>Embakasi Central</td></tr><tr><td style=\"white-space:nowrap\">embakasiEast<a name=\"KNHTS.PCNS-embakasiEast\"> </a></td><td>Embakasi East</td><td>Embakasi East</td></tr><tr><td style=\"white-space:nowrap\">embakasiNorth<a name=\"KNHTS.PCNS-embakasiNorth\"> </a></td><td>Embakasi North</td><td>Embakasi North</td></tr><tr><td style=\"white-space:nowrap\">embakasiSouth<a name=\"KNHTS.PCNS-embakasiSouth\"> </a></td><td>Embakasi North</td><td>Embakasi North</td></tr></table></div>"
  },
  "url" : "https://shr.tiberbuapps.com/fhir/CodeSystem/KNHTS.PCNS",
  "version" : "0.1.0",
  "name" : "PRIMARYCARENETWORKS",
  "title" : "CodeSystem for Primary Care Networks",
  "status" : "draft",
  "experimental" : false,
  "date" : "2024-08-23T12:29:17+03:00",
  "publisher" : "intellisoftkenya",
  "contact" : [{
    "name" : "intellisoftkenya",
    "telecom" : [{
      "system" : "url",
      "value" : "http://example.org/example-publisher"
    }]
  }],
  "description" : "CodeSystem for Primary Care Networks",
  "caseSensitive" : false,
  "content" : "complete",
  "count" : 6,
  "concept" : [{
    "code" : "dagorettiNorth",
    "display" : "Dagoretti North",
    "definition" : "Dagoretti North"
  },
  {
    "code" : "dagorettiSouth",
    "display" : "Dagoretti South",
    "definition" : "Dagoretti South"
  },
  {
    "code" : "embakasiCentral",
    "display" : "Embakasi Central",
    "definition" : "Embakasi Central"
  },
  {
    "code" : "embakasiEast",
    "display" : "Embakasi East",
    "definition" : "Embakasi East"
  },
  {
    "code" : "embakasiNorth",
    "display" : "Embakasi North",
    "definition" : "Embakasi North"
  },
  {
    "code" : "embakasiSouth",
    "display" : "Embakasi North",
    "definition" : "Embakasi North"
  }]
}