{
  "resourceType" : "CodeSystem",
  "id" : "KenyaVaccineCodes",
  "text" : {
    "status" : "generated",
    "div" : "<div xmlns=\"http://www.w3.org/1999/xhtml\"><p class=\"res-header-id\"><b>Generated Narrative: CodeSystem KenyaVaccineCodes</b></p><a name=\"KenyaVaccineCodes\"> </a><a name=\"hcKenyaVaccineCodes\"> </a><a name=\"KenyaVaccineCodes-en-US\"> </a><p><b>Properties</b></p><p><b>This code system defines the following properties for its concepts</b></p><table class=\"grid\"><tr><td><b>Name</b></td><td><b>Code</b></td><td><b>Type</b></td><td><b>Description</b></td></tr><tr><td>cvxp</td><td>cvxp</td><td>Coding</td><td>cvx mapping for this code</td></tr></table><p><b>Concepts</b></p><p>This  code system <code>https://intellisoft-consulting.github.io/igs/ChanjoKe-FHIR-IG/CodeSystem/KenyaVaccineCodes</code> defines the following codes:</p><table class=\"codes\"><tr><td style=\"white-space:nowrap\"><b>Code</b></td><td><b>Display</b></td><td><b>Definition</b></td><td><b>cvxp</b></td></tr><tr><td style=\"white-space:nowrap\">BCG<a name=\"KenyaVaccineCodes-BCG\"> </a></td><td>BCG</td><td>Bacillus Calmette-Guerin vaccine</td><td>19</td></tr><tr><td style=\"white-space:nowrap\">OPV<a name=\"KenyaVaccineCodes-OPV\"> </a></td><td>OPV</td><td>Oral Polio Vaccine</td><td>02</td></tr><tr><td style=\"white-space:nowrap\">PCV<a name=\"KenyaVaccineCodes-PCV\"> </a></td><td>PCV 10</td><td>Pneumococcal Conjugate Vaccine</td><td>177</td></tr><tr><td style=\"white-space:nowrap\">Rota<a name=\"KenyaVaccineCodes-Rota\"> </a></td><td>Rota</td><td>Rotavirus vaccine</td><td>122</td></tr><tr><td style=\"white-space:nowrap\">DTP-Hib-Hep-B<a name=\"KenyaVaccineCodes-DTP-Hib-Hep-B\"> </a></td><td>DTP-Hib-Hep B</td><td>Diptheria, Pertussis, Haemophilus influenzae type b</td><td>102</td></tr></table></div>"
  },
  "url" : "https://intellisoft-consulting.github.io/igs/ChanjoKe-FHIR-IG/CodeSystem/KenyaVaccineCodes",
  "version" : "0.1.0",
  "name" : "KenyaVaccineCodes",
  "title" : "Kenya Vaccine Codes",
  "status" : "draft",
  "date" : "2024-08-27T20:30:12+00:00",
  "publisher" : "Intellisoft Consulting Ltd",
  "contact" : [{
    "name" : "Intellisoft Consulting Ltd",
    "telecom" : [{
      "system" : "url",
      "value" : "https://www.intellisoftkenya.com/"
    },
    {
      "system" : "email",
      "value" : "info[at]intellisoftkenya.com"
    }]
  }],
  "content" : "complete",
  "count" : 5,
  "property" : [{
    "code" : "cvxp",
    "description" : "cvx mapping for this code",
    "type" : "Coding"
  }],
  "concept" : [{
    "code" : "BCG",
    "display" : "BCG",
    "definition" : "Bacillus Calmette-Guerin vaccine",
    "property" : [{
      "code" : "cvxp",
      "valueCoding" : {
        "system" : "http://hl7.org/fhir/sid/cvx",
        "code" : "19"
      }
    }]
  },
  {
    "code" : "OPV",
    "display" : "OPV",
    "definition" : "Oral Polio Vaccine",
    "property" : [{
      "code" : "cvxp",
      "valueCoding" : {
        "system" : "http://hl7.org/fhir/sid/cvx",
        "code" : "02"
      }
    }]
  },
  {
    "code" : "PCV",
    "display" : "PCV 10",
    "definition" : "Pneumococcal Conjugate Vaccine",
    "property" : [{
      "code" : "cvxp",
      "valueCoding" : {
        "system" : "http://hl7.org/fhir/sid/cvx",
        "code" : "177"
      }
    }]
  },
  {
    "code" : "Rota",
    "display" : "Rota",
    "definition" : "Rotavirus vaccine",
    "property" : [{
      "code" : "cvxp",
      "valueCoding" : {
        "system" : "http://hl7.org/fhir/sid/cvx",
        "code" : "122"
      }
    }]
  },
  {
    "code" : "DTP-Hib-Hep-B",
    "display" : "DTP-Hib-Hep B",
    "definition" : "Diptheria, Pertussis, Haemophilus influenzae type b",
    "property" : [{
      "code" : "cvxp",
      "valueCoding" : {
        "system" : "http://hl7.org/fhir/sid/cvx",
        "code" : "102"
      }
    }]
  }]
}