{
  "resourceType" : "CodeSystem",
  "id" : "KNHTS.CLMSACCOMODATIONTYPE",
  "text" : {
    "status" : "generated",
    "div" : "<div xmlns=\"http://www.w3.org/1999/xhtml\"><p class=\"res-header-id\"><b>Generated Narrative: CodeSystem KNHTS.CLMSACCOMODATIONTYPE</b></p><a name=\"KNHTS.CLMSACCOMODATIONTYPE\"> </a><a name=\"hcKNHTS.CLMSACCOMODATIONTYPE\"> </a><a name=\"KNHTS.CLMSACCOMODATIONTYPE-en-US\"> </a><p>This case-insensitive code system <code>https://shr.tiberbuapps.com/fhir/CodeSystem/KNHTS.CLMSACCOMODATIONTYPE</code> defines the following codes:</p><table class=\"codes\"><tr><td style=\"white-space:nowrap\"><b>Code</b></td><td><b>Display</b></td><td><b>Definition</b></td></tr><tr><td style=\"white-space:nowrap\">CLMSACCTYPES01<a name=\"KNHTS.CLMSACCOMODATIONTYPE-CLMSACCTYPES01\"> </a></td><td>FEMALE_MEDICAL</td><td>Female Medical</td></tr><tr><td style=\"white-space:nowrap\">CLMSACCTYPES02<a name=\"KNHTS.CLMSACCOMODATIONTYPE-CLMSACCTYPES02\"> </a></td><td>MALE_MEDICAL</td><td>Male Medical</td></tr><tr><td style=\"white-space:nowrap\">CLMSACCTYPES03<a name=\"KNHTS.CLMSACCOMODATIONTYPE-CLMSACCTYPES03\"> </a></td><td>FEMALE_SURGICAL</td><td>Female Surgical</td></tr><tr><td style=\"white-space:nowrap\">CLMSACCTYPES04<a name=\"KNHTS.CLMSACCOMODATIONTYPE-CLMSACCTYPES04\"> </a></td><td>MALE_SURGICAL</td><td>Male Surgical</td></tr><tr><td style=\"white-space:nowrap\">CLMSACCTYPES05<a name=\"KNHTS.CLMSACCOMODATIONTYPE-CLMSACCTYPES05\"> </a></td><td>GYNAECOLOGY</td><td>Gynaecology</td></tr><tr><td style=\"white-space:nowrap\">CLMSACCTYPES06<a name=\"KNHTS.CLMSACCOMODATIONTYPE-CLMSACCTYPES06\"> </a></td><td>MATERNITY</td><td>Maternity</td></tr><tr><td style=\"white-space:nowrap\">CLMSACCTYPES07<a name=\"KNHTS.CLMSACCOMODATIONTYPE-CLMSACCTYPES07\"> </a></td><td>NBU</td><td>New Born Unit</td></tr><tr><td style=\"white-space:nowrap\">CLMSACCTYPES08<a name=\"KNHTS.CLMSACCOMODATIONTYPE-CLMSACCTYPES08\"> </a></td><td>PSYCHIATRIC</td><td>Psychiatric Unit</td></tr><tr><td style=\"white-space:nowrap\">CLMSACCTYPES09<a name=\"KNHTS.CLMSACCOMODATIONTYPE-CLMSACCTYPES09\"> </a></td><td>BURNS</td><td>Burns</td></tr><tr><td style=\"white-space:nowrap\">CLMSACCTYPES10<a name=\"KNHTS.CLMSACCOMODATIONTYPE-CLMSACCTYPES10\"> </a></td><td>ICU</td><td>Intensive Care Unit</td></tr><tr><td style=\"white-space:nowrap\">CLMSACCTYPES11<a name=\"KNHTS.CLMSACCOMODATIONTYPE-CLMSACCTYPES11\"> </a></td><td>HDU</td><td>High Dependency Unit</td></tr><tr><td style=\"white-space:nowrap\">CLMSACCTYPES12<a name=\"KNHTS.CLMSACCOMODATIONTYPE-CLMSACCTYPES12\"> </a></td><td>NICU</td><td>Neonatal Intensive Care Unit</td></tr><tr><td style=\"white-space:nowrap\">CLMSACCTYPES13<a name=\"KNHTS.CLMSACCOMODATIONTYPE-CLMSACCTYPES13\"> </a></td><td>ISOLATION</td><td>Isolation</td></tr></table></div>"
  },
  "url" : "https://shr.tiberbuapps.com/fhir/CodeSystem/KNHTS.CLMSACCOMODATIONTYPE",
  "version" : "0.1.0",
  "name" : "KNHTS_CLMS_ACCOMODATIONTYPES",
  "title" : "KNHTS.CLMSACCOMODATIONTYPE CodeSystem for claim accomodation type",
  "status" : "draft",
  "experimental" : false,
  "date" : "2024-08-23T12:29:17+03:00",
  "publisher" : "intellisoftkenya",
  "contact" : [{
    "name" : "intellisoftkenya",
    "telecom" : [{
      "system" : "url",
      "value" : "http://example.org/example-publisher"
    }]
  }],
  "description" : "CodeSystem for KNHTS Claim Accomodation Types",
  "caseSensitive" : false,
  "content" : "complete",
  "count" : 13,
  "concept" : [{
    "code" : "CLMSACCTYPES01",
    "display" : "FEMALE_MEDICAL",
    "definition" : "Female Medical"
  },
  {
    "code" : "CLMSACCTYPES02",
    "display" : "MALE_MEDICAL",
    "definition" : "Male Medical"
  },
  {
    "code" : "CLMSACCTYPES03",
    "display" : "FEMALE_SURGICAL",
    "definition" : "Female Surgical"
  },
  {
    "code" : "CLMSACCTYPES04",
    "display" : "MALE_SURGICAL",
    "definition" : "Male Surgical"
  },
  {
    "code" : "CLMSACCTYPES05",
    "display" : "GYNAECOLOGY",
    "definition" : "Gynaecology"
  },
  {
    "code" : "CLMSACCTYPES06",
    "display" : "MATERNITY",
    "definition" : "Maternity"
  },
  {
    "code" : "CLMSACCTYPES07",
    "display" : "NBU",
    "definition" : "New Born Unit"
  },
  {
    "code" : "CLMSACCTYPES08",
    "display" : "PSYCHIATRIC",
    "definition" : "Psychiatric Unit"
  },
  {
    "code" : "CLMSACCTYPES09",
    "display" : "BURNS",
    "definition" : "Burns"
  },
  {
    "code" : "CLMSACCTYPES10",
    "display" : "ICU",
    "definition" : "Intensive Care Unit"
  },
  {
    "code" : "CLMSACCTYPES11",
    "display" : "HDU",
    "definition" : "High Dependency Unit"
  },
  {
    "code" : "CLMSACCTYPES12",
    "display" : "NICU",
    "definition" : "Neonatal Intensive Care Unit"
  },
  {
    "code" : "CLMSACCTYPES13",
    "display" : "ISOLATION",
    "definition" : "Isolation"
  }]
}