{
  "resourceType" : "CodeSystem",
  "id" : "STOCKADJUSTMENTTYPE",
  "text" : {
    "status" : "generated",
    "div" : "<div xmlns=\"http://www.w3.org/1999/xhtml\"><p class=\"res-header-id\"><b>Generated Narrative: CodeSystem STOCKADJUSTMENTTYPE</b></p><a name=\"STOCKADJUSTMENTTYPE\"> </a><a name=\"hcSTOCKADJUSTMENTTYPE\"> </a><a name=\"STOCKADJUSTMENTTYPE-en-US\"> </a><p>This case-insensitive code system <code>https://intellisoft-consulting.github.io/igs/ChanjoKe-FHIR-IG/CodeSystem/STOCKADJUSTMENTTYPE</code> defines the following codes:</p><table class=\"codes\"><tr><td style=\"white-space:nowrap\"><b>Code</b></td><td><b>Display</b></td><td><b>Definition</b></td></tr><tr><td style=\"white-space:nowrap\">positiveAdjustment<a name=\"STOCKADJUSTMENTTYPE-positiveAdjustment\"> </a></td><td>Positive Adjustment</td><td>Positive Adjustment Type</td></tr><tr><td style=\"white-space:nowrap\">negativeAdjustment<a name=\"STOCKADJUSTMENTTYPE-negativeAdjustment\"> </a></td><td>Negative Adjustment</td><td>Stock Adjustment Type</td></tr></table></div>"
  },
  "url" : "https://intellisoft-consulting.github.io/igs/ChanjoKe-FHIR-IG/CodeSystem/STOCKADJUSTMENTTYPE",
  "version" : "0.1.0",
  "name" : "IMMZ_Z1",
  "title" : "codeSystem for Adjustment Type",
  "status" : "draft",
  "experimental" : false,
  "date" : "2024-08-27T20:30:12+00:00",
  "publisher" : "Intellisoft Consulting Ltd",
  "contact" : [{
    "name" : "Intellisoft Consulting Ltd",
    "telecom" : [{
      "system" : "url",
      "value" : "https://www.intellisoftkenya.com/"
    },
    {
      "system" : "email",
      "value" : "info[at]intellisoftkenya.com"
    }]
  }],
  "description" : "CodeSystem for Adjustment Type",
  "caseSensitive" : false,
  "content" : "complete",
  "count" : 2,
  "concept" : [{
    "code" : "positiveAdjustment",
    "display" : "Positive Adjustment",
    "definition" : "Positive Adjustment Type"
  },
  {
    "code" : "negativeAdjustment",
    "display" : "Negative Adjustment",
    "definition" : "Stock Adjustment Type"
  }]
}