{
  "resourceType" : "CommunicationRequest",
  "id" : "CommunicationRequestExample",
  "text" : {
    "status" : "generated",
    "div" : "<div xmlns=\"http://www.w3.org/1999/xhtml\"><p class=\"res-header-id\"><b>Generated Narrative: CommunicationRequest CommunicationRequestExample</b></p><a name=\"CommunicationRequestExample\"> </a><a name=\"hcCommunicationRequestExample\"> </a><a name=\"CommunicationRequestExample-en-US\"> </a><p><b>status</b>: Active</p></div>"
  },
  "status" : "active"
}