{
  "resourceType" : "Coverage",
  "id" : "CoverageExample",
  "text" : {
    "status" : "generated",
    "div" : "<div xmlns=\"http://www.w3.org/1999/xhtml\"><p class=\"res-header-id\"><b>Generated Narrative: Coverage CoverageExample</b></p><a name=\"CoverageExample\"> </a><a name=\"hcCoverageExample\"> </a><a name=\"CoverageExample-en-US\"> </a><p><b>status</b>: Active</p><p><b>beneficiary</b>: <a href=\"Patient-SHAPatientExample.html\">Eliud Kipchoge Kiptun Male, DoB: 1984-11-05 ( Unique Patient Identifier: 123456\u00a0(use:\u00a0official,\u00a0))</a></p><p><b>payor</b>: <a href=\"Patient-SHAPatientExample.html\">Eliud Kipchoge Kiptun Male, DoB: 1984-11-05 ( Unique Patient Identifier: 123456\u00a0(use:\u00a0official,\u00a0))</a></p></div>"
  },
  "status" : "active",
  "beneficiary" : {
    "reference" : "Patient/SHAPatientExample"
  },
  "payor" : [{
    "reference" : "Patient/SHAPatientExample"
  }]
}