{
  "resourceType" : "Encounter",
  "id" : "EncounterExample",
  "text" : {
    "status" : "generated",
    "div" : "<div xmlns=\"http://www.w3.org/1999/xhtml\"><p class=\"res-header-id\"><b>Generated Narrative: Encounter EncounterExample</b></p><a name=\"EncounterExample\"> </a><a name=\"hcEncounterExample\"> </a><a name=\"EncounterExample-en-US\"> </a><p><b>status</b>: Finished</p><p><b>class</b>: <a href=\"http://terminology.hl7.org/6.0.2/CodeSystem-v3-ActCode.html#v3-ActCode-AMB\">ActCode</a> AMB: ambulatory</p></div>"
  },
  "status" : "finished",
  "class" : {
    "system" : "http://terminology.hl7.org/CodeSystem/v3-ActCode",
    "code" : "AMB",
    "display" : "ambulatory"
  }
}