{
  "resourceType" : "Organization",
  "id" : "SHAOrganizationExample",
  "text" : {
    "status" : "generated",
    "div" : "<div xmlns=\"http://www.w3.org/1999/xhtml\"><p class=\"res-header-id\"><b>Generated Narrative: Organization SHAOrganizationExample</b></p><a name=\"SHAOrganizationExample\"> </a><a name=\"hcSHAOrganizationExample\"> </a><a name=\"SHAOrganizationExample-en-US\"> </a><p><b>identifier</b>: Facility Identifier/KMFL12345\u00a0(use:\u00a0official,\u00a0)</p><p><b>active</b>: true</p><p><b>type</b>: <span title=\"Codes:{http://example.org/fhir/organization-type hospital}\">Hospital</span></p><p><b>name</b>: Kenyatta National Hospital</p><p><b>address</b>: </p><h3>Contacts</h3><table class=\"grid\"><tr><td style=\"display: none\">-</td><td><b>Telecom</b></td></tr><tr><td style=\"display: none\">*</td><td><a href=\"tel:+123456789\">+123456789</a></td></tr></table></div>"
  },
  "extension" : [{
    "url" : "http://example.org/fhir/StructureDefinition/owner-id-number",
    "valueString" : "OWNER123"
  },
  {
    "url" : "http://example.org/fhir/StructureDefinition/owner-board-registration-number",
    "valueString" : "BOARD123"
  },
  {
    "url" : "http://example.org/fhir/StructureDefinition/owner-current-license-number",
    "valueString" : "LICENSE123"
  },
  {
    "url" : "http://example.org/fhir/StructureDefinition/facility-registration-number",
    "valueString" : "KMFL123"
  },
  {
    "url" : "http://example.org/fhir/StructureDefinition/current-license-type",
    "valueString" : "once"
  },
  {
    "url" : "http://example.org/fhir/StructureDefinition/current-license-number",
    "valueString" : "LICNUM123"
  },
  {
    "url" : "http://example.org/fhir/StructureDefinition/current-license-renewal-date",
    "valueDate" : "2025-01-01"
  },
  {
    "url" : "http://example.org/fhir/StructureDefinition/approved",
    "valueBoolean" : true
  },
  {
    "url" : "http://example.org/fhir/StructureDefinition/regulatory-body",
    "valueString" : "Regulatory Authority"
  },
  {
    "url" : "http://example.org/fhir/StructureDefinition/pcn",
    "valueString" : "PCN123"
  },
  {
    "url" : "http://example.org/fhir/StructureDefinition/parent-facility-code",
    "valueString" : "PARENT123"
  },
  {
    "url" : "http://example.org/fhir/StructureDefinition/facility-level",
    "valueString" : "l1"
  },
  {
    "url" : "http://example.org/fhir/StructureDefinition/facility-type-category",
    "valueString" : "General"
  },
  {
    "url" : "http://example.org/fhir/StructureDefinition/facility-category",
    "valueString" : "moh"
  },
  {
    "url" : "http://example.org/fhir/StructureDefinition/facility-owner",
    "valueString" : "MoH - Kenya"
  },
  {
    "url" : "http://example.org/fhir/StructureDefinition/number-of-beds",
    "valueInteger" : 100
  },
  {
    "url" : "http://example.org/fhir/StructureDefinition/maximum-bed-allocation",
    "valueInteger" : 120
  },
  {
    "url" : "http://example.org/fhir/StructureDefinition/number-of-cots",
    "valueInteger" : 50
  },
  {
    "url" : "http://example.org/fhir/StructureDefinition/admission-types",
    "valueString" : "emmergency"
  },
  {
    "url" : "http://example.org/fhir/StructureDefinition/open-whole-day",
    "valueBoolean" : true
  },
  {
    "url" : "http://example.org/fhir/StructureDefinition/open-public-holiday",
    "valueBoolean" : true
  },
  {
    "url" : "http://example.org/fhir/StructureDefinition/open-weekends",
    "valueBoolean" : true
  },
  {
    "url" : "http://example.org/fhir/StructureDefinition/open-late-night",
    "valueBoolean" : true
  },
  {
    "url" : "http://example.org/fhir/StructureDefinition/fund",
    "valueString" : "Public"
  }],
  "identifier" : [{
    "use" : "official",
    "type" : {
      "coding" : [{
        "system" : "http://example.org/fhir/identifier-type",
        "code" : "passport",
        "display" : "Facility Identifier"
      }]
    },
    "value" : "KMFL12345"
  }],
  "active" : true,
  "type" : [{
    "coding" : [{
      "system" : "http://example.org/fhir/organization-type",
      "code" : "hospital",
      "display" : "Hospital"
    }]
  }],
  "name" : "Kenyatta National Hospital",
  "address" : [{
    "extension" : [{
      "url" : "http://example.org/fhir/StructureDefinition/latitude",
      "valueString" : "-1.30054"
    },
    {
      "url" : "http://example.org/fhir/StructureDefinition/longitude",
      "valueString" : "36.80695"
    },
    {
      "url" : "http://example.org/fhir/StructureDefinition/ward",
      "valueCode" : "mombasa"
    },
    {
      "url" : "http://example.org/fhir/StructureDefinition/constituency",
      "valueString" : "Starehe"
    },
    {
      "url" : "http://example.org/fhir/StructureDefinition/sub-county",
      "valueCode" : "mombasa"
    },
    {
      "url" : "http://example.org/fhir/StructureDefinition/county",
      "valueCode" : "mombasa"
    },
    {
      "url" : "http://example.org/fhir/StructureDefinition/physical-address",
      "valueString" : "Nairobi upperhill"
    }]
  }],
  "contact" : [{
    "telecom" : [{
      "system" : "phone",
      "value" : "+123456789",
      "use" : "work"
    }]
  }]
}