{
  "resourceType" : "Practitioner",
  "id" : "KenyanPractitionerExample",
  "meta" : {
    "profile" : ["https://intellisoft-consulting.github.io/igs/ChanjoKe-FHIR-IG/StructureDefinition/KenyanPractitioner"]
  },
  "text" : {
    "status" : "generated",
    "div" : "<div xmlns=\"http://www.w3.org/1999/xhtml\"><p class=\"res-header-id\"><b>Generated Narrative: Practitioner KenyanPractitionerExample</b></p><a name=\"KenyanPractitionerExample\"> </a><a name=\"hcKenyanPractitionerExample\"> </a><a name=\"KenyanPractitionerExample-en-US\"> </a><p><b>identifier</b>: <code>https://intellisoft-consulting.github.io/igs/ChanjoKe-FHIR-IG/kenya/practitioner</code>/123456\u00a0(use:\u00a0official,\u00a0)</p><p><b>name</b>: John Doe </p><p><b>telecom</b>: ph: 0722000000</p><p><b>birthDate</b>: 1980-01-01</p></div>"
  },
  "extension" : [{
    "url" : "https://intellisoft-consulting.github.io/igs/ChanjoKe-FHIR-IG/StructureDefinition/kenya-administrative-gender-extension",
    "valueCode" : "DE6"
  }],
  "identifier" : [{
    "use" : "official",
    "system" : "https://intellisoft-consulting.github.io/igs/ChanjoKe-FHIR-IG/kenya/practitioner",
    "value" : "123456"
  }],
  "name" : [{
    "family" : "Doe",
    "given" : ["John"]
  }],
  "telecom" : [{
    "system" : "phone",
    "value" : "0722000000"
  }],
  "birthDate" : "1980-01-01"
}