{
  "resourceType" : "Practitioner",
  "id" : "PractitionerExample",
  "text" : {
    "status" : "generated",
    "div" : "<div xmlns=\"http://www.w3.org/1999/xhtml\"><p class=\"res-header-id\"><b>Generated Narrative: Practitioner PractitionerExample</b></p><a name=\"PractitionerExample\"> </a><a name=\"hcPractitionerExample\"> </a><a name=\"PractitionerExample-en-US\"> </a><p><b>identifier</b>: <code>http://example.org/fhir/systems/practitioner-identifier</code>/123456</p><p><b>name</b>: John Doe </p><p><b>gender</b>: Male</p><p><b>birthDate</b>: 1970-01-01</p><blockquote><p><b>qualification</b></p><p><b>code</b>: <span title=\"Codes:{http://terminology.hl7.org/CodeSystem/v2-0360|2.7 MD}\">Doctor of Medicine</span></p><p><b>period</b>: 2000-01-01 --&gt; 2025-01-01</p></blockquote></div>"
  },
  "extension" : [{
    "url" : "https://shr.tiberbuapps.com/fhir/StructureDefinition/professional-cadre",
    "valueCodeableConcept" : {
      "coding" : [{
        "code" : "general-practitioner"
      }]
    }
  },
  {
    "url" : "https://shr.tiberbuapps.com/fhir/StructureDefinition/specialty",
    "valueCodeableConcept" : {
      "coding" : [{
        "code" : "internal-medicine"
      }]
    }
  }],
  "identifier" : [{
    "system" : "http://example.org/fhir/systems/practitioner-identifier",
    "value" : "123456"
  }],
  "name" : [{
    "family" : "Doe",
    "given" : ["John"],
    "prefix" : ["Dr."]
  }],
  "gender" : "male",
  "birthDate" : "1970-01-01",
  "qualification" : [{
    "extension" : [{
      "url" : "https://shr.tiberbuapps.com/fhir/StructureDefinition/qualification-type",
      "valueCode" : "licence"
    },
    {
      "url" : "https://shr.tiberbuapps.com/fhir/StructureDefinition/qualification-institution",
      "valueCode" : "HarvardMedicalSchool\""
    },
    {
      "url" : "https://shr.tiberbuapps.com/fhir/StructureDefinition/qualification",
      "valueString" : "Doctor of Medicine"
    },
    {
      "url" : "https://shr.tiberbuapps.com/fhir/StructureDefinition/operational-status",
      "valueCode" : "active"
    },
    {
      "url" : "https://shr.tiberbuapps.com/fhir/StructureDefinition/board-registration-number",
      "valueString" : "BRN12345"
    },
    {
      "url" : "https://shr.tiberbuapps.com/fhir/StructureDefinition/license-renewal-duration",
      "valueCode" : "annual"
    },
    {
      "url" : "https://shr.tiberbuapps.com/fhir/StructureDefinition/practitioner-license-number",
      "valueString" : "PLN12345"
    }],
    "code" : {
      "coding" : [{
        "system" : "http://terminology.hl7.org/CodeSystem/v2-0360|2.7",
        "code" : "MD"
      }]
    },
    "period" : {
      "start" : "2000-01-01",
      "end" : "2025-01-01"
    }
  }]
}