{
  "resourceType" : "SupplyDelivery",
  "id" : "SupplyDeliveryProfileExample",
  "meta" : {
    "profile" : ["https://intellisoft-consulting.github.io/igs/ChanjoKe-FHIR-IG/StructureDefinition/SupplyDeliveryProfile"]
  },
  "text" : {
    "status" : "generated",
    "div" : "<div xmlns=\"http://www.w3.org/1999/xhtml\"><p class=\"res-header-id\"><b>Generated Narrative: SupplyDelivery SupplyDeliveryProfileExample</b></p><a name=\"SupplyDeliveryProfileExample\"> </a><a name=\"hcSupplyDeliveryProfileExample\"> </a><a name=\"SupplyDeliveryProfileExample-en-US\"> </a><p><b>identifier</b>: <code>https://intellisoft-consulting.github.io/igs/ChanjoKe-FHIR-IG/supply-delivery</code>/123456\u00a0(use:\u00a0official,\u00a0)</p><p><b>type</b>: <span title=\"Codes:{http://terminology.hl7.org/CodeSystem/supply-item-type medication}\">Medication</span></p><h3>SuppliedItems</h3><table class=\"grid\"><tr><td style=\"display: none\">-</td><td><b>Quantity</b></td><td><b>Item[x]</b></td></tr><tr><td style=\"display: none\">*</td><td>10</td><td><a href=\"Medication-MedicationExample.html\">Medication Codeine phosphate</a></td></tr></table></div>"
  },
  "extension" : [{
    "url" : "https://intellisoft-consulting.github.io/igs/ChanjoKe-FHIR-IG/StructureDefinition/date-received",
    "valueDate" : "2020-02-02"
  },
  {
    "url" : "https://intellisoft-consulting.github.io/igs/ChanjoKe-FHIR-IG/StructureDefinition/origin",
    "valueString" : "Nairobi"
  },
  {
    "url" : "https://intellisoft-consulting.github.io/igs/ChanjoKe-FHIR-IG/StructureDefinition/order-number",
    "valueInteger" : 123456
  },
  {
    "url" : "https://intellisoft-consulting.github.io/igs/ChanjoKe-FHIR-IG/StructureDefinition/vaccine",
    "valueCode" : "11485-0"
  },
  {
    "url" : "https://intellisoft-consulting.github.io/igs/ChanjoKe-FHIR-IG/StructureDefinition/expiry-date",
    "valueDate" : "2020-02-02"
  },
  {
    "url" : "https://intellisoft-consulting.github.io/igs/ChanjoKe-FHIR-IG/StructureDefinition/stock-quantity",
    "valueInteger" : 100
  },
  {
    "url" : "https://intellisoft-consulting.github.io/igs/ChanjoKe-FHIR-IG/StructureDefinition/manufacturer-details",
    "valueString" : "Manufacturer details"
  },
  {
    "url" : "https://intellisoft-consulting.github.io/igs/ChanjoKe-FHIR-IG/StructureDefinition/allocated-quantity",
    "valueInteger" : 50
  },
  {
    "url" : "https://intellisoft-consulting.github.io/igs/ChanjoKe-FHIR-IG/StructureDefinition/remaining-quantity",
    "valueInteger" : 50
  },
  {
    "url" : "https://intellisoft-consulting.github.io/igs/ChanjoKe-FHIR-IG/StructureDefinition/issue-date",
    "valueDate" : "2020-02-02"
  },
  {
    "url" : "https://intellisoft-consulting.github.io/igs/ChanjoKe-FHIR-IG/StructureDefinition/stock-location",
    "valueString" : "Nairobi"
  },
  {
    "url" : "https://intellisoft-consulting.github.io/igs/ChanjoKe-FHIR-IG/StructureDefinition/batch-number",
    "valueString" : "123456"
  },
  {
    "url" : "https://intellisoft-consulting.github.io/igs/ChanjoKe-FHIR-IG/StructureDefinition/quantity-issued",
    "valueInteger" : 10
  },
  {
    "url" : "https://intellisoft-consulting.github.io/igs/ChanjoKe-FHIR-IG/StructureDefinition/vvm-status",
    "valueString" : "done"
  },
  {
    "url" : "https://intellisoft-consulting.github.io/igs/ChanjoKe-FHIR-IG/StructureDefinition/reason-for-adjustment",
    "valueString" : "Reason for adjustment"
  },
  {
    "url" : "https://intellisoft-consulting.github.io/igs/ChanjoKe-FHIR-IG/StructureDefinition/stock-origin",
    "valueString" : "Nairobi"
  },
  {
    "url" : "https://intellisoft-consulting.github.io/igs/ChanjoKe-FHIR-IG/StructureDefinition/previous-vvm",
    "valueString" : "done"
  },
  {
    "url" : "https://intellisoft-consulting.github.io/igs/ChanjoKe-FHIR-IG/StructureDefinition/new-vvm",
    "valueString" : "done"
  },
  {
    "url" : "https://intellisoft-consulting.github.io/igs/ChanjoKe-FHIR-IG/StructureDefinition/physical-count",
    "valueInteger" : 50
  },
  {
    "url" : "https://intellisoft-consulting.github.io/igs/ChanjoKe-FHIR-IG/StructureDefinition/stock-adjustment-date",
    "valueDate" : "2020-02-02"
  }],
  "identifier" : [{
    "use" : "official",
    "system" : "https://intellisoft-consulting.github.io/igs/ChanjoKe-FHIR-IG/supply-delivery",
    "value" : "123456"
  }],
  "type" : {
    "coding" : [{
      "system" : "http://terminology.hl7.org/CodeSystem/supply-item-type",
      "code" : "medication",
      "display" : "Medication"
    }],
    "text" : "Medication"
  },
  "suppliedItem" : {
    "quantity" : {
      "value" : 10
    },
    "itemReference" : {
      "reference" : "Medication/MedicationExample"
    }
  }
}