{
  "resourceType" : "ValueSet",
  "id" : "FacilityCategoryVS",
  "text" : {
    "status" : "extensions",
    "div" : "<div xmlns=\"http://www.w3.org/1999/xhtml\"><p class=\"res-header-id\"><b>Generated Narrative: ValueSet FacilityCategoryVS</b></p><a name=\"FacilityCategoryVS\"> </a><a name=\"hcFacilityCategoryVS\"> </a><a name=\"FacilityCategoryVS-en-US\"> </a><ul><li>Include these codes as defined in <a href=\"CodeSystem-KNHTS.FACILITYCATEGORY.html\"><code>https://shr.tiberbuapps.com/fhir/CodeSystem/KNHTS.FACILITYCATEGORY</code></a><table class=\"none\"><tr><td style=\"white-space:nowrap\"><b>Code</b></td><td><b>Display</b></td><td><b>Definition</b></td></tr><tr><td><a href=\"CodeSystem-KNHTS.FACILITYCATEGORY.html#KNHTS.FACILITYCATEGORY-moh\">moh</a></td><td style=\"color: #cccccc\">MOH</td><td>MOH</td></tr><tr><td><a href=\"CodeSystem-KNHTS.FACILITYCATEGORY.html#KNHTS.FACILITYCATEGORY-private\">private</a></td><td style=\"color: #cccccc\">Private</td><td>Private</td></tr><tr><td><a href=\"CodeSystem-KNHTS.FACILITYCATEGORY.html#KNHTS.FACILITYCATEGORY-faithbased\">faithbased</a></td><td style=\"color: #cccccc\">Faith based</td><td>Faith based</td></tr></table></li></ul></div>"
  },
  "url" : "https://shr.tiberbuapps.com/fhir/ValueSet/FacilityCategoryVS",
  "version" : "0.1.0",
  "name" : "FACILITYCATEGORY",
  "title" : "Code Systems Facility Category",
  "status" : "draft",
  "experimental" : false,
  "date" : "2024-08-23T12:29:17+03:00",
  "publisher" : "intellisoftkenya",
  "contact" : [{
    "name" : "intellisoftkenya",
    "telecom" : [{
      "system" : "url",
      "value" : "http://example.org/example-publisher"
    }]
  }],
  "description" : "Code Systems Facility Category",
  "compose" : {
    "include" : [{
      "system" : "https://shr.tiberbuapps.com/fhir/CodeSystem/KNHTS.FACILITYCATEGORY",
      "concept" : [{
        "code" : "moh"
      },
      {
        "code" : "private"
      },
      {
        "code" : "faithbased"
      }]
    }]
  }
}