{
  "resourceType" : "ValueSet",
  "id" : "LicenseRenewalDurationVS",
  "text" : {
    "status" : "extensions",
    "div" : "<div xmlns=\"http://www.w3.org/1999/xhtml\"><p class=\"res-header-id\"><b>Generated Narrative: ValueSet LicenseRenewalDurationVS</b></p><a name=\"LicenseRenewalDurationVS\"> </a><a name=\"hcLicenseRenewalDurationVS\"> </a><a name=\"LicenseRenewalDurationVS-en-US\"> </a><ul><li>Include these codes as defined in <a href=\"CodeSystem-KNHTS.CURRENTRENEWALDURATION.html\"><code>https://shr.tiberbuapps.com/fhir/CodeSystem/KNHTS.CURRENTRENEWALDURATION</code></a><table class=\"none\"><tr><td style=\"white-space:nowrap\"><b>Code</b></td><td><b>Display</b></td><td><b>Definition</b></td></tr><tr><td><a href=\"CodeSystem-KNHTS.CURRENTRENEWALDURATION.html#KNHTS.CURRENTRENEWALDURATION-once\">once</a></td><td style=\"color: #cccccc\">Once</td><td>Once</td></tr><tr><td><a href=\"CodeSystem-KNHTS.CURRENTRENEWALDURATION.html#KNHTS.CURRENTRENEWALDURATION-semiAnnual\">semiAnnual</a></td><td style=\"color: #cccccc\">Semi-Annual</td><td>Semi-Annual</td></tr><tr><td><a href=\"CodeSystem-KNHTS.CURRENTRENEWALDURATION.html#KNHTS.CURRENTRENEWALDURATION-annual\">annual</a></td><td style=\"color: #cccccc\">Annual</td><td>Annual</td></tr><tr><td><a href=\"CodeSystem-KNHTS.CURRENTRENEWALDURATION.html#KNHTS.CURRENTRENEWALDURATION-other\">other</a></td><td style=\"color: #cccccc\">Other</td><td>Other</td></tr></table></li></ul></div>"
  },
  "url" : "https://shr.tiberbuapps.com/fhir/ValueSet/LicenseRenewalDurationVS",
  "version" : "0.1.0",
  "name" : "LICENSECURRENTRENEWALDURATION",
  "title" : "Practitioner's License Current Renewal Duration",
  "status" : "draft",
  "experimental" : false,
  "date" : "2024-08-23T12:29:17+03:00",
  "publisher" : "intellisoftkenya",
  "contact" : [{
    "name" : "intellisoftkenya",
    "telecom" : [{
      "system" : "url",
      "value" : "http://example.org/example-publisher"
    }]
  }],
  "description" : "Practitioner's License Current Renewal Duration",
  "compose" : {
    "include" : [{
      "system" : "https://shr.tiberbuapps.com/fhir/CodeSystem/KNHTS.CURRENTRENEWALDURATION",
      "concept" : [{
        "code" : "once"
      },
      {
        "code" : "semiAnnual"
      },
      {
        "code" : "annual"
      },
      {
        "code" : "other"
      }]
    }]
  }
}