{
  "resourceType" : "ValueSet",
  "id" : "placeOfVaccination",
  "text" : {
    "status" : "generated",
    "div" : "<div xmlns=\"http://www.w3.org/1999/xhtml\"><p class=\"res-header-id\"><b>Generated Narrative: ValueSet placeOfVaccination</b></p><a name=\"placeOfVaccination\"> </a><a name=\"hcplaceOfVaccination\"> </a><a name=\"placeOfVaccination-en-US\"> </a><ul><li>Include these codes as defined in <a href=\"CodeSystem-IMMZ.B1.DE13.html\"><code>https://intellisoft-consulting.github.io/igs/ChanjoKe-FHIR-IG/CodeSystem/IMMZ.B1.DE13</code></a><table class=\"none\"><tr><td style=\"white-space:nowrap\"><b>Code</b></td><td><b>Display</b></td></tr><tr><td><a href=\"CodeSystem-IMMZ.B1.DE13.html#IMMZ.B1.DE13-DE14\">DE14</a></td><td style=\"color: #cccccc\">Facility</td></tr><tr><td><a href=\"CodeSystem-IMMZ.B1.DE13.html#IMMZ.B1.DE13-DE15\">DE15</a></td><td style=\"color: #cccccc\">Outreach</td></tr></table></li></ul></div>"
  },
  "url" : "https://intellisoft-consulting.github.io/igs/ChanjoKe-FHIR-IG/ValueSet/placeOfVaccination",
  "version" : "0.1.0",
  "name" : "IMMZB1DE13VS",
  "title" : "Place of Vaccination",
  "status" : "draft",
  "experimental" : false,
  "date" : "2024-08-27T20:30:12+00:00",
  "publisher" : "Intellisoft Consulting Ltd",
  "contact" : [{
    "name" : "Intellisoft Consulting Ltd",
    "telecom" : [{
      "system" : "url",
      "value" : "https://www.intellisoftkenya.com/"
    },
    {
      "system" : "email",
      "value" : "info[at]intellisoftkenya.com"
    }]
  }],
  "description" : "Place of Vaccination",
  "compose" : {
    "include" : [{
      "system" : "https://intellisoft-consulting.github.io/igs/ChanjoKe-FHIR-IG/CodeSystem/IMMZ.B1.DE13",
      "concept" : [{
        "code" : "DE14"
      },
      {
        "code" : "DE15"
      }]
    }]
  }
}