{
  "resourceType" : "ValueSet",
  "id" : "typeOfLastRotavirusDoseVS",
  "text" : {
    "status" : "generated",
    "div" : "<div xmlns=\"http://www.w3.org/1999/xhtml\"><p class=\"res-header-id\"><b>Generated Narrative: ValueSet typeOfLastRotavirusDoseVS</b></p><a name=\"typeOfLastRotavirusDoseVS\"> </a><a name=\"hctypeOfLastRotavirusDoseVS\"> </a><a name=\"typeOfLastRotavirusDoseVS-en-US\"> </a><ul><li>Include these codes as defined in <a href=\"CodeSystem-IMMZ.B.html\"><code>https://intellisoft-consulting.github.io/igs/ChanjoKe-FHIR-IG/CodeSystem/IMMZ.B</code></a><table class=\"none\"><tr><td style=\"white-space:nowrap\"><b>Code</b></td><td><b>Display</b></td></tr><tr><td><a href=\"CodeSystem-IMMZ.B.html#IMMZ.B-DE45\">DE45</a></td><td>Rotavirus-1</td></tr><tr><td><a href=\"CodeSystem-IMMZ.B.html#IMMZ.B-DE46\">DE46</a></td><td>Rotavirus-2</td></tr><tr><td><a href=\"CodeSystem-IMMZ.B.html#IMMZ.B-DE47\">DE47</a></td><td>Rotavirus-3</td></tr></table></li></ul></div>"
  },
  "url" : "https://intellisoft-consulting.github.io/igs/ChanjoKe-FHIR-IG/ValueSet/typeOfLastRotavirusDoseVS",
  "version" : "0.1.0",
  "name" : "IMMZB1DE44VS",
  "title" : "Type of last Rotavirus dose",
  "status" : "draft",
  "experimental" : false,
  "date" : "2024-08-27T20:30:12+00:00",
  "publisher" : "Intellisoft Consulting Ltd",
  "contact" : [{
    "name" : "Intellisoft Consulting Ltd",
    "telecom" : [{
      "system" : "url",
      "value" : "https://www.intellisoftkenya.com/"
    },
    {
      "system" : "email",
      "value" : "info[at]intellisoftkenya.com"
    }]
  }],
  "description" : "Type of last Rotavirus dose",
  "compose" : {
    "include" : [{
      "system" : "https://intellisoft-consulting.github.io/igs/ChanjoKe-FHIR-IG/CodeSystem/IMMZ.B",
      "concept" : [{
        "code" : "DE45",
        "display" : "Rotavirus-1"
      },
      {
        "code" : "DE46",
        "display" : "Rotavirus-2"
      },
      {
        "code" : "DE47",
        "display" : "Rotavirus-3"
      }]
    }]
  }
}