{
  "resourceType" : "ValueSet",
  "id" : "exposedToCloseContactWithTBVs",
  "text" : {
    "status" : "generated",
    "div" : "<div xmlns=\"http://www.w3.org/1999/xhtml\"><p class=\"res-header-id\"><b>Generated Narrative: ValueSet exposedToCloseContactWithTBVs</b></p><a name=\"exposedToCloseContactWithTBVs\"> </a><a name=\"hcexposedToCloseContactWithTBVs\"> </a><a name=\"exposedToCloseContactWithTBVs-en-US\"> </a><ul><li>Include these codes as defined in <a href=\"CodeSystem-IMMZ.B.html\"><code>https://intellisoft-consulting.github.io/igs/ChanjoKe-FHIR-IG/CodeSystem/IMMZ.B</code></a><table class=\"none\"><tr><td style=\"white-space:nowrap\"><b>Code</b></td><td><b>Display</b></td></tr><tr><td><a href=\"CodeSystem-IMMZ.B.html#IMMZ.B-DE34\">DE34</a></td><td>Yes</td></tr><tr><td><a href=\"CodeSystem-IMMZ.B.html#IMMZ.B-DE35\">DE35</a></td><td>No</td></tr></table></li></ul></div>"
  },
  "url" : "https://intellisoft-consulting.github.io/igs/ChanjoKe-FHIR-IG/ValueSet/exposedToCloseContactWithTBVs",
  "version" : "0.1.0",
  "name" : "IMMZB1DE33VS",
  "title" : "Exposed to close contact with TB",
  "status" : "draft",
  "experimental" : false,
  "date" : "2024-08-27T20:30:12+00:00",
  "publisher" : "Intellisoft Consulting Ltd",
  "contact" : [{
    "name" : "Intellisoft Consulting Ltd",
    "telecom" : [{
      "system" : "url",
      "value" : "https://www.intellisoftkenya.com/"
    },
    {
      "system" : "email",
      "value" : "info[at]intellisoftkenya.com"
    }]
  }],
  "description" : "Exposed to close contact with TB",
  "compose" : {
    "include" : [{
      "system" : "https://intellisoft-consulting.github.io/igs/ChanjoKe-FHIR-IG/CodeSystem/IMMZ.B",
      "concept" : [{
        "code" : "DE34",
        "display" : "Yes"
      },
      {
        "code" : "DE35",
        "display" : "No"
      }]
    }]
  }
}