{
  "resourceType" : "ValueSet",
  "id" : "PractitionerOperationalStatusVS",
  "text" : {
    "status" : "extensions",
    "div" : "<div xmlns=\"http://www.w3.org/1999/xhtml\"><p class=\"res-header-id\"><b>Generated Narrative: ValueSet PractitionerOperationalStatusVS</b></p><a name=\"PractitionerOperationalStatusVS\"> </a><a name=\"hcPractitionerOperationalStatusVS\"> </a><a name=\"PractitionerOperationalStatusVS-en-US\"> </a><ul><li>Include these codes as defined in <a href=\"CodeSystem-KNHTS.OPERATIONALSTATUS.html\"><code>https://shr.tiberbuapps.com/fhir/CodeSystem/KNHTS.OPERATIONALSTATUS</code></a><table class=\"none\"><tr><td style=\"white-space:nowrap\"><b>Code</b></td><td><b>Display</b></td><td><b>Definition</b></td></tr><tr><td><a href=\"CodeSystem-KNHTS.OPERATIONALSTATUS.html#KNHTS.OPERATIONALSTATUS-active\">active</a></td><td style=\"color: #cccccc\">Active</td><td>Active</td></tr><tr><td><a href=\"CodeSystem-KNHTS.OPERATIONALSTATUS.html#KNHTS.OPERATIONALSTATUS-suspended\">suspended</a></td><td style=\"color: #cccccc\">Suspended</td><td>Suspended</td></tr><tr><td><a href=\"CodeSystem-KNHTS.OPERATIONALSTATUS.html#KNHTS.OPERATIONALSTATUS-revoked\">revoked</a></td><td style=\"color: #cccccc\">Revoked</td><td>Revoked</td></tr></table></li></ul></div>"
  },
  "url" : "https://shr.tiberbuapps.com/fhir/ValueSet/PractitionerOperationalStatusVS",
  "version" : "0.1.0",
  "name" : "PRACTQUALIFICATIONTYPE",
  "title" : "Practitioner's Operational Status",
  "status" : "draft",
  "experimental" : false,
  "date" : "2024-08-23T12:29:17+03:00",
  "publisher" : "intellisoftkenya",
  "contact" : [{
    "name" : "intellisoftkenya",
    "telecom" : [{
      "system" : "url",
      "value" : "http://example.org/example-publisher"
    }]
  }],
  "description" : "Practitioner's Operational Status",
  "compose" : {
    "include" : [{
      "system" : "https://shr.tiberbuapps.com/fhir/CodeSystem/KNHTS.OPERATIONALSTATUS",
      "concept" : [{
        "code" : "active"
      },
      {
        "code" : "suspended"
      },
      {
        "code" : "revoked"
      }]
    }]
  }
}