{
  "resourceType" : "ValueSet",
  "id" : "CodeSystemsVS",
  "text" : {
    "status" : "extensions",
    "div" : "<div xmlns=\"http://www.w3.org/1999/xhtml\"><p class=\"res-header-id\"><b>Generated Narrative: ValueSet CodeSystemsVS</b></p><a name=\"CodeSystemsVS\"> </a><a name=\"hcCodeSystemsVS\"> </a><a name=\"CodeSystemsVS-en-US\"> </a><ul><li>Include these codes as defined in <a href=\"CodeSystem-KNHTS.CODESYSTEMS.html\"><code>https://shr.tiberbuapps.com/fhir/CodeSystem/KNHTS.CODESYSTEMS</code></a><table class=\"none\"><tr><td style=\"white-space:nowrap\"><b>Code</b></td><td><b>Display</b></td><td><b>Definition</b></td></tr><tr><td><a href=\"CodeSystem-KNHTS.CODESYSTEMS.html#KNHTS.CODESYSTEMS-knhts\">knhts</a></td><td style=\"color: #cccccc\">http://knhts.health.go.ke</td><td>http://knhts.health.go.ke</td></tr><tr><td><a href=\"CodeSystem-KNHTS.CODESYSTEMS.html#KNHTS.CODESYSTEMS-loinc\">loinc</a></td><td style=\"color: #cccccc\">http://loinc.org</td><td>http://loinc.org</td></tr><tr><td><a href=\"CodeSystem-KNHTS.CODESYSTEMS.html#KNHTS.CODESYSTEMS-icd11\">icd11</a></td><td style=\"color: #cccccc\">https://icd.who.int/</td><td>https://icd.who.int</td></tr><tr><td><a href=\"CodeSystem-KNHTS.CODESYSTEMS.html#KNHTS.CODESYSTEMS-clientRegistry\">clientRegistry</a></td><td style=\"color: #cccccc\">https:example.cr/</td><td>https:example.cr/</td></tr></table></li></ul></div>"
  },
  "url" : "https://shr.tiberbuapps.com/fhir/ValueSet/CodeSystemsVS",
  "version" : "0.1.0",
  "name" : "PT_CODESYSTEMS",
  "title" : "Code Systems ValueSet",
  "status" : "draft",
  "experimental" : false,
  "date" : "2024-08-23T12:29:17+03:00",
  "publisher" : "intellisoftkenya",
  "contact" : [{
    "name" : "intellisoftkenya",
    "telecom" : [{
      "system" : "url",
      "value" : "http://example.org/example-publisher"
    }]
  }],
  "description" : "Code Systems ValueSet",
  "compose" : {
    "include" : [{
      "system" : "https://shr.tiberbuapps.com/fhir/CodeSystem/KNHTS.CODESYSTEMS",
      "concept" : [{
        "code" : "knhts"
      },
      {
        "code" : "loinc"
      },
      {
        "code" : "icd11"
      },
      {
        "code" : "clientRegistry"
      }]
    }]
  }
}