{
  "resourceType" : "ValueSet",
  "id" : "typeOfLastHPVDoseVS",
  "text" : {
    "status" : "generated",
    "div" : "<div xmlns=\"http://www.w3.org/1999/xhtml\"><p class=\"res-header-id\"><b>Generated Narrative: ValueSet typeOfLastHPVDoseVS</b></p><a name=\"typeOfLastHPVDoseVS\"> </a><a name=\"hctypeOfLastHPVDoseVS\"> </a><a name=\"typeOfLastHPVDoseVS-en-US\"> </a><ul><li>Include these codes as defined in <a href=\"CodeSystem-IMMZ.B.html\"><code>https://intellisoft-consulting.github.io/igs/ChanjoKe-FHIR-IG/CodeSystem/IMMZ.B</code></a><table class=\"none\"><tr><td style=\"white-space:nowrap\"><b>Code</b></td><td><b>Display</b></td></tr><tr><td><a href=\"CodeSystem-IMMZ.B.html#IMMZ.B-DE55\">DE55</a></td><td>HPV-1</td></tr><tr><td><a href=\"CodeSystem-IMMZ.B.html#IMMZ.B-DE56\">DE56</a></td><td>HPV-2</td></tr></table></li></ul></div>"
  },
  "url" : "https://intellisoft-consulting.github.io/igs/ChanjoKe-FHIR-IG/ValueSet/typeOfLastHPVDoseVS",
  "version" : "0.1.0",
  "name" : "IMMZB1DE54VS",
  "title" : "Type of last HPV dose",
  "status" : "draft",
  "experimental" : false,
  "date" : "2024-08-27T20:30:12+00:00",
  "publisher" : "Intellisoft Consulting Ltd",
  "contact" : [{
    "name" : "Intellisoft Consulting Ltd",
    "telecom" : [{
      "system" : "url",
      "value" : "https://www.intellisoftkenya.com/"
    },
    {
      "system" : "email",
      "value" : "info[at]intellisoftkenya.com"
    }]
  }],
  "description" : "Type of last HPV dose",
  "compose" : {
    "include" : [{
      "system" : "https://intellisoft-consulting.github.io/igs/ChanjoKe-FHIR-IG/CodeSystem/IMMZ.B",
      "concept" : [{
        "code" : "DE55",
        "display" : "HPV-1"
      },
      {
        "code" : "DE56",
        "display" : "HPV-2"
      }]
    }]
  }
}