{
  "resourceType" : "ValueSet",
  "id" : "StockAdjustmentVs",
  "text" : {
    "status" : "extensions",
    "div" : "<div xmlns=\"http://www.w3.org/1999/xhtml\"><p class=\"res-header-id\"><b>Generated Narrative: ValueSet StockAdjustmentVs</b></p><a name=\"StockAdjustmentVs\"> </a><a name=\"hcStockAdjustmentVs\"> </a><a name=\"StockAdjustmentVs-en-US\"> </a><ul><li>Include these codes as defined in <a href=\"CodeSystem-STOCKADJUSTMENTTYPE.html\"><code>https://intellisoft-consulting.github.io/igs/ChanjoKe-FHIR-IG/CodeSystem/STOCKADJUSTMENTTYPE</code></a><table class=\"none\"><tr><td style=\"white-space:nowrap\"><b>Code</b></td><td><b>Display</b></td><td><b>Definition</b></td></tr><tr><td><a href=\"CodeSystem-STOCKADJUSTMENTTYPE.html#STOCKADJUSTMENTTYPE-positiveAdjustment\">positiveAdjustment</a></td><td style=\"color: #cccccc\">Positive Adjustment</td><td>Positive Adjustment Type</td></tr><tr><td><a href=\"CodeSystem-STOCKADJUSTMENTTYPE.html#STOCKADJUSTMENTTYPE-negativeAdjustment\">negativeAdjustment</a></td><td style=\"color: #cccccc\">Negative Adjustment</td><td>Stock Adjustment Type</td></tr></table></li></ul></div>"
  },
  "url" : "https://intellisoft-consulting.github.io/igs/ChanjoKe-FHIR-IG/ValueSet/StockAdjustmentVs",
  "version" : "0.1.0",
  "name" : "STOCKADJUSTMENTS",
  "title" : "Stock Adjustment",
  "status" : "draft",
  "experimental" : false,
  "date" : "2024-08-27T20:30:12+00:00",
  "publisher" : "Intellisoft Consulting Ltd",
  "contact" : [{
    "name" : "Intellisoft Consulting Ltd",
    "telecom" : [{
      "system" : "url",
      "value" : "https://www.intellisoftkenya.com/"
    },
    {
      "system" : "email",
      "value" : "info[at]intellisoftkenya.com"
    }]
  }],
  "description" : "Stock Adjustment",
  "compose" : {
    "include" : [{
      "system" : "https://intellisoft-consulting.github.io/igs/ChanjoKe-FHIR-IG/CodeSystem/STOCKADJUSTMENTTYPE",
      "concept" : [{
        "code" : "positiveAdjustment"
      },
      {
        "code" : "negativeAdjustment"
      }]
    }]
  }
}