{
  "resourceType" : "ValueSet",
  "id" : "typeOfLastPCV10DoseVS",
  "text" : {
    "status" : "generated",
    "div" : "<div xmlns=\"http://www.w3.org/1999/xhtml\"><p class=\"res-header-id\"><b>Generated Narrative: ValueSet typeOfLastPCV10DoseVS</b></p><a name=\"typeOfLastPCV10DoseVS\"> </a><a name=\"hctypeOfLastPCV10DoseVS\"> </a><a name=\"typeOfLastPCV10DoseVS-en-US\"> </a><ul><li>Include these codes as defined in <a href=\"CodeSystem-IMMZ.B.html\"><code>https://intellisoft-consulting.github.io/igs/ChanjoKe-FHIR-IG/CodeSystem/IMMZ.B</code></a><table class=\"none\"><tr><td style=\"white-space:nowrap\"><b>Code</b></td><td><b>Display</b></td></tr><tr><td><a href=\"CodeSystem-IMMZ.B.html#IMMZ.B-DE59\">DE59</a></td><td>PCV10-1</td></tr><tr><td><a href=\"CodeSystem-IMMZ.B.html#IMMZ.B-DE60\">DE60</a></td><td>PCV10-2</td></tr><tr><td><a href=\"CodeSystem-IMMZ.B.html#IMMZ.B-DE61\">DE61</a></td><td>PCV10-3</td></tr></table></li></ul></div>"
  },
  "url" : "https://intellisoft-consulting.github.io/igs/ChanjoKe-FHIR-IG/ValueSet/typeOfLastPCV10DoseVS",
  "version" : "0.1.0",
  "name" : "IMMZB1DE58VS",
  "title" : "Type of last PCV10 dose",
  "status" : "draft",
  "experimental" : false,
  "date" : "2024-08-27T20:30:12+00:00",
  "publisher" : "Intellisoft Consulting Ltd",
  "contact" : [{
    "name" : "Intellisoft Consulting Ltd",
    "telecom" : [{
      "system" : "url",
      "value" : "https://www.intellisoftkenya.com/"
    },
    {
      "system" : "email",
      "value" : "info[at]intellisoftkenya.com"
    }]
  }],
  "description" : "Type of last PCV10 dose",
  "compose" : {
    "include" : [{
      "system" : "https://intellisoft-consulting.github.io/igs/ChanjoKe-FHIR-IG/CodeSystem/IMMZ.B",
      "concept" : [{
        "code" : "DE59",
        "display" : "PCV10-1"
      },
      {
        "code" : "DE60",
        "display" : "PCV10-2"
      },
      {
        "code" : "DE61",
        "display" : "PCV10-3"
      }]
    }]
  }
}