{
  "resourceType" : "ValueSet",
  "id" : "typeOfLastDPTHepBHibDoseVS",
  "text" : {
    "status" : "generated",
    "div" : "<div xmlns=\"http://www.w3.org/1999/xhtml\"><p class=\"res-header-id\"><b>Generated Narrative: ValueSet typeOfLastDPTHepBHibDoseVS</b></p><a name=\"typeOfLastDPTHepBHibDoseVS\"> </a><a name=\"hctypeOfLastDPTHepBHibDoseVS\"> </a><a name=\"typeOfLastDPTHepBHibDoseVS-en-US\"> </a><ul><li>Include these codes as defined in <a href=\"CodeSystem-IMMZ.B.html\"><code>https://intellisoft-consulting.github.io/igs/ChanjoKe-FHIR-IG/CodeSystem/IMMZ.B</code></a><table class=\"none\"><tr><td style=\"white-space:nowrap\"><b>Code</b></td><td><b>Display</b></td></tr><tr><td><a href=\"CodeSystem-IMMZ.B.html#IMMZ.B-DE63\">DE63</a></td><td>DPT-HepB+HiB 1</td></tr><tr><td><a href=\"CodeSystem-IMMZ.B.html#IMMZ.B-DE64\">DE64</a></td><td>DPT-HepB+HiB 2</td></tr><tr><td><a href=\"CodeSystem-IMMZ.B.html#IMMZ.B-DE65\">DE65</a></td><td>DPT-HepB+HiB 3</td></tr></table></li></ul></div>"
  },
  "url" : "https://intellisoft-consulting.github.io/igs/ChanjoKe-FHIR-IG/ValueSet/typeOfLastDPTHepBHibDoseVS",
  "version" : "0.1.0",
  "name" : "IMMZB1DE62VS",
  "title" : "Type of last DPT-HepB+Hib dose",
  "status" : "draft",
  "experimental" : false,
  "date" : "2024-08-27T20:30:12+00:00",
  "publisher" : "Intellisoft Consulting Ltd",
  "contact" : [{
    "name" : "Intellisoft Consulting Ltd",
    "telecom" : [{
      "system" : "url",
      "value" : "https://www.intellisoftkenya.com/"
    },
    {
      "system" : "email",
      "value" : "info[at]intellisoftkenya.com"
    }]
  }],
  "description" : "Type of last DPT-HepB+Hib dose",
  "compose" : {
    "include" : [{
      "system" : "https://intellisoft-consulting.github.io/igs/ChanjoKe-FHIR-IG/CodeSystem/IMMZ.B",
      "concept" : [{
        "code" : "DE63",
        "display" : "DPT-HepB+HiB 1"
      },
      {
        "code" : "DE64",
        "display" : "DPT-HepB+HiB 2"
      },
      {
        "code" : "DE65",
        "display" : "DPT-HepB+HiB 3"
      }]
    }]
  }
}