{
  "resourceType" : "ValueSet",
  "id" : "KenyaCountiesVS",
  "text" : {
    "status" : "extensions",
    "div" : "<div xmlns=\"http://www.w3.org/1999/xhtml\"><p class=\"res-header-id\"><b>Generated Narrative: ValueSet KenyaCountiesVS</b></p><a name=\"KenyaCountiesVS\"> </a><a name=\"hcKenyaCountiesVS\"> </a><a name=\"KenyaCountiesVS-en-US\"> </a><ul><li>Include these codes as defined in <a href=\"CodeSystem-KHTS.A.html\"><code>https://shr.tiberbuapps.com/fhir/CodeSystem/KHTS.A</code></a><table class=\"none\"><tr><td style=\"white-space:nowrap\"><b>Code</b></td><td><b>Display</b></td><td><b>Definition</b></td></tr><tr><td><a href=\"CodeSystem-KHTS.A.html#KHTS.A-mombasa\">mombasa</a></td><td style=\"color: #cccccc\">Mombasa</td><td>County of Residence, Mombasa</td></tr><tr><td><a href=\"CodeSystem-KHTS.A.html#KHTS.A-kilifi\">kilifi</a></td><td style=\"color: #cccccc\">Kilifi</td><td>County of Residence, Kilifi</td></tr><tr><td><a href=\"CodeSystem-KHTS.A.html#KHTS.A-tanaRiver\">tanaRiver</a></td><td style=\"color: #cccccc\">Tana River\tHola</td><td>County of Residence, Tana River\tHola</td></tr><tr><td><a href=\"CodeSystem-KHTS.A.html#KHTS.A-lamu\">lamu</a></td><td style=\"color: #cccccc\">Lamu</td><td>County of Residence, Lamu</td></tr></table></li></ul></div>"
  },
  "url" : "https://shr.tiberbuapps.com/fhir/ValueSet/KenyaCountiesVS",
  "version" : "0.1.0",
  "name" : "KHTS1VS",
  "title" : "Counties in Kenya",
  "status" : "draft",
  "experimental" : false,
  "date" : "2024-08-23T12:29:17+03:00",
  "publisher" : "intellisoftkenya",
  "contact" : [{
    "name" : "intellisoftkenya",
    "telecom" : [{
      "system" : "url",
      "value" : "http://example.org/example-publisher"
    }]
  }],
  "description" : "Counties in Kenya",
  "compose" : {
    "include" : [{
      "system" : "https://shr.tiberbuapps.com/fhir/CodeSystem/KHTS.A",
      "concept" : [{
        "code" : "mombasa"
      },
      {
        "code" : "kilifi"
      },
      {
        "code" : "tanaRiver"
      },
      {
        "code" : "lamu"
      }]
    }]
  }
}