{
  "resourceType" : "ValueSet",
  "id" : "IdentifierUseVs",
  "text" : {
    "status" : "extensions",
    "div" : "<div xmlns=\"http://www.w3.org/1999/xhtml\"><p class=\"res-header-id\"><b>Generated Narrative: ValueSet IdentifierUseVs</b></p><a name=\"IdentifierUseVs\"> </a><a name=\"hcIdentifierUseVs\"> </a><a name=\"IdentifierUseVs-en-US\"> </a><ul><li>Include these codes as defined in <a href=\"CodeSystem-KNHTS.IDENTIFIERUSE.html\"><code>https://shr.tiberbuapps.com/fhir/CodeSystem/KNHTS.IDENTIFIERUSE</code></a><table class=\"none\"><tr><td style=\"white-space:nowrap\"><b>Code</b></td><td><b>Display</b></td><td><b>Definition</b></td></tr><tr><td><a href=\"CodeSystem-KNHTS.IDENTIFIERUSE.html#KNHTS.IDENTIFIERUSE-official\">official</a></td><td style=\"color: #cccccc\">official</td><td>official</td></tr><tr><td><a href=\"CodeSystem-KNHTS.IDENTIFIERUSE.html#KNHTS.IDENTIFIERUSE-preferred\">preferred</a></td><td style=\"color: #cccccc\">preferred</td><td>preferred</td></tr></table></li></ul></div>"
  },
  "url" : "https://shr.tiberbuapps.com/fhir/ValueSet/IdentifierUseVs",
  "version" : "0.1.0",
  "name" : "IDENTIFIERUSE",
  "title" : "Patient identifier usage valueSet",
  "status" : "draft",
  "experimental" : false,
  "date" : "2024-08-23T12:29:17+03:00",
  "publisher" : "intellisoftkenya",
  "contact" : [{
    "name" : "intellisoftkenya",
    "telecom" : [{
      "system" : "url",
      "value" : "http://example.org/example-publisher"
    }]
  }],
  "description" : "Patient identifier usage valueSet",
  "compose" : {
    "include" : [{
      "system" : "https://shr.tiberbuapps.com/fhir/CodeSystem/KNHTS.IDENTIFIERUSE",
      "concept" : [{
        "code" : "official"
      },
      {
        "code" : "preferred"
      }]
    }]
  }
}