<?xml version="1.0" encoding="UTF-8"?><CodeSystem xmlns="http://hl7.org/fhir"><id value="KNHTS.QUALIFICATIONTYPE"/><text><status value="generated"/><div xmlns="http://www.w3.org/1999/xhtml"><p class="res-header-id"><b>Generated Narrative: CodeSystem KNHTS.QUALIFICATIONTYPE</b></p><a name="KNHTS.QUALIFICATIONTYPE"> </a><a name="hcKNHTS.QUALIFICATIONTYPE"> </a><a name="KNHTS.QUALIFICATIONTYPE-en-US"> </a><p>This case-insensitive code system <code>https://shr.tiberbuapps.com/fhir/CodeSystem/KNHTS.QUALIFICATIONTYPE</code> defines the following codes:</p><table class="codes"><tr><td style="white-space:nowrap"><b>Code</b></td><td><b>Display</b></td><td><b>Definition</b></td></tr><tr><td style="white-space:nowrap">training<a name="KNHTS.QUALIFICATIONTYPE-training"> </a></td><td>Training</td><td>Training</td></tr><tr><td style="white-space:nowrap">licence<a name="KNHTS.QUALIFICATIONTYPE-licence"> </a></td><td>Licence</td><td>Licence</td></tr></table></div></text><url value="https://shr.tiberbuapps.com/fhir/CodeSystem/KNHTS.QUALIFICATIONTYPE"/><version value="0.1.0"/><name value="QUALIFICATIONTYPE"/><title value="CodeSystem for Practitioner's qualification type"/><status value="draft"/><experimental value="false"/><date value="2024-08-23T12:29:17+03:00"/><publisher value="intellisoftkenya"/><contact><name value="intellisoftkenya"/><telecom><system value="url"/><value value="http://example.org/example-publisher"/></telecom></contact><description value="CodeSystem for Practitioner's qualification type"/><caseSensitive value="false"/><content value="complete"/><count value="2"/><concept><code value="training"/><display value="Training"/><definition value="Training"/></concept><concept><code value="licence"/><display value="Licence"/><definition value="Licence"/></concept></CodeSystem>