<?xml version="1.0" encoding="UTF-8"?><CodeSystem xmlns="http://hl7.org/fhir"><id value="KNHTS.FACILITYLEVEL"/><text><status value="generated"/><div xmlns="http://www.w3.org/1999/xhtml"><p class="res-header-id"><b>Generated Narrative: CodeSystem KNHTS.FACILITYLEVEL</b></p><a name="KNHTS.FACILITYLEVEL"> </a><a name="hcKNHTS.FACILITYLEVEL"> </a><a name="KNHTS.FACILITYLEVEL-en-US"> </a><p>This case-insensitive code system <code>https://shr.tiberbuapps.com/fhir/CodeSystem/KNHTS.FACILITYLEVEL</code> defines the following codes:</p><table class="codes"><tr><td style="white-space:nowrap"><b>Code</b></td><td><b>Display</b></td><td><b>Definition</b></td></tr><tr><td style="white-space:nowrap">l1<a name="KNHTS.FACILITYLEVEL-l1"> </a></td><td>L1</td><td>L1</td></tr><tr><td style="white-space:nowrap">l2<a name="KNHTS.FACILITYLEVEL-l2"> </a></td><td>L2</td><td>L2</td></tr><tr><td style="white-space:nowrap">l3<a name="KNHTS.FACILITYLEVEL-l3"> </a></td><td>L3</td><td>L3</td></tr><tr><td style="white-space:nowrap">l4<a name="KNHTS.FACILITYLEVEL-l4"> </a></td><td>L4</td><td>L4</td></tr><tr><td style="white-space:nowrap">l5<a name="KNHTS.FACILITYLEVEL-l5"> </a></td><td>L5</td><td>L5</td></tr><tr><td style="white-space:nowrap">l6<a name="KNHTS.FACILITYLEVEL-l6"> </a></td><td>L6</td><td>L6</td></tr></table></div></text><url value="https://shr.tiberbuapps.com/fhir/CodeSystem/KNHTS.FACILITYLEVEL"/><version value="0.1.0"/><name value="FACILITYLEVEL"/><title value="CodeSystem for Facility level"/><status value="draft"/><experimental value="false"/><date value="2024-08-23T12:29:17+03:00"/><publisher value="intellisoftkenya"/><contact><name value="intellisoftkenya"/><telecom><system value="url"/><value value="http://example.org/example-publisher"/></telecom></contact><description value="CodeSystem for Facility level"/><caseSensitive value="false"/><content value="complete"/><count value="6"/><concept><code value="l1"/><display value="L1"/><definition value="L1"/></concept><concept><code value="l2"/><display value="L2"/><definition value="L2"/></concept><concept><code value="l3"/><display value="L3"/><definition value="L3"/></concept><concept><code value="l4"/><display value="L4"/><definition value="L4"/></concept><concept><code value="l5"/><display value="L5"/><definition value="L5"/></concept><concept><code value="l6"/><display value="L6"/><definition value="L6"/></concept></CodeSystem>