<?xml version="1.0" encoding="UTF-8"?><CodeSystem xmlns="http://hl7.org/fhir"><id value="KNHTS.OPERATIONALSTATUS"/><text><status value="generated"/><div xmlns="http://www.w3.org/1999/xhtml"><p class="res-header-id"><b>Generated Narrative: CodeSystem KNHTS.OPERATIONALSTATUS</b></p><a name="KNHTS.OPERATIONALSTATUS"> </a><a name="hcKNHTS.OPERATIONALSTATUS"> </a><a name="KNHTS.OPERATIONALSTATUS-en-US"> </a><p>This case-insensitive code system <code>https://shr.tiberbuapps.com/fhir/CodeSystem/KNHTS.OPERATIONALSTATUS</code> defines the following codes:</p><table class="codes"><tr><td style="white-space:nowrap"><b>Code</b></td><td><b>Display</b></td><td><b>Definition</b></td></tr><tr><td style="white-space:nowrap">active<a name="KNHTS.OPERATIONALSTATUS-active"> </a></td><td>Active</td><td>Active</td></tr><tr><td style="white-space:nowrap">suspended<a name="KNHTS.OPERATIONALSTATUS-suspended"> </a></td><td>Suspended</td><td>Suspended</td></tr><tr><td style="white-space:nowrap">revoked<a name="KNHTS.OPERATIONALSTATUS-revoked"> </a></td><td>Revoked</td><td>Revoked</td></tr></table></div></text><url value="https://shr.tiberbuapps.com/fhir/CodeSystem/KNHTS.OPERATIONALSTATUS"/><version value="0.1.0"/><name value="OPERATIONALSTATUS"/><title value="CodeSystem for Practitioner's Operational Status"/><status value="draft"/><experimental value="false"/><date value="2024-08-23T12:29:17+03:00"/><publisher value="intellisoftkenya"/><contact><name value="intellisoftkenya"/><telecom><system value="url"/><value value="http://example.org/example-publisher"/></telecom></contact><description value="CodeSystem for Practitioner's Operational Status"/><caseSensitive value="false"/><content value="complete"/><count value="3"/><concept><code value="active"/><display value="Active"/><definition value="Active"/></concept><concept><code value="suspended"/><display value="Suspended"/><definition value="Suspended"/></concept><concept><code value="revoked"/><display value="Revoked"/><definition value="Revoked"/></concept></CodeSystem>