<?xml version="1.0" encoding="UTF-8"?><ValueSet xmlns="http://hl7.org/fhir"><id value="typeOfLastPCV10DoseVS"/><text><status value="generated"/><div xmlns="http://www.w3.org/1999/xhtml"><p class="res-header-id"><b>Generated Narrative: ValueSet typeOfLastPCV10DoseVS</b></p><a name="typeOfLastPCV10DoseVS"> </a><a name="hctypeOfLastPCV10DoseVS"> </a><a name="typeOfLastPCV10DoseVS-en-US"> </a><ul><li>Include these codes as defined in <a href="CodeSystem-IMMZ.B.html"><code>https://intellisoft-consulting.github.io/igs/ChanjoKe-FHIR-IG/CodeSystem/IMMZ.B</code></a><table class="none"><tr><td style="white-space:nowrap"><b>Code</b></td><td><b>Display</b></td></tr><tr><td><a href="CodeSystem-IMMZ.B.html#IMMZ.B-DE59">DE59</a></td><td>PCV10-1</td></tr><tr><td><a href="CodeSystem-IMMZ.B.html#IMMZ.B-DE60">DE60</a></td><td>PCV10-2</td></tr><tr><td><a href="CodeSystem-IMMZ.B.html#IMMZ.B-DE61">DE61</a></td><td>PCV10-3</td></tr></table></li></ul></div></text><url value="https://intellisoft-consulting.github.io/igs/ChanjoKe-FHIR-IG/ValueSet/typeOfLastPCV10DoseVS"/><version value="0.1.0"/><name value="IMMZB1DE58VS"/><title value="Type of last PCV10 dose"/><status value="draft"/><experimental value="false"/><date value="2024-08-27T20:30:12+00:00"/><publisher value="Intellisoft Consulting Ltd"/><contact><name value="Intellisoft Consulting Ltd"/><telecom><system value="url"/><value value="https://www.intellisoftkenya.com/"/></telecom><telecom><system value="email"/><value value="info[at]intellisoftkenya.com"/></telecom></contact><description value="Type of last PCV10 dose"/><compose><include><system value="https://intellisoft-consulting.github.io/igs/ChanjoKe-FHIR-IG/CodeSystem/IMMZ.B"/><concept><code value="DE59"/><display value="PCV10-1"/></concept><concept><code value="DE60"/><display value="PCV10-2"/></concept><concept><code value="DE61"/><display value="PCV10-3"/></concept></include></compose></ValueSet>