<?xml version="1.0" encoding="UTF-8"?><ValueSet xmlns="http://hl7.org/fhir"><id value="contraindicationToVaccineVS"/><text><status value="generated"/><div xmlns="http://www.w3.org/1999/xhtml"><p class="res-header-id"><b>Generated Narrative: ValueSet contraindicationToVaccineVS</b></p><a name="contraindicationToVaccineVS"> </a><a name="hccontraindicationToVaccineVS"> </a><a name="contraindicationToVaccineVS-en-US"> </a><ul><li>Include these codes as defined in <a href="CodeSystem-IMMZ.C.html"><code>https://intellisoft-consulting.github.io/igs/ChanjoKe-FHIR-IG/CodeSystem/IMMZ.C</code></a><table class="none"><tr><td style="white-space:nowrap"><b>Code</b></td><td><b>Display</b></td></tr><tr><td><a href="CodeSystem-IMMZ.C.html#IMMZ.C-DE12">DE12</a></td><td style="color: #cccccc">Yes</td></tr><tr><td><a href="CodeSystem-IMMZ.C.html#IMMZ.C-DE13">DE13</a></td><td style="color: #cccccc">No</td></tr></table></li></ul></div></text><url value="https://intellisoft-consulting.github.io/igs/ChanjoKe-FHIR-IG/ValueSet/contraindicationToVaccineVS"/><version value="0.1.0"/><name value="IMMZC1DE11VS"/><title value="Contraindications to vaccine"/><status value="draft"/><experimental value="false"/><date value="2024-08-27T20:30:12+00:00"/><publisher value="Intellisoft Consulting Ltd"/><contact><name value="Intellisoft Consulting Ltd"/><telecom><system value="url"/><value value="https://www.intellisoftkenya.com/"/></telecom><telecom><system value="email"/><value value="info[at]intellisoftkenya.com"/></telecom></contact><description value="Contraindications to vaccine"/><compose><include><system value="https://intellisoft-consulting.github.io/igs/ChanjoKe-FHIR-IG/CodeSystem/IMMZ.C"/><concept><code value="DE12"/></concept><concept><code value="DE13"/></concept></include></compose></ValueSet>