<?xml version="1.0" encoding="UTF-8"?><ValueSet xmlns="http://hl7.org/fhir"><id value="typeOfLastPolioDose"/><text><status value="generated"/><div xmlns="http://www.w3.org/1999/xhtml"><p class="res-header-id"><b>Generated Narrative: ValueSet typeOfLastPolioDose</b></p><a name="typeOfLastPolioDose"> </a><a name="hctypeOfLastPolioDose"> </a><a name="typeOfLastPolioDose-en-US"> </a><ul><li>Include these codes as defined in <a href="CodeSystem-IMMZ.B.html"><code>https://intellisoft-consulting.github.io/igs/ChanjoKe-FHIR-IG/CodeSystem/IMMZ.B</code></a><table class="none"><tr><td style="white-space:nowrap"><b>Code</b></td><td><b>Display</b></td></tr><tr><td><a href="CodeSystem-IMMZ.B.html#IMMZ.B-DE26">DE26</a></td><td>bOPV</td></tr><tr><td><a href="CodeSystem-IMMZ.B.html#IMMZ.B-DE27">DE27</a></td><td>OPV I</td></tr><tr><td><a href="CodeSystem-IMMZ.B.html#IMMZ.B-DE28">DE28</a></td><td>OPV II</td></tr><tr><td><a href="CodeSystem-IMMZ.B.html#IMMZ.B-DE29">DE29</a></td><td>OPV III</td></tr></table></li></ul></div></text><url value="https://intellisoft-consulting.github.io/igs/ChanjoKe-FHIR-IG/ValueSet/typeOfLastPolioDose"/><version value="0.1.0"/><name value="IMMZB1DE25VS"/><title value="Type of last Polio dose"/><status value="draft"/><experimental value="false"/><date value="2024-08-27T20:30:12+00:00"/><publisher value="Intellisoft Consulting Ltd"/><contact><name value="Intellisoft Consulting Ltd"/><telecom><system value="url"/><value value="https://www.intellisoftkenya.com/"/></telecom><telecom><system value="email"/><value value="info[at]intellisoftkenya.com"/></telecom></contact><description value="Type of last Polio dose"/><compose><include><system value="https://intellisoft-consulting.github.io/igs/ChanjoKe-FHIR-IG/CodeSystem/IMMZ.B"/><concept><code value="DE26"/><display value="bOPV"/></concept><concept><code value="DE27"/><display value="OPV I"/></concept><concept><code value="DE28"/><display value="OPV II"/></concept><concept><code value="DE29"/><display value="OPV III"/></concept></include></compose></ValueSet>