<?xml version="1.0" encoding="UTF-8"?><ValueSet xmlns="http://hl7.org/fhir"><id value="reactionSeverityVS"/><text><status value="extensions"/><div xmlns="http://www.w3.org/1999/xhtml"><p class="res-header-id"><b>Generated Narrative: ValueSet reactionSeverityVS</b></p><a name="reactionSeverityVS"> </a><a name="hcreactionSeverityVS"> </a><a name="reactionSeverityVS-en-US"> </a><ul><li>Include these codes as defined in <a href="CodeSystem-IMMZ.F.html"><code>https://intellisoft-consulting.github.io/igs/ChanjoKe-FHIR-IG/CodeSystem/IMMZ.F</code></a><table class="none"><tr><td style="white-space:nowrap"><b>Code</b></td><td><b>Display</b></td><td><b>Definition</b></td></tr><tr><td><a href="CodeSystem-IMMZ.F.html#IMMZ.F-DE27">DE27</a></td><td style="color: #cccccc">Life Threatening</td><td>The client had a life-threatening reaction to the administered vaccine.</td></tr><tr><td><a href="CodeSystem-IMMZ.F.html#IMMZ.F-DE28">DE28</a></td><td style="color: #cccccc">Mild</td><td>Local reaction at the injection site or minor systemic reaction such as fever or malaise, that occurs over a short period of time and pose little danger</td></tr><tr><td><a href="CodeSystem-IMMZ.F.html#IMMZ.F-DE29">DE29</a></td><td style="color: #cccccc">Moderate</td><td>Local or systemic reactions more severe than mild and of longer duration</td></tr><tr><td><a href="CodeSystem-IMMZ.F.html#IMMZ.F-DE30">DE30</a></td><td style="color: #cccccc">Severe</td><td>Severe and potentially (rarely) life threatening reactions including seizures and anaphylactic reactions</td></tr><tr><td><a href="CodeSystem-IMMZ.F.html#IMMZ.F-DE31">DE31</a></td><td style="color: #cccccc">Fatal</td><td>The client died as a result of the reaction</td></tr></table></li></ul></div></text><url value="https://intellisoft-consulting.github.io/igs/ChanjoKe-FHIR-IG/ValueSet/reactionSeverityVS"/><version value="0.1.0"/><name value="IMMZFDE26VS"/><title value="Reaction Severity"/><status value="draft"/><experimental value="false"/><date value="2024-08-27T20:30:12+00:00"/><publisher value="Intellisoft Consulting Ltd"/><contact><name value="Intellisoft Consulting Ltd"/><telecom><system value="url"/><value value="https://www.intellisoftkenya.com/"/></telecom><telecom><system value="email"/><value value="info[at]intellisoftkenya.com"/></telecom></contact><description value="Reaction Severity"/><compose><include><system value="https://intellisoft-consulting.github.io/igs/ChanjoKe-FHIR-IG/CodeSystem/IMMZ.F"/><concept><code value="DE27"/></concept><concept><code value="DE28"/></concept><concept><code value="DE29"/></concept><concept><code value="DE30"/></concept><concept><code value="DE31"/></concept></include></compose></ValueSet>