<?xml version="1.0" encoding="UTF-8"?><ValueSet xmlns="http://hl7.org/fhir"><id value="aefiOutcomeVS"/><text><status value="extensions"/><div xmlns="http://www.w3.org/1999/xhtml"><p class="res-header-id"><b>Generated Narrative: ValueSet aefiOutcomeVS</b></p><a name="aefiOutcomeVS"> </a><a name="hcaefiOutcomeVS"> </a><a name="aefiOutcomeVS-en-US"> </a><ul><li>Include these codes as defined in <a href="CodeSystem-IMMZ.F.html"><code>https://intellisoft-consulting.github.io/igs/ChanjoKe-FHIR-IG/CodeSystem/IMMZ.F</code></a><table class="none"><tr><td style="white-space:nowrap"><b>Code</b></td><td><b>Display</b></td><td><b>Definition</b></td></tr><tr><td><a href="CodeSystem-IMMZ.F.html#IMMZ.F-DE34">DE34</a></td><td style="color: #cccccc">Recovered</td><td>The client fully recovered</td></tr><tr><td><a href="CodeSystem-IMMZ.F.html#IMMZ.F-DE35">DE35</a></td><td style="color: #cccccc">Recovering</td><td>The client is recovering</td></tr><tr><td><a href="CodeSystem-IMMZ.F.html#IMMZ.F-DE36">DE36</a></td><td style="color: #cccccc">Not Recovered</td><td>The client is did not recover</td></tr><tr><td><a href="CodeSystem-IMMZ.F.html#IMMZ.F-DE37">DE37</a></td><td style="color: #cccccc">Unknown</td><td>The AEFI outcome is unknown</td></tr><tr><td><a href="CodeSystem-IMMZ.F.html#IMMZ.F-DE38">DE38</a></td><td style="color: #cccccc">Died</td><td>The adverse event resulted in the client's death</td></tr></table></li></ul></div></text><url value="https://intellisoft-consulting.github.io/igs/ChanjoKe-FHIR-IG/ValueSet/aefiOutcomeVS"/><version value="0.1.0"/><name value="IMMZFDE33VS"/><title value="AEFI Outcome"/><status value="draft"/><experimental value="false"/><date value="2024-08-27T20:30:12+00:00"/><publisher value="Intellisoft Consulting Ltd"/><contact><name value="Intellisoft Consulting Ltd"/><telecom><system value="url"/><value value="https://www.intellisoftkenya.com/"/></telecom><telecom><system value="email"/><value value="info[at]intellisoftkenya.com"/></telecom></contact><description value="AEFI Outcome"/><compose><include><system value="https://intellisoft-consulting.github.io/igs/ChanjoKe-FHIR-IG/CodeSystem/IMMZ.F"/><concept><code value="DE34"/></concept><concept><code value="DE35"/></concept><concept><code value="DE36"/></concept><concept><code value="DE37"/></concept><concept><code value="DE38"/></concept></include></compose></ValueSet>