<?xml version="1.0" encoding="UTF-8"?><ValueSet xmlns="http://hl7.org/fhir"><id value="FacilityLevelVS"/><text><status value="extensions"/><div xmlns="http://www.w3.org/1999/xhtml"><p class="res-header-id"><b>Generated Narrative: ValueSet FacilityLevelVS</b></p><a name="FacilityLevelVS"> </a><a name="hcFacilityLevelVS"> </a><a name="FacilityLevelVS-en-US"> </a><ul><li>Include these codes as defined in <a href="CodeSystem-KNHTS.FACILITYLEVEL.html"><code>https://shr.tiberbuapps.com/fhir/CodeSystem/KNHTS.FACILITYLEVEL</code></a><table class="none"><tr><td style="white-space:nowrap"><b>Code</b></td><td><b>Display</b></td><td><b>Definition</b></td></tr><tr><td><a href="CodeSystem-KNHTS.FACILITYLEVEL.html#KNHTS.FACILITYLEVEL-l1">l1</a></td><td style="color: #cccccc">L1</td><td>L1</td></tr><tr><td><a href="CodeSystem-KNHTS.FACILITYLEVEL.html#KNHTS.FACILITYLEVEL-l2">l2</a></td><td style="color: #cccccc">L2</td><td>L2</td></tr><tr><td><a href="CodeSystem-KNHTS.FACILITYLEVEL.html#KNHTS.FACILITYLEVEL-l3">l3</a></td><td style="color: #cccccc">L3</td><td>L3</td></tr><tr><td><a href="CodeSystem-KNHTS.FACILITYLEVEL.html#KNHTS.FACILITYLEVEL-l4">l4</a></td><td style="color: #cccccc">L4</td><td>L4</td></tr><tr><td><a href="CodeSystem-KNHTS.FACILITYLEVEL.html#KNHTS.FACILITYLEVEL-l5">l5</a></td><td style="color: #cccccc">L5</td><td>L5</td></tr><tr><td><a href="CodeSystem-KNHTS.FACILITYLEVEL.html#KNHTS.FACILITYLEVEL-l6">l6</a></td><td style="color: #cccccc">L6</td><td>L6</td></tr></table></li></ul></div></text><url value="https://shr.tiberbuapps.com/fhir/ValueSet/FacilityLevelVS"/><version value="0.1.0"/><name value="FACILITYCATEGORY"/><title value="Code Systems Facility Level"/><status value="draft"/><experimental value="false"/><date value="2024-08-23T12:29:17+03:00"/><publisher value="intellisoftkenya"/><contact><name value="intellisoftkenya"/><telecom><system value="url"/><value value="http://example.org/example-publisher"/></telecom></contact><description value="Code Systems Facility Level"/><compose><include><system value="https://shr.tiberbuapps.com/fhir/CodeSystem/KNHTS.FACILITYLEVEL"/><concept><code value="l1"/></concept><concept><code value="l2"/></concept><concept><code value="l3"/></concept><concept><code value="l4"/></concept><concept><code value="l5"/></concept><concept><code value="l6"/></concept></include></compose></ValueSet>