<?xml version="1.0" encoding="UTF-8"?><ValueSet xmlns="http://hl7.org/fhir"><id value="LicenseRenewalDurationVS"/><text><status value="extensions"/><div xmlns="http://www.w3.org/1999/xhtml"><p class="res-header-id"><b>Generated Narrative: ValueSet LicenseRenewalDurationVS</b></p><a name="LicenseRenewalDurationVS"> </a><a name="hcLicenseRenewalDurationVS"> </a><a name="LicenseRenewalDurationVS-en-US"> </a><ul><li>Include these codes as defined in <a href="CodeSystem-KNHTS.CURRENTRENEWALDURATION.html"><code>https://shr.tiberbuapps.com/fhir/CodeSystem/KNHTS.CURRENTRENEWALDURATION</code></a><table class="none"><tr><td style="white-space:nowrap"><b>Code</b></td><td><b>Display</b></td><td><b>Definition</b></td></tr><tr><td><a href="CodeSystem-KNHTS.CURRENTRENEWALDURATION.html#KNHTS.CURRENTRENEWALDURATION-once">once</a></td><td style="color: #cccccc">Once</td><td>Once</td></tr><tr><td><a href="CodeSystem-KNHTS.CURRENTRENEWALDURATION.html#KNHTS.CURRENTRENEWALDURATION-semiAnnual">semiAnnual</a></td><td style="color: #cccccc">Semi-Annual</td><td>Semi-Annual</td></tr><tr><td><a href="CodeSystem-KNHTS.CURRENTRENEWALDURATION.html#KNHTS.CURRENTRENEWALDURATION-annual">annual</a></td><td style="color: #cccccc">Annual</td><td>Annual</td></tr><tr><td><a href="CodeSystem-KNHTS.CURRENTRENEWALDURATION.html#KNHTS.CURRENTRENEWALDURATION-other">other</a></td><td style="color: #cccccc">Other</td><td>Other</td></tr></table></li></ul></div></text><url value="https://shr.tiberbuapps.com/fhir/ValueSet/LicenseRenewalDurationVS"/><version value="0.1.0"/><name value="LICENSECURRENTRENEWALDURATION"/><title value="Practitioner's License Current Renewal Duration"/><status value="draft"/><experimental value="false"/><date value="2024-08-23T12:29:17+03:00"/><publisher value="intellisoftkenya"/><contact><name value="intellisoftkenya"/><telecom><system value="url"/><value value="http://example.org/example-publisher"/></telecom></contact><description value="Practitioner's License Current Renewal Duration"/><compose><include><system value="https://shr.tiberbuapps.com/fhir/CodeSystem/KNHTS.CURRENTRENEWALDURATION"/><concept><code value="once"/></concept><concept><code value="semiAnnual"/></concept><concept><code value="annual"/></concept><concept><code value="other"/></concept></include></compose></ValueSet>