<?xml version="1.0" encoding="UTF-8"?><ValueSet xmlns="http://hl7.org/fhir"><id value="vaccineLibraryVS"/><text><status value="extensions"/><div xmlns="http://www.w3.org/1999/xhtml"><p class="res-header-id"><b>Generated Narrative: ValueSet vaccineLibraryVS</b></p><a name="vaccineLibraryVS"> </a><a name="hcvaccineLibraryVS"> </a><a name="vaccineLibraryVS-en-US"> </a><ul><li>Include these codes as defined in <a href="CodeSystem-IMMZ.Z1.html"><code>https://intellisoft-consulting.github.io/igs/ChanjoKe-FHIR-IG/CodeSystem/IMMZ.Z1</code></a><table class="none"><tr><td style="white-space:nowrap"><b>Code</b></td><td><b>Display</b></td><td><b>Definition</b></td></tr><tr><td><a href="CodeSystem-IMMZ.Z1.html#IMMZ.Z1-DE1">DE1</a></td><td style="color: #cccccc">BCG Vaccines</td><td>Vaccine terminology codes for Bacillus Calmette–Guérin (BCG)</td></tr><tr><td><a href="CodeSystem-IMMZ.Z1.html#IMMZ.Z1-DE9">DE9</a></td><td style="color: #cccccc">Measles - Rubella Vaccines</td><td>Vaccine terminology codes for Measles</td></tr><tr><td><a href="CodeSystem-IMMZ.Z1.html#IMMZ.Z1-DE13">DE13</a></td><td style="color: #cccccc">Pneumococcal Vaccines</td><td>Vaccine terminology codes for Pneumococcal</td></tr><tr><td><a href="CodeSystem-IMMZ.Z1.html#IMMZ.Z1-DE14">DE14</a></td><td style="color: #cccccc">Polio Vaccines</td><td>Vaccine terminology codes for Polio</td></tr><tr><td><a href="CodeSystem-IMMZ.Z1.html#IMMZ.Z1-DE16">DE16</a></td><td style="color: #cccccc">Rotavirus Vaccines</td><td>Vaccine terminology codes for Rotavirus</td></tr><tr><td><a href="CodeSystem-IMMZ.Z1.html#IMMZ.Z1-DE17">DE17</a></td><td style="color: #cccccc">Rubella Vaccines</td><td>Vaccine terminology codes for Rubella</td></tr><tr><td><a href="CodeSystem-IMMZ.Z1.html#IMMZ.Z1-DE23">DE23</a></td><td style="color: #cccccc">Yellow Fever Vaccines</td><td>Vaccine terminology codes for Yellow Fever</td></tr><tr><td><a href="CodeSystem-IMMZ.Z1.html#IMMZ.Z1-DE25">DE25</a></td><td style="color: #cccccc">Inactivated Polio Vaccines</td><td>Vaccine terminology codes for Inactivated Polio Vaccines</td></tr><tr><td><a href="CodeSystem-IMMZ.Z1.html#IMMZ.Z1-DE26">DE26</a></td><td style="color: #cccccc">Oral Polio Vaccines</td><td>Vaccine terminology codes for Oral Polio Vaccines</td></tr></table></li></ul></div></text><url value="https://intellisoft-consulting.github.io/igs/ChanjoKe-FHIR-IG/ValueSet/vaccineLibraryVS"/><version value="0.1.0"/><name value="IMMZZ1DE1VS"/><title value="Vaccine Library"/><status value="draft"/><experimental value="false"/><date value="2024-08-27T20:30:12+00:00"/><publisher value="Intellisoft Consulting Ltd"/><contact><name value="Intellisoft Consulting Ltd"/><telecom><system value="url"/><value value="https://www.intellisoftkenya.com/"/></telecom><telecom><system value="email"/><value value="info[at]intellisoftkenya.com"/></telecom></contact><description value="Vaccine Library"/><compose><include><system value="https://intellisoft-consulting.github.io/igs/ChanjoKe-FHIR-IG/CodeSystem/IMMZ.Z1"/><concept><code value="DE1"/></concept><concept><code value="DE9"/></concept><concept><code value="DE13"/></concept><concept><code value="DE14"/></concept><concept><code value="DE16"/></concept><concept><code value="DE17"/></concept><concept><code value="DE23"/></concept><concept><code value="DE25"/></concept><concept><code value="DE26"/></concept></include></compose></ValueSet>