<?xml version="1.0" encoding="UTF-8"?><ValueSet xmlns="http://hl7.org/fhir"><id value="typeOfLastDPTHepBHibDoseVS"/><text><status value="generated"/><div xmlns="http://www.w3.org/1999/xhtml"><p class="res-header-id"><b>Generated Narrative: ValueSet typeOfLastDPTHepBHibDoseVS</b></p><a name="typeOfLastDPTHepBHibDoseVS"> </a><a name="hctypeOfLastDPTHepBHibDoseVS"> </a><a name="typeOfLastDPTHepBHibDoseVS-en-US"> </a><ul><li>Include these codes as defined in <a href="CodeSystem-IMMZ.B.html"><code>https://intellisoft-consulting.github.io/igs/ChanjoKe-FHIR-IG/CodeSystem/IMMZ.B</code></a><table class="none"><tr><td style="white-space:nowrap"><b>Code</b></td><td><b>Display</b></td></tr><tr><td><a href="CodeSystem-IMMZ.B.html#IMMZ.B-DE63">DE63</a></td><td>DPT-HepB+HiB 1</td></tr><tr><td><a href="CodeSystem-IMMZ.B.html#IMMZ.B-DE64">DE64</a></td><td>DPT-HepB+HiB 2</td></tr><tr><td><a href="CodeSystem-IMMZ.B.html#IMMZ.B-DE65">DE65</a></td><td>DPT-HepB+HiB 3</td></tr></table></li></ul></div></text><url value="https://intellisoft-consulting.github.io/igs/ChanjoKe-FHIR-IG/ValueSet/typeOfLastDPTHepBHibDoseVS"/><version value="0.1.0"/><name value="IMMZB1DE62VS"/><title value="Type of last DPT-HepB+Hib dose"/><status value="draft"/><experimental value="false"/><date value="2024-08-27T20:30:12+00:00"/><publisher value="Intellisoft Consulting Ltd"/><contact><name value="Intellisoft Consulting Ltd"/><telecom><system value="url"/><value value="https://www.intellisoftkenya.com/"/></telecom><telecom><system value="email"/><value value="info[at]intellisoftkenya.com"/></telecom></contact><description value="Type of last DPT-HepB+Hib dose"/><compose><include><system value="https://intellisoft-consulting.github.io/igs/ChanjoKe-FHIR-IG/CodeSystem/IMMZ.B"/><concept><code value="DE63"/><display value="DPT-HepB+HiB 1"/></concept><concept><code value="DE64"/><display value="DPT-HepB+HiB 2"/></concept><concept><code value="DE65"/><display value="DPT-HepB+HiB 3"/></concept></include></compose></ValueSet>