<?xml version="1.0" encoding="UTF-8"?><ValueSet xmlns="http://hl7.org/fhir"><id value="PractitionerQualificationTypeVS"/><text><status value="extensions"/><div xmlns="http://www.w3.org/1999/xhtml"><p class="res-header-id"><b>Generated Narrative: ValueSet PractitionerQualificationTypeVS</b></p><a name="PractitionerQualificationTypeVS"> </a><a name="hcPractitionerQualificationTypeVS"> </a><a name="PractitionerQualificationTypeVS-en-US"> </a><ul><li>Include these codes as defined in <a href="CodeSystem-KNHTS.QUALIFICATIONTYPE.html"><code>https://shr.tiberbuapps.com/fhir/CodeSystem/KNHTS.QUALIFICATIONTYPE</code></a><table class="none"><tr><td style="white-space:nowrap"><b>Code</b></td><td><b>Display</b></td><td><b>Definition</b></td></tr><tr><td><a href="CodeSystem-KNHTS.QUALIFICATIONTYPE.html#KNHTS.QUALIFICATIONTYPE-training">training</a></td><td style="color: #cccccc">Training</td><td>Training</td></tr><tr><td><a href="CodeSystem-KNHTS.QUALIFICATIONTYPE.html#KNHTS.QUALIFICATIONTYPE-licence">licence</a></td><td style="color: #cccccc">Licence</td><td>Licence</td></tr></table></li></ul></div></text><url value="https://shr.tiberbuapps.com/fhir/ValueSet/PractitionerQualificationTypeVS"/><version value="0.1.0"/><name value="PRACTQUALIFICATIONTYPE"/><title value="Practitioner's Qualifification Type"/><status value="draft"/><experimental value="false"/><date value="2024-08-23T12:29:17+03:00"/><publisher value="intellisoftkenya"/><contact><name value="intellisoftkenya"/><telecom><system value="url"/><value value="http://example.org/example-publisher"/></telecom></contact><description value="Practitioner's Qualifification Type"/><compose><include><system value="https://shr.tiberbuapps.com/fhir/CodeSystem/KNHTS.QUALIFICATIONTYPE"/><concept><code value="training"/></concept><concept><code value="licence"/></concept></include></compose></ValueSet>