<?xml version="1.0" encoding="UTF-8"?><ValueSet xmlns="http://hl7.org/fhir"><id value="reportStatusVS"/><text><status value="extensions"/><div xmlns="http://www.w3.org/1999/xhtml"><p class="res-header-id"><b>Generated Narrative: ValueSet reportStatusVS</b></p><a name="reportStatusVS"> </a><a name="hcreportStatusVS"> </a><a name="reportStatusVS-en-US"> </a><ul><li>Include these codes as defined in <a href="CodeSystem-IMMZ.E.html"><code>https://intellisoft-consulting.github.io/igs/ChanjoKe-FHIR-IG/CodeSystem/IMMZ.E</code></a><table class="none"><tr><td style="white-space:nowrap"><b>Code</b></td><td><b>Display</b></td><td><b>Definition</b></td></tr><tr><td><a href="CodeSystem-IMMZ.E.html#IMMZ.E-DE3">DE3</a></td><td style="color: #cccccc">Complete</td><td>The report is complete and ready to use</td></tr><tr><td><a href="CodeSystem-IMMZ.E.html#IMMZ.E-DE4">DE4</a></td><td style="color: #cccccc">Pending</td><td>The report is currently being generated</td></tr><tr><td><a href="CodeSystem-IMMZ.E.html#IMMZ.E-DE5">DE5</a></td><td style="color: #cccccc">Error</td><td>An error occurred while generating the report</td></tr></table></li></ul></div></text><url value="https://intellisoft-consulting.github.io/igs/ChanjoKe-FHIR-IG/ValueSet/reportStatusVS"/><version value="0.1.0"/><name value="IMMZE1DE2VS"/><title value="Report Status"/><status value="draft"/><experimental value="false"/><date value="2024-08-27T20:30:12+00:00"/><publisher value="Intellisoft Consulting Ltd"/><contact><name value="Intellisoft Consulting Ltd"/><telecom><system value="url"/><value value="https://www.intellisoftkenya.com/"/></telecom><telecom><system value="email"/><value value="info[at]intellisoftkenya.com"/></telecom></contact><description value="Report Status"/><compose><include><system value="https://intellisoft-consulting.github.io/igs/ChanjoKe-FHIR-IG/CodeSystem/IMMZ.E"/><concept><code value="DE3"/></concept><concept><code value="DE4"/></concept><concept><code value="DE5"/></concept></include></compose></ValueSet>