<?xml version="1.0" encoding="UTF-8"?>

<ClaimResponse xmlns="http://hl7.org/fhir">
  <id value="ClaimResponseExample"/>
  <text>
    <status value="generated"/><div xmlns="http://www.w3.org/1999/xhtml"><p class="res-header-id"><b>Generated Narrative: ClaimResponse ClaimResponseExample</b></p><a name="ClaimResponseExample"> </a><a name="hcClaimResponseExample"> </a><a name="ClaimResponseExample-en-US"> </a><p><b>status</b>: Active</p><p><b>type</b>: <span title="Codes:{http://terminology.hl7.org/CodeSystem/claim-type professional}">Professional</span></p><p><b>use</b>: Claim</p><p><b>patient</b>: <a href="Patient-SHAPatientExample.html">Eliud Kipchoge Kiptun Male, DoB: 1984-11-05 ( Unique Patient Identifier: 123456 (use: official, ))</a></p><p><b>created</b>: 2020-06-15</p><p><b>insurer</b>: <a href="Organization-SHAOrganizationExample.html">Organization Kenyatta National Hospital</a></p><p><b>outcome</b>: Processing Complete</p></div>
  </text>
  <status value="active"/>
  <type>
    <coding>
      <system value="http://terminology.hl7.org/CodeSystem/claim-type"/>
      <code value="professional"/>
      <display value="Professional"/>
    </coding>
    <text value="Professional"/>
  </type>
  <use value="claim"/>
  <patient>
    <reference value="Patient/SHAPatientExample"/>
  </patient>
  <created value="2020-06-15"/>
  <insurer>
    <reference value="Organization/SHAOrganizationExample"/>
  </insurer>
  <outcome value="complete"/>
</ClaimResponse>