<?xml version="1.0" encoding="UTF-8"?>

<CodeSystem xmlns="http://hl7.org/fhir">
  <id value="KNHTS.IDENTIFIERUSE"/>
  <text>
    <status value="generated"/><div xmlns="http://www.w3.org/1999/xhtml"><p class="res-header-id"><b>Generated Narrative: CodeSystem KNHTS.IDENTIFIERUSE</b></p><a name="KNHTS.IDENTIFIERUSE"> </a><a name="hcKNHTS.IDENTIFIERUSE"> </a><a name="KNHTS.IDENTIFIERUSE-en-US"> </a><p>This case-insensitive code system <code>https://shr.tiberbuapps.com/fhir/CodeSystem/KNHTS.IDENTIFIERUSE</code> defines the following codes:</p><table class="codes"><tr><td style="white-space:nowrap"><b>Code</b></td><td><b>Definition</b></td></tr><tr><td style="white-space:nowrap">official<a name="KNHTS.IDENTIFIERUSE-official"> </a></td><td>official</td></tr><tr><td style="white-space:nowrap">preferred<a name="KNHTS.IDENTIFIERUSE-preferred"> </a></td><td>preferred</td></tr></table></div>
  </text>
  <url value="https://shr.tiberbuapps.com/fhir/CodeSystem/KNHTS.IDENTIFIERUSE"/>
  <version value="0.1.0"/>
  <name value="IDENTIFIERUSE"/>
  <title value="CodeSystem for identifier use"/>
  <status value="draft"/>
  <experimental value="false"/>
  <date value="2024-08-23T12:29:17+03:00"/>
  <publisher value="intellisoftkenya"/>
  <contact>
    <name value="intellisoftkenya"/>
    <telecom>
      <system value="url"/>
      <value value="http://example.org/example-publisher"/>
    </telecom>
  </contact>
  <description value="CodeSystem for  identifier use"/>
  <caseSensitive value="false"/>
  <content value="complete"/>
  <count value="2"/>
  <concept>
    <code value="official"/>
    <display value="official"/>
    <definition value="official"/>
  </concept>
  <concept>
    <code value="preferred"/>
    <display value="preferred"/>
    <definition value="preferred"/>
  </concept>
</CodeSystem>