<?xml version="1.0" encoding="UTF-8"?>

<CodeSystem xmlns="http://hl7.org/fhir">
  <id value="KNHTS.CIIZENSHIP"/>
  <text>
    <status value="generated"/><div xmlns="http://www.w3.org/1999/xhtml"><p class="res-header-id"><b>Generated Narrative: CodeSystem KNHTS.CIIZENSHIP</b></p><a name="KNHTS.CIIZENSHIP"> </a><a name="hcKNHTS.CIIZENSHIP"> </a><a name="KNHTS.CIIZENSHIP-en-US"> </a><p>This case-insensitive code system <code>https://shr.tiberbuapps.com/fhir/CodeSystem/KNHTS.CIIZENSHIP</code> defines the following codes:</p><table class="codes"><tr><td style="white-space:nowrap"><b>Code</b></td><td><b>Definition</b></td></tr><tr><td style="white-space:nowrap">kenyan<a name="KNHTS.CIIZENSHIP-kenyan"> </a></td><td>kenyan</td></tr><tr><td style="white-space:nowrap">ugandan<a name="KNHTS.CIIZENSHIP-ugandan"> </a></td><td>ugandan</td></tr><tr><td style="white-space:nowrap">tanzanian<a name="KNHTS.CIIZENSHIP-tanzanian"> </a></td><td>tanzanian</td></tr><tr><td style="white-space:nowrap">ethiopian<a name="KNHTS.CIIZENSHIP-ethiopian"> </a></td><td>ethiopian</td></tr></table></div>
  </text>
  <url value="https://shr.tiberbuapps.com/fhir/CodeSystem/KNHTS.CIIZENSHIP"/>
  <version value="0.1.0"/>
  <name value="PATIENT_CITIZENSHIP"/>
  <title value="CodeSystem for Patient's Citizenship"/>
  <status value="draft"/>
  <experimental value="false"/>
  <date value="2024-08-23T12:29:17+03:00"/>
  <publisher value="intellisoftkenya"/>
  <contact>
    <name value="intellisoftkenya"/>
    <telecom>
      <system value="url"/>
      <value value="http://example.org/example-publisher"/>
    </telecom>
  </contact>
  <description value="CodeSystem for Patient's Citizenship"/>
  <caseSensitive value="false"/>
  <content value="complete"/>
  <count value="4"/>
  <concept>
    <code value="kenyan"/>
    <display value="kenyan"/>
    <definition value="kenyan"/>
  </concept>
  <concept>
    <code value="ugandan"/>
    <display value="ugandan"/>
    <definition value="ugandan"/>
  </concept>
  <concept>
    <code value="tanzanian"/>
    <display value="tanzanian"/>
    <definition value="tanzanian"/>
  </concept>
  <concept>
    <code value="ethiopian"/>
    <display value="ethiopian"/>
    <definition value="ethiopian"/>
  </concept>
</CodeSystem>