<?xml version="1.0" encoding="UTF-8"?>

<CodeSystem xmlns="http://hl7.org/fhir">
  <id value="KNHTS.EMPLOYMENTTYPE"/>
  <text>
    <status value="generated"/><div xmlns="http://www.w3.org/1999/xhtml"><p class="res-header-id"><b>Generated Narrative: CodeSystem KNHTS.EMPLOYMENTTYPE</b></p><a name="KNHTS.EMPLOYMENTTYPE"> </a><a name="hcKNHTS.EMPLOYMENTTYPE"> </a><a name="KNHTS.EMPLOYMENTTYPE-en-US"> </a><p>This case-insensitive code system <code>https://shr.tiberbuapps.com/fhir/CodeSystem/KNHTS.EMPLOYMENTTYPE</code> defines the following codes:</p><table class="codes"><tr><td style="white-space:nowrap"><b>Code</b></td><td><b>Display</b></td><td><b>Definition</b></td></tr><tr><td style="white-space:nowrap">employed<a name="KNHTS.EMPLOYMENTTYPE-employed"> </a></td><td>Employed</td><td>Employed</td></tr><tr><td style="white-space:nowrap">selfEmployed<a name="KNHTS.EMPLOYMENTTYPE-selfEmployed"> </a></td><td>Self Employed</td><td>self Employed</td></tr><tr><td style="white-space:nowrap">sponsored<a name="KNHTS.EMPLOYMENTTYPE-sponsored"> </a></td><td>Sponsored</td><td>Sponsored</td></tr><tr><td style="white-space:nowrap">organizingGroups<a name="KNHTS.EMPLOYMENTTYPE-organizingGroups"> </a></td><td>Organizing Groups</td><td>Organizing Groups</td></tr></table></div>
  </text>
  <url value="https://shr.tiberbuapps.com/fhir/CodeSystem/KNHTS.EMPLOYMENTTYPE"/>
  <version value="0.1.0"/>
  <name value="EMPLOYMENTTYPE"/>
  <title value="CodeSystem for Employment Type"/>
  <status value="draft"/>
  <experimental value="false"/>
  <date value="2024-08-23T12:29:17+03:00"/>
  <publisher value="intellisoftkenya"/>
  <contact>
    <name value="intellisoftkenya"/>
    <telecom>
      <system value="url"/>
      <value value="http://example.org/example-publisher"/>
    </telecom>
  </contact>
  <description value="CodeSystem for Employment Type"/>
  <caseSensitive value="false"/>
  <content value="complete"/>
  <count value="4"/>
  <concept>
    <code value="employed"/>
    <display value="Employed"/>
    <definition value="Employed"/>
  </concept>
  <concept>
    <code value="selfEmployed"/>
    <display value="Self Employed"/>
    <definition value="self Employed"/>
  </concept>
  <concept>
    <code value="sponsored"/>
    <display value="Sponsored"/>
    <definition value="Sponsored"/>
  </concept>
  <concept>
    <code value="organizingGroups"/>
    <display value="Organizing Groups"/>
    <definition value="Organizing Groups"/>
  </concept>
</CodeSystem>