<?xml version="1.0" encoding="UTF-8"?>

<CodeSystem xmlns="http://hl7.org/fhir">
  <id value="KHTS.A"/>
  <text>
    <status value="generated"/><div xmlns="http://www.w3.org/1999/xhtml"><p class="res-header-id"><b>Generated Narrative: CodeSystem KHTS.A</b></p><a name="KHTS.A"> </a><a name="hcKHTS.A"> </a><a name="KHTS.A-en-US"> </a><p>This case-insensitive code system <code>https://intellisoft-consulting.github.io/igs/ChanjoKe-FHIR-IG/CodeSystem/KHTS.A</code> defines the following codes:</p><table class="codes"><tr><td style="white-space:nowrap"><b>Code</b></td><td><b>Display</b></td><td><b>Definition</b></td></tr><tr><td style="white-space:nowrap">C-001<a name="KHTS.A-C-001"> </a></td><td>Mombasa</td><td>County of Residence, Mombasa</td></tr><tr><td style="white-space:nowrap">C-002<a name="KHTS.A-C-002"> </a></td><td>Kilifi</td><td>County of Residence, Kilifi</td></tr><tr><td style="white-space:nowrap">C-003<a name="KHTS.A-C-003"> </a></td><td>Tana River	Hola</td><td>County of Residence, Tana River	Hola</td></tr><tr><td style="white-space:nowrap">C-004<a name="KHTS.A-C-004"> </a></td><td>Lamu</td><td>County of Residence, Lamu</td></tr></table></div>
  </text>
  <url value="https://intellisoft-consulting.github.io/igs/ChanjoKe-FHIR-IG/CodeSystem/KHTS.A"/>
  <version value="0.1.0"/>
  <name value="KHTS_A"/>
  <title value="KenyaCounties CodeSystem for Counties in Kenya"/>
  <status value="draft"/>
  <experimental value="false"/>
  <date value="2024-08-27T20:30:12+00:00"/>
  <publisher value="Intellisoft Consulting Ltd"/>
  <contact>
    <name value="Intellisoft Consulting Ltd"/>
    <telecom>
      <system value="url"/>
      <value value="https://www.intellisoftkenya.com/"/>
    </telecom>
    <telecom>
      <system value="email"/>
      <value value="info[at]intellisoftkenya.com"/>
    </telecom>
  </contact>
  <description value="CodeSystem for Counties in Kenya"/>
  <caseSensitive value="false"/>
  <content value="complete"/>
  <count value="4"/>
  <concept>
    <code value="C-001"/>
    <display value="Mombasa"/>
    <definition value="County of Residence, Mombasa"/>
  </concept>
  <concept>
    <code value="C-002"/>
    <display value="Kilifi"/>
    <definition value="County of Residence, Kilifi"/>
  </concept>
  <concept>
    <code value="C-003"/>
    <display value="Tana River&#x9;Hola"/>
    <definition value="County of Residence, Tana River&#x9;Hola"/>
  </concept>
  <concept>
    <code value="C-004"/>
    <display value="Lamu"/>
    <definition value="County of Residence, Lamu"/>
  </concept>
</CodeSystem>