<?xml version="1.0" encoding="UTF-8"?>

<CodeSystem xmlns="http://hl7.org/fhir">
  <id value="PatientContactList"/>
  <text>
    <status value="generated"/><div xmlns="http://www.w3.org/1999/xhtml"><p class="res-header-id"><b>Generated Narrative: CodeSystem PatientContactList</b></p><a name="PatientContactList"> </a><a name="hcPatientContactList"> </a><a name="PatientContactList-en-US"> </a><p>This case-insensitive code system <code>https://intellisoft-consulting.github.io/igs/ChanjoKe-FHIR-IG/CodeSystem/PatientContactList</code> defines the following codes:</p><table class="codes"><tr><td style="white-space:nowrap"><b>Code</b></td><td><b>Display</b></td></tr><tr><td style="white-space:nowrap">DE1<a name="PatientContactList-DE1"> </a></td><td>Father</td></tr><tr><td style="white-space:nowrap">DE2<a name="PatientContactList-DE2"> </a></td><td>Mother</td></tr><tr><td style="white-space:nowrap">DE3<a name="PatientContactList-DE3"> </a></td><td>Guardian</td></tr></table></div>
  </text>
  <url value="https://intellisoft-consulting.github.io/igs/ChanjoKe-FHIR-IG/CodeSystem/PatientContactList"/>
  <version value="0.1.0"/>
  <name value="PATIENTCONTACTS"/>
  <title value="Patient's Contact List"/>
  <status value="draft"/>
  <experimental value="false"/>
  <date value="2024-08-27T20:30:12+00:00"/>
  <publisher value="Intellisoft Consulting Ltd"/>
  <contact>
    <name value="Intellisoft Consulting Ltd"/>
    <telecom>
      <system value="url"/>
      <value value="https://www.intellisoftkenya.com/"/>
    </telecom>
    <telecom>
      <system value="email"/>
      <value value="info[at]intellisoftkenya.com"/>
    </telecom>
  </contact>
  <description value="Patient's family members, friends or others that can be contacted by healthcare providers onbahalf of the patient"/>
  <caseSensitive value="false"/>
  <content value="complete"/>
  <count value="3"/>
  <concept>
    <code value="DE1"/>
    <display value="Father"/>
  </concept>
  <concept>
    <code value="DE2"/>
    <display value="Mother"/>
  </concept>
  <concept>
    <code value="DE3"/>
    <display value="Guardian"/>
  </concept>
</CodeSystem>