<?xml version="1.0" encoding="UTF-8"?>

<CodeSystem xmlns="http://hl7.org/fhir">
  <id value="KNHTS.PAT.TITLE"/>
  <text>
    <status value="generated"/><div xmlns="http://www.w3.org/1999/xhtml"><p class="res-header-id"><b>Generated Narrative: CodeSystem KNHTS.PAT.TITLE</b></p><a name="KNHTS.PAT.TITLE"> </a><a name="hcKNHTS.PAT.TITLE"> </a><a name="KNHTS.PAT.TITLE-en-US"> </a><p>This case-insensitive code system <code>https://shr.tiberbuapps.com/fhir/CodeSystem/KNHTS.PAT.TITLE</code> defines the following codes:</p><table class="codes"><tr><td style="white-space:nowrap"><b>Code</b></td><td><b>Display</b></td><td><b>Definition</b></td></tr><tr><td style="white-space:nowrap">mr<a name="KNHTS.PAT.TITLE-mr"> </a></td><td>Mr</td><td>Mr</td></tr><tr><td style="white-space:nowrap">mrs<a name="KNHTS.PAT.TITLE-mrs"> </a></td><td>Mrs</td><td>Mrs</td></tr><tr><td style="white-space:nowrap">miss<a name="KNHTS.PAT.TITLE-miss"> </a></td><td>Miss</td><td>Miss</td></tr><tr><td style="white-space:nowrap">ms<a name="KNHTS.PAT.TITLE-ms"> </a></td><td>Ms</td><td>Ms</td></tr></table></div>
  </text>
  <url value="https://shr.tiberbuapps.com/fhir/CodeSystem/KNHTS.PAT.TITLE"/>
  <version value="0.1.0"/>
  <name value="PT_TITLE"/>
  <title value="CodeSystem for patient's title"/>
  <status value="draft"/>
  <experimental value="false"/>
  <date value="2024-08-23T12:29:17+03:00"/>
  <publisher value="intellisoftkenya"/>
  <contact>
    <name value="intellisoftkenya"/>
    <telecom>
      <system value="url"/>
      <value value="http://example.org/example-publisher"/>
    </telecom>
  </contact>
  <description value="CodeSystem for patient's title"/>
  <caseSensitive value="false"/>
  <content value="complete"/>
  <count value="4"/>
  <concept>
    <code value="mr"/>
    <display value="Mr"/>
    <definition value="Mr"/>
  </concept>
  <concept>
    <code value="mrs"/>
    <display value="Mrs"/>
    <definition value="Mrs"/>
  </concept>
  <concept>
    <code value="miss"/>
    <display value="Miss"/>
    <definition value="Miss"/>
  </concept>
  <concept>
    <code value="ms"/>
    <display value="Ms"/>
    <definition value="Ms"/>
  </concept>
</CodeSystem>