<?xml version="1.0" encoding="UTF-8"?>

<CodeSystem xmlns="http://hl7.org/fhir">
  <id value="KNHTS.CLMSACCOMODATIONTYPE"/>
  <text>
    <status value="generated"/><div xmlns="http://www.w3.org/1999/xhtml"><p class="res-header-id"><b>Generated Narrative: CodeSystem KNHTS.CLMSACCOMODATIONTYPE</b></p><a name="KNHTS.CLMSACCOMODATIONTYPE"> </a><a name="hcKNHTS.CLMSACCOMODATIONTYPE"> </a><a name="KNHTS.CLMSACCOMODATIONTYPE-en-US"> </a><p>This case-insensitive code system <code>https://shr.tiberbuapps.com/fhir/CodeSystem/KNHTS.CLMSACCOMODATIONTYPE</code> defines the following codes:</p><table class="codes"><tr><td style="white-space:nowrap"><b>Code</b></td><td><b>Display</b></td><td><b>Definition</b></td></tr><tr><td style="white-space:nowrap">CLMSACCTYPES01<a name="KNHTS.CLMSACCOMODATIONTYPE-CLMSACCTYPES01"> </a></td><td>FEMALE_MEDICAL</td><td>Female Medical</td></tr><tr><td style="white-space:nowrap">CLMSACCTYPES02<a name="KNHTS.CLMSACCOMODATIONTYPE-CLMSACCTYPES02"> </a></td><td>MALE_MEDICAL</td><td>Male Medical</td></tr><tr><td style="white-space:nowrap">CLMSACCTYPES03<a name="KNHTS.CLMSACCOMODATIONTYPE-CLMSACCTYPES03"> </a></td><td>FEMALE_SURGICAL</td><td>Female Surgical</td></tr><tr><td style="white-space:nowrap">CLMSACCTYPES04<a name="KNHTS.CLMSACCOMODATIONTYPE-CLMSACCTYPES04"> </a></td><td>MALE_SURGICAL</td><td>Male Surgical</td></tr><tr><td style="white-space:nowrap">CLMSACCTYPES05<a name="KNHTS.CLMSACCOMODATIONTYPE-CLMSACCTYPES05"> </a></td><td>GYNAECOLOGY</td><td>Gynaecology</td></tr><tr><td style="white-space:nowrap">CLMSACCTYPES06<a name="KNHTS.CLMSACCOMODATIONTYPE-CLMSACCTYPES06"> </a></td><td>MATERNITY</td><td>Maternity</td></tr><tr><td style="white-space:nowrap">CLMSACCTYPES07<a name="KNHTS.CLMSACCOMODATIONTYPE-CLMSACCTYPES07"> </a></td><td>NBU</td><td>New Born Unit</td></tr><tr><td style="white-space:nowrap">CLMSACCTYPES08<a name="KNHTS.CLMSACCOMODATIONTYPE-CLMSACCTYPES08"> </a></td><td>PSYCHIATRIC</td><td>Psychiatric Unit</td></tr><tr><td style="white-space:nowrap">CLMSACCTYPES09<a name="KNHTS.CLMSACCOMODATIONTYPE-CLMSACCTYPES09"> </a></td><td>BURNS</td><td>Burns</td></tr><tr><td style="white-space:nowrap">CLMSACCTYPES10<a name="KNHTS.CLMSACCOMODATIONTYPE-CLMSACCTYPES10"> </a></td><td>ICU</td><td>Intensive Care Unit</td></tr><tr><td style="white-space:nowrap">CLMSACCTYPES11<a name="KNHTS.CLMSACCOMODATIONTYPE-CLMSACCTYPES11"> </a></td><td>HDU</td><td>High Dependency Unit</td></tr><tr><td style="white-space:nowrap">CLMSACCTYPES12<a name="KNHTS.CLMSACCOMODATIONTYPE-CLMSACCTYPES12"> </a></td><td>NICU</td><td>Neonatal Intensive Care Unit</td></tr><tr><td style="white-space:nowrap">CLMSACCTYPES13<a name="KNHTS.CLMSACCOMODATIONTYPE-CLMSACCTYPES13"> </a></td><td>ISOLATION</td><td>Isolation</td></tr></table></div>
  </text>
  <url value="https://shr.tiberbuapps.com/fhir/CodeSystem/KNHTS.CLMSACCOMODATIONTYPE"/>
  <version value="0.1.0"/>
  <name value="KNHTS_CLMS_ACCOMODATIONTYPES"/>
  <title value="KNHTS.CLMSACCOMODATIONTYPE CodeSystem for claim accomodation type"/>
  <status value="draft"/>
  <experimental value="false"/>
  <date value="2024-08-23T12:29:17+03:00"/>
  <publisher value="intellisoftkenya"/>
  <contact>
    <name value="intellisoftkenya"/>
    <telecom>
      <system value="url"/>
      <value value="http://example.org/example-publisher"/>
    </telecom>
  </contact>
  <description value="CodeSystem for KNHTS Claim Accomodation Types"/>
  <caseSensitive value="false"/>
  <content value="complete"/>
  <count value="13"/>
  <concept>
    <code value="CLMSACCTYPES01"/>
    <display value="FEMALE_MEDICAL"/>
    <definition value="Female Medical"/>
  </concept>
  <concept>
    <code value="CLMSACCTYPES02"/>
    <display value="MALE_MEDICAL"/>
    <definition value="Male Medical"/>
  </concept>
  <concept>
    <code value="CLMSACCTYPES03"/>
    <display value="FEMALE_SURGICAL"/>
    <definition value="Female Surgical"/>
  </concept>
  <concept>
    <code value="CLMSACCTYPES04"/>
    <display value="MALE_SURGICAL"/>
    <definition value="Male Surgical"/>
  </concept>
  <concept>
    <code value="CLMSACCTYPES05"/>
    <display value="GYNAECOLOGY"/>
    <definition value="Gynaecology"/>
  </concept>
  <concept>
    <code value="CLMSACCTYPES06"/>
    <display value="MATERNITY"/>
    <definition value="Maternity"/>
  </concept>
  <concept>
    <code value="CLMSACCTYPES07"/>
    <display value="NBU"/>
    <definition value="New Born Unit"/>
  </concept>
  <concept>
    <code value="CLMSACCTYPES08"/>
    <display value="PSYCHIATRIC"/>
    <definition value="Psychiatric Unit"/>
  </concept>
  <concept>
    <code value="CLMSACCTYPES09"/>
    <display value="BURNS"/>
    <definition value="Burns"/>
  </concept>
  <concept>
    <code value="CLMSACCTYPES10"/>
    <display value="ICU"/>
    <definition value="Intensive Care Unit"/>
  </concept>
  <concept>
    <code value="CLMSACCTYPES11"/>
    <display value="HDU"/>
    <definition value="High Dependency Unit"/>
  </concept>
  <concept>
    <code value="CLMSACCTYPES12"/>
    <display value="NICU"/>
    <definition value="Neonatal Intensive Care Unit"/>
  </concept>
  <concept>
    <code value="CLMSACCTYPES13"/>
    <display value="ISOLATION"/>
    <definition value="Isolation"/>
  </concept>
</CodeSystem>