<?xml version="1.0" encoding="UTF-8"?>

<CodeSystem xmlns="http://hl7.org/fhir">
  <id value="KNHTS.CURRENTRENEWALDURATION"/>
  <text>
    <status value="generated"/><div xmlns="http://www.w3.org/1999/xhtml"><p class="res-header-id"><b>Generated Narrative: CodeSystem KNHTS.CURRENTRENEWALDURATION</b></p><a name="KNHTS.CURRENTRENEWALDURATION"> </a><a name="hcKNHTS.CURRENTRENEWALDURATION"> </a><a name="KNHTS.CURRENTRENEWALDURATION-en-US"> </a><p>This case-insensitive code system <code>https://shr.tiberbuapps.com/fhir/CodeSystem/KNHTS.CURRENTRENEWALDURATION</code> defines the following codes:</p><table class="codes"><tr><td style="white-space:nowrap"><b>Code</b></td><td><b>Display</b></td><td><b>Definition</b></td></tr><tr><td style="white-space:nowrap">once<a name="KNHTS.CURRENTRENEWALDURATION-once"> </a></td><td>Once</td><td>Once</td></tr><tr><td style="white-space:nowrap">semiAnnual<a name="KNHTS.CURRENTRENEWALDURATION-semiAnnual"> </a></td><td>Semi-Annual</td><td>Semi-Annual</td></tr><tr><td style="white-space:nowrap">annual<a name="KNHTS.CURRENTRENEWALDURATION-annual"> </a></td><td>Annual</td><td>Annual</td></tr><tr><td style="white-space:nowrap">other<a name="KNHTS.CURRENTRENEWALDURATION-other"> </a></td><td>Other</td><td>Other</td></tr></table></div>
  </text>
  <url value="https://shr.tiberbuapps.com/fhir/CodeSystem/KNHTS.CURRENTRENEWALDURATION"/>
  <version value="0.1.0"/>
  <name value="CURRENTRENEWALTYPE"/>
  <title value="CodeSystem for Practitioner's License Current Renewal type"/>
  <status value="draft"/>
  <experimental value="false"/>
  <date value="2024-08-23T12:29:17+03:00"/>
  <publisher value="intellisoftkenya"/>
  <contact>
    <name value="intellisoftkenya"/>
    <telecom>
      <system value="url"/>
      <value value="http://example.org/example-publisher"/>
    </telecom>
  </contact>
  <description value="CodeSystem for Practitioner's License Current Renewal type"/>
  <caseSensitive value="false"/>
  <content value="complete"/>
  <count value="4"/>
  <concept>
    <code value="once"/>
    <display value="Once"/>
    <definition value="Once"/>
  </concept>
  <concept>
    <code value="semiAnnual"/>
    <display value="Semi-Annual"/>
    <definition value="Semi-Annual"/>
  </concept>
  <concept>
    <code value="annual"/>
    <display value="Annual"/>
    <definition value="Annual"/>
  </concept>
  <concept>
    <code value="other"/>
    <display value="Other"/>
    <definition value="Other"/>
  </concept>
</CodeSystem>