<?xml version="1.0" encoding="UTF-8"?>

<CodeSystem xmlns="http://hl7.org/fhir">
  <id value="Patient.Employment"/>
  <text>
    <status value="generated"/><div xmlns="http://www.w3.org/1999/xhtml"><p class="res-header-id"><b>Generated Narrative: CodeSystem Patient.Employment</b></p><a name="Patient.Employment"> </a><a name="hcPatient.Employment"> </a><a name="Patient.Employment-en-US"> </a><p>This case-insensitive code system <code>https://shr.tiberbuapps.com/fhir/CodeSystem/Patient.Employment</code> defines the following codes:</p><table class="codes"><tr><td style="white-space:nowrap"><b>Code</b></td><td><b>Display</b></td><td><b>Definition</b></td></tr><tr><td style="white-space:nowrap">employed<a name="Patient.Employment-employed"> </a></td><td>employed</td><td>employed</td></tr><tr><td style="white-space:nowrap">selfEmployed<a name="Patient.Employment-selfEmployed"> </a></td><td>selft-employed</td><td>selft-employed</td></tr><tr><td style="white-space:nowrap">sponsored<a name="Patient.Employment-sponsored"> </a></td><td>sponsored</td><td>sponsored</td></tr><tr><td style="white-space:nowrap">organizedGroups<a name="Patient.Employment-organizedGroups"> </a></td><td>organizedGroups</td><td>organizedGroups</td></tr></table></div>
  </text>
  <url value="https://shr.tiberbuapps.com/fhir/CodeSystem/Patient.Employment"/>
  <version value="0.1.0"/>
  <name value="Patient_Employment"/>
  <title value="Patient's Employment CodeSystem"/>
  <status value="draft"/>
  <experimental value="false"/>
  <date value="2024-08-23T12:29:17+03:00"/>
  <publisher value="intellisoftkenya"/>
  <contact>
    <name value="intellisoftkenya"/>
    <telecom>
      <system value="url"/>
      <value value="http://example.org/example-publisher"/>
    </telecom>
  </contact>
  <description value="CodeSystem for Patient's Employment"/>
  <caseSensitive value="false"/>
  <content value="complete"/>
  <count value="4"/>
  <concept>
    <code value="employed"/>
    <display value="employed"/>
    <definition value="employed"/>
  </concept>
  <concept>
    <code value="selfEmployed"/>
    <display value="selft-employed"/>
    <definition value="selft-employed"/>
  </concept>
  <concept>
    <code value="sponsored"/>
    <display value="sponsored"/>
    <definition value="sponsored"/>
  </concept>
  <concept>
    <code value="organizedGroups"/>
    <display value="organizedGroups"/>
    <definition value="organizedGroups"/>
  </concept>
</CodeSystem>