<?xml version="1.0" encoding="UTF-8"?>

<CommunicationRequest xmlns="http://hl7.org/fhir">
  <id value="CommunicationRequestExample"/>
  <text>
    <status value="generated"/><div xmlns="http://www.w3.org/1999/xhtml"><p class="res-header-id"><b>Generated Narrative: CommunicationRequest CommunicationRequestExample</b></p><a name="CommunicationRequestExample"> </a><a name="hcCommunicationRequestExample"> </a><a name="CommunicationRequestExample-en-US"> </a><p><b>status</b>: Active</p></div>
  </text>
  <status value="active"/>
</CommunicationRequest>