<?xml version="1.0" encoding="UTF-8"?>

<Coverage xmlns="http://hl7.org/fhir">
  <id value="CoverageExample"/>
  <text>
    <status value="generated"/><div xmlns="http://www.w3.org/1999/xhtml"><p class="res-header-id"><b>Generated Narrative: Coverage CoverageExample</b></p><a name="CoverageExample"> </a><a name="hcCoverageExample"> </a><a name="CoverageExample-en-US"> </a><p><b>status</b>: Active</p><p><b>beneficiary</b>: <a href="Patient-SHAPatientExample.html">Eliud Kipchoge Kiptun Male, DoB: 1984-11-05 ( Unique Patient Identifier: 123456 (use: official, ))</a></p><p><b>payor</b>: <a href="Patient-SHAPatientExample.html">Eliud Kipchoge Kiptun Male, DoB: 1984-11-05 ( Unique Patient Identifier: 123456 (use: official, ))</a></p></div>
  </text>
  <status value="active"/>
  <beneficiary>
    <reference value="Patient/SHAPatientExample"/>
  </beneficiary>
  <payor>
    <reference value="Patient/SHAPatientExample"/>
  </payor>
</Coverage>