<?xml version="1.0" encoding="UTF-8"?>

<Location xmlns="http://hl7.org/fhir">
  <id value="LocationExample"/>
  <text>
    <status value="generated"/><div xmlns="http://www.w3.org/1999/xhtml"><p class="res-header-id"><b>Generated Narrative: Location LocationExample</b></p><a name="LocationExample"> </a><a name="hcLocationExample"> </a><a name="LocationExample-en-US"> </a><p><b>name</b>: Kenya Medical Research Institute</p></div>
  </text>
  <name value="Kenya Medical Research Institute"/>
</Location>