<?xml version="1.0" encoding="UTF-8"?>

<Medication xmlns="http://hl7.org/fhir">
  <id value="MedicationExample"/>
  <text>
    <status value="generated"/><div xmlns="http://www.w3.org/1999/xhtml"><p class="res-header-id"><b>Generated Narrative: Medication MedicationExample</b></p><a name="MedicationExample"> </a><a name="hcMedicationExample"> </a><a name="MedicationExample-en-US"> </a><p><b>code</b>: <span title="Codes:{http://snomed.info/sct 261000}">Codeine phosphate</span></p><p><b>status</b>: Active</p></div>
  </text>
  <code>
    <coding>
      <system value="http://snomed.info/sct"/>
      <code value="261000"/>
      <display value="Codeine phosphate"/>
    </coding>
    <text value="Codeine phosphate"/>
  </code>
  <status value="active"/>
</Medication>