<?xml version="1.0" encoding="UTF-8"?>

<MedicationRequest xmlns="http://hl7.org/fhir">
  <id value="MedicationRequestExample"/>
  <text>
    <status value="generated"/><div xmlns="http://www.w3.org/1999/xhtml"><p class="res-header-id"><b>Generated Narrative: MedicationRequest MedicationRequestExample</b></p><a name="MedicationRequestExample"> </a><a name="hcMedicationRequestExample"> </a><a name="MedicationRequestExample-en-US"> </a><p><b>status</b>: Active</p><p><b>intent</b>: Order</p><p><b>medication</b>: <a href="Medication-MedicationExample.html">Medication Codeine phosphate</a></p><p><b>subject</b>: <a href="Patient-SHAPatientExample.html">Eliud Kipchoge Kiptun Male, DoB: 1984-11-05 ( Unique Patient Identifier: 123456 (use: official, ))</a></p></div>
  </text>
  <status value="active"/>
  <intent value="order"/>
  <medicationReference>
    <reference value="Medication/MedicationExample"/>
  </medicationReference>
  <subject>
    <reference value="Patient/SHAPatientExample"/>
  </subject>
</MedicationRequest>