<?xml version="1.0" encoding="UTF-8"?>

<Observation xmlns="http://hl7.org/fhir">
  <id value="ObservationExample"/>
  <text>
    <status value="generated"/><div xmlns="http://www.w3.org/1999/xhtml"><p class="res-header-id"><b>Generated Narrative: Observation ObservationExample</b></p><a name="ObservationExample"> </a><a name="hcObservationExample"> </a><a name="ObservationExample-en-US"> </a><p><b>status</b>: Final</p><p><b>code</b>: <span title="Codes:{http://loinc.org 1-8}">Acyclovir [Susceptibility]</span></p></div>
  </text>
  <status value="final"/>
  <code>
    <coding>
      <system value="http://loinc.org"/>
      <code value="1-8"/>
      <display value="Acyclovir [Susceptibility]"/>
    </coding>
    <text value="Acyclovir [Susceptibility]"/>
  </code>
</Observation>