<?xml version="1.0" encoding="UTF-8"?>

<Patient xmlns="http://hl7.org/fhir">
  <id value="SHAPatientExample2"/>
  <meta>
    <profile value="https://shr.tiberbuapps.com/fhir/StructureDefinition/SHAPatient"/>
  </meta>
  <text>
    <status value="generated"/><div xmlns="http://www.w3.org/1999/xhtml"><p class="res-header-id"><b>Generated Narrative: Patient SHAPatientExample2</b></p><a name="SHAPatientExample2"> </a><a name="hcSHAPatientExample2"> </a><a name="SHAPatientExample2-en-US"> </a><p style="border: 1px #661aff solid; background-color: #e6e6ff; padding: 10px;">Eliud Kipchoge Kiptun Male, DoB: 1984-11-05 ( Unique Patient Identifier: 123456 (use: official, ))</p><hr/><table class="grid"><tr><td style="background-color: #f3f5da" title="Known Marital status of Patient">Marital Status:</td><td colspan="3"><span title="Codes:{http://terminology.hl7.org/CodeSystem/v3-MaritalStatus M}">Married</span></td></tr><tr><td style="background-color: #f3f5da" title="Ways to contact the Patient">Contact Detail</td><td colspan="3"><ul><li><a href="tel:+254700123456">+254700123456</a></li><li>123 Nairobi St Nairobi 00100 Kenya </li></ul></td></tr><tr><td style="background-color: #f3f5da" title="Nominated Contact: Sibling">Sibling:</td><td colspan="3"><ul><li>Grace Kipchoge </li><li><a href="tel:+254700654321">+254700654321</a></li></ul></td></tr><tr><td style="background-color: #f3f5da" title="Extension for patient's death Status"><a href="StructureDefinition-deceased-datetime.html">Deceased Datetime</a></td><td colspan="3">2023-05-01</td></tr><tr><td style="background-color: #f3f5da" title="Patient's Village Estate"><a href="StructureDefinition-village-estate.html">Extension for Patient's Village Estate</a></td><td colspan="3">Mombasa</td></tr><tr><td style="background-color: #f3f5da" title="Place of Birth"><a href="StructureDefinition-place-of-birth.html">Extension for Place of Birth</a></td><td colspan="3">Nairobi, Kenya</td></tr><tr><td style="background-color: #f3f5da" title="Patient's building_house_no"><a href="StructureDefinition-building-house-no.html">Extension for Patient's building_house_no</a></td><td colspan="3">12B</td></tr><tr><td style="background-color: #f3f5da" title="Extension for patient's alive status"><a href="StructureDefinition-patient-is-alive.html">Patient Is Alive</a></td><td colspan="3">true</td></tr><tr><td style="background-color: #f3f5da" title="Extension for Biometrics Verification"><a href="StructureDefinition-biometrics-verified.html">Biometrics Verified</a></td><td colspan="3">true</td></tr><tr><td style="background-color: #f3f5da" title="Patient's Patient's Sub-County"><a href="StructureDefinition-sub-county.html">Extension for Patient's Sub-County</a></td><td colspan="3">mombasa</td></tr><tr><td style="background-color: #f3f5da" title="Patient's County"><a href="StructureDefinition-county.html">Extension for Patient's County</a></td><td colspan="3">mombasa</td></tr><tr><td style="background-color: #f3f5da" title="Extension for patient's employment type"><a href="StructureDefinition-employment-type.html">Patient Employment Type</a></td><td colspan="3">selfEmployed</td></tr><tr><td style="background-color: #f3f5da" title="Patient's Identification Residence"><a href="StructureDefinition-identification-residence.html">Extension for Patient's identification residence</a></td><td colspan="3">ID-12345</td></tr><tr><td style="background-color: #f3f5da" title="Extension for Employer Name"><a href="StructureDefinition-employer-name.html">Employer Name</a></td><td colspan="3">ABC Organization</td></tr><tr><td style="background-color: #f3f5da" title="Extension for Disability Sub-Category"><a href="StructureDefinition-disability-subcategory.html">Disability Sub-Category</a></td><td colspan="3">Mobility</td></tr><tr><td style="background-color: #f3f5da" title="Extension for patient's preferred primary care network."><a href="StructureDefinition-preferred-primary-care-network.html">PatientPreferredPrimaryCareNetwork</a></td><td colspan="3">dagorettiNorth</td></tr><tr><td style="background-color: #f3f5da" title="Extension for Disability Category"><a href="StructureDefinition-disability-category.html">Disability Category</a></td><td colspan="3">Physical</td></tr><tr><td style="background-color: #f3f5da" title="Patient's Patient's Ward"><a href="StructureDefinition-ward.html">Extension for Patient's Ward</a></td><td colspan="3">mombasa</td></tr><tr><td style="background-color: #f3f5da" title="A code representing Patient's KRA PIN"><a href="StructureDefinition-kra-pin.html">Extension Patient's KRA PIN</a></td><td colspan="3">A123456789</td></tr><tr><td style="background-color: #f3f5da" title="Extension for Disability Cause"><a href="StructureDefinition-disability-cause.html">Disability Cause</a></td><td colspan="3">Accident</td></tr><tr><td style="background-color: #f3f5da" title="Extension for Employer Pin"><a href="StructureDefinition-employer-pin.html">Employer Pin</a></td><td colspan="3">E987654321</td></tr></table></div>
  </text>
  <extension url="https://shr.tiberbuapps.com/fhir/StructureDefinition/place-of-birth">
    <valueString value="Nairobi, Kenya"/>
  </extension>
  <extension url="https://shr.tiberbuapps.com/fhir/StructureDefinition/kra-pin">
    <valueString value="A123456789"/>
  </extension>
  <extension url="https://shr.tiberbuapps.com/fhir/StructureDefinition/preferred-primary-care-network">
    <valueCode value="dagorettiNorth"/>
  </extension>
  <extension url="https://shr.tiberbuapps.com/fhir/StructureDefinition/employment-type">
    <valueCode value="selfEmployed"/>
  </extension>
  <extension url="https://shr.tiberbuapps.com/fhir/StructureDefinition/patient-is-alive">
    <valueBoolean value="true"/>
  </extension>
  <extension url="https://shr.tiberbuapps.com/fhir/StructureDefinition/deceased-datetime">
    <valueDate value="2023-05-01"/>
  </extension>
  <extension url="https://shr.tiberbuapps.com/fhir/StructureDefinition/biometrics-verified">
    <valueBoolean value="true"/>
  </extension>
  <extension url="https://shr.tiberbuapps.com/fhir/StructureDefinition/employer-name">
    <valueString value="ABC Organization"/>
  </extension>
  <extension url="https://shr.tiberbuapps.com/fhir/StructureDefinition/employer-pin">
    <valueString value="E987654321"/>
  </extension>
  <extension url="https://shr.tiberbuapps.com/fhir/StructureDefinition/disability-category">
    <valueCode value="Physical"/>
  </extension>
  <extension url="https://shr.tiberbuapps.com/fhir/StructureDefinition/disability-subcategory">
    <valueCode value="Mobility"/>
  </extension>
  <extension url="https://shr.tiberbuapps.com/fhir/StructureDefinition/disability-cause">
    <valueString value="Accident"/>
  </extension>
  <extension url="https://shr.tiberbuapps.com/fhir/StructureDefinition/building-house-no">
    <valueString value="12B"/>
  </extension>
  <extension url="https://shr.tiberbuapps.com/fhir/StructureDefinition/village-estate">
    <valueString value="Mombasa"/>
  </extension>
  <extension url="https://shr.tiberbuapps.com/fhir/StructureDefinition/ward">
    <valueCode value="mombasa"/>
  </extension>
  <extension url="https://shr.tiberbuapps.com/fhir/StructureDefinition/sub-county">
    <valueCode value="mombasa"/>
  </extension>
  <extension url="https://shr.tiberbuapps.com/fhir/StructureDefinition/county">
    <valueCode value="mombasa"/>
  </extension>
  <extension url="https://shr.tiberbuapps.com/fhir/StructureDefinition/identification-residence">
    <valueString value="ID-12345"/>
  </extension>
  <identifier>
    <use value="official"/>
    <type>
      <coding>
        <system value="https://cr.tiberbuapps.com"/>
        <code value="upi"/>
        <display value="Unique Patient Identifier"/>
      </coding>
    </type>
    <value value="123456"/>
  </identifier>
  <name>
    <text value="Eliud Kipchoge Kiptun"/>
    <family value="Kipchoge"/>
    <given value="Eliud Kiptun"/>
    <prefix value="mr"/>
  </name>
  <telecom>
    <system value="phone"/>
    <value value="+254700123456"/>
  </telecom>
  <gender value="male"/>
  <birthDate value="1984-11-05"/>
  <address>
    <extension url="https://shr.tiberbuapps.com/fhir/StructureDefinition/latitude">
      <valueString value="12.34567"/>
    </extension>
    <extension url="https://shr.tiberbuapps.com/fhir/StructureDefinition/longitude">
      <valueString value="76.54321"/>
    </extension>
    <extension url="https://shr.tiberbuapps.com/fhir/StructureDefinition/building-house-no">
      <valueString value="123"/>
    </extension>
    <extension url="https://shr.tiberbuapps.com/fhir/StructureDefinition/village-estate">
      <valueString value="Green Village"/>
    </extension>
    <extension url="https://shr.tiberbuapps.com/fhir/StructureDefinition/identification-residence">
      <valueString value="Permanent"/>
    </extension>
    <line value="123 Nairobi St"/>
    <city value="Nairobi"/>
    <postalCode value="00100"/>
    <country value="Kenya"/>
  </address>
  <maritalStatus>
    <coding>
      <system value="http://terminology.hl7.org/CodeSystem/v3-MaritalStatus"/>
      <code value="M"/>
      <display value="Married"/>
    </coding>
  </maritalStatus>
  <contact>
    <relationship>
      <coding>
        <system value="https://knhts.health.go.ke"/>
        <code value="sibling"/>
        <display value="Sibling"/>
      </coding>
    </relationship>
    <name>
      <family value="Kipchoge"/>
      <given value="Grace"/>
    </name>
    <telecom>
      <system value="phone"/>
      <value value="+254700654321"/>
    </telecom>
  </contact>
</Patient>