<?xml version="1.0" encoding="UTF-8"?>

<ServiceRequest xmlns="http://hl7.org/fhir">
  <id value="ServiceRequestExample"/>
  <text>
    <status value="generated"/><div xmlns="http://www.w3.org/1999/xhtml"><p class="res-header-id"><b>Generated Narrative: ServiceRequest ServiceRequestExample</b></p><a name="ServiceRequestExample"> </a><a name="hcServiceRequestExample"> </a><a name="ServiceRequestExample-en-US"> </a><p><b>status</b>: Active</p><p><b>intent</b>: Order</p><p><b>subject</b>: <a href="Patient-PatientExample.html">Grahame Grieve Male, DoB: 1969-04-13</a></p></div>
  </text>
  <status value="active"/>
  <intent value="order"/>
  <subject>
    <reference value="Patient/PatientExample"/>
  </subject>
</ServiceRequest>