<?xml version="1.0" encoding="UTF-8"?>

<Substance xmlns="http://hl7.org/fhir">
  <id value="SubstanceExample"/>
  <text>
    <status value="generated"/><div xmlns="http://www.w3.org/1999/xhtml"><p class="res-header-id"><b>Generated Narrative: Substance SubstanceExample</b></p><a name="SubstanceExample"> </a><a name="hcSubstanceExample"> </a><a name="SubstanceExample-en-US"> </a><p><b>code</b>: <span title="Codes:{http://snomed.info/sct 102002}">Hemoglobin Okaloosa</span></p></div>
  </text>
  <code>
    <coding>
      <system value="http://snomed.info/sct"/>
      <code value="102002"/>
      <display value="Hemoglobin Okaloosa"/>
    </coding>
    <text value="Hemoglobin Okaloosa"/>
  </code>
</Substance>