<?xml version="1.0" encoding="UTF-8"?>

<ValueSet xmlns="http://hl7.org/fhir">
  <id value="KenyaCountiesVS"/>
  <text>
    <status value="extensions"/><div xmlns="http://www.w3.org/1999/xhtml"><p class="res-header-id"><b>Generated Narrative: ValueSet KenyaCountiesVS</b></p><a name="KenyaCountiesVS"> </a><a name="hcKenyaCountiesVS"> </a><a name="KenyaCountiesVS-en-US"> </a><ul><li>Include these codes as defined in <a href="CodeSystem-KHTS.A.html"><code>https://shr.tiberbuapps.com/fhir/CodeSystem/KHTS.A</code></a><table class="none"><tr><td style="white-space:nowrap"><b>Code</b></td><td><b>Display</b></td><td><b>Definition</b></td></tr><tr><td><a href="CodeSystem-KHTS.A.html#KHTS.A-mombasa">mombasa</a></td><td style="color: #cccccc">Mombasa</td><td>County of Residence, Mombasa</td></tr><tr><td><a href="CodeSystem-KHTS.A.html#KHTS.A-kilifi">kilifi</a></td><td style="color: #cccccc">Kilifi</td><td>County of Residence, Kilifi</td></tr><tr><td><a href="CodeSystem-KHTS.A.html#KHTS.A-tanaRiver">tanaRiver</a></td><td style="color: #cccccc">Tana River	Hola</td><td>County of Residence, Tana River	Hola</td></tr><tr><td><a href="CodeSystem-KHTS.A.html#KHTS.A-lamu">lamu</a></td><td style="color: #cccccc">Lamu</td><td>County of Residence, Lamu</td></tr></table></li></ul></div>
  </text>
  <url value="https://shr.tiberbuapps.com/fhir/ValueSet/KenyaCountiesVS"/>
  <version value="0.1.0"/>
  <name value="KHTS1VS"/>
  <title value="Counties in Kenya"/>
  <status value="draft"/>
  <experimental value="false"/>
  <date value="2024-08-23T12:29:17+03:00"/>
  <publisher value="intellisoftkenya"/>
  <contact>
    <name value="intellisoftkenya"/>
    <telecom>
      <system value="url"/>
      <value value="http://example.org/example-publisher"/>
    </telecom>
  </contact>
  <description value="Counties in Kenya"/>
  <compose>
    <include>
      <system value="https://shr.tiberbuapps.com/fhir/CodeSystem/KHTS.A"/>
      <concept>
        <code value="mombasa"/>
      </concept>
      <concept>
        <code value="kilifi"/>
      </concept>
      <concept>
        <code value="tanaRiver"/>
      </concept>
      <concept>
        <code value="lamu"/>
      </concept>
    </include>
  </compose>
</ValueSet>