<?xml version="1.0" encoding="UTF-8"?>

<ValueSet xmlns="http://hl7.org/fhir">
  <id value="maternalTSTTestResultVs"/>
  <text>
    <status value="generated"/><div xmlns="http://www.w3.org/1999/xhtml"><p class="res-header-id"><b>Generated Narrative: ValueSet maternalTSTTestResultVs</b></p><a name="maternalTSTTestResultVs"> </a><a name="hcmaternalTSTTestResultVs"> </a><a name="maternalTSTTestResultVs-en-US"> </a><ul><li>Include these codes as defined in <a href="CodeSystem-IMMZ.B.html"><code>https://intellisoft-consulting.github.io/igs/ChanjoKe-FHIR-IG/CodeSystem/IMMZ.B</code></a><table class="none"><tr><td style="white-space:nowrap"><b>Code</b></td><td><b>Display</b></td></tr><tr><td><a href="CodeSystem-IMMZ.B.html#IMMZ.B-DE31">DE31</a></td><td>TST-Positive</td></tr><tr><td><a href="CodeSystem-IMMZ.B.html#IMMZ.B-DE32">DE32</a></td><td>TST-Negative</td></tr></table></li></ul></div>
  </text>
  <url value="https://intellisoft-consulting.github.io/igs/ChanjoKe-FHIR-IG/ValueSet/maternalTSTTestResultVs"/>
  <version value="0.1.0"/>
  <name value="IMMZB1DE30VS"/>
  <title value="Maternal's TST Test Result"/>
  <status value="draft"/>
  <experimental value="false"/>
  <date value="2024-08-27T20:30:12+00:00"/>
  <publisher value="Intellisoft Consulting Ltd"/>
  <contact>
    <name value="Intellisoft Consulting Ltd"/>
    <telecom>
      <system value="url"/>
      <value value="https://www.intellisoftkenya.com/"/>
    </telecom>
    <telecom>
      <system value="email"/>
      <value value="info[at]intellisoftkenya.com"/>
    </telecom>
  </contact>
  <description value="Maternal's TST Test Result"/>
  <compose>
    <include>
      <system value="https://intellisoft-consulting.github.io/igs/ChanjoKe-FHIR-IG/CodeSystem/IMMZ.B"/>
      <concept>
        <code value="DE31"/>
        <display value="TST-Positive"/>
      </concept>
      <concept>
        <code value="DE32"/>
        <display value="TST-Negative"/>
      </concept>
    </include>
  </compose>
</ValueSet>