<?xml version="1.0" encoding="UTF-8"?>

<ValueSet xmlns="http://hl7.org/fhir">
  <id value="disaggregationGroupVS"/>
  <text>
    <status value="extensions"/><div xmlns="http://www.w3.org/1999/xhtml"><p class="res-header-id"><b>Generated Narrative: ValueSet disaggregationGroupVS</b></p><a name="disaggregationGroupVS"> </a><a name="hcdisaggregationGroupVS"> </a><a name="disaggregationGroupVS-en-US"> </a><ul><li>Include these codes as defined in <a href="CodeSystem-IMMZ.E.html"><code>https://intellisoft-consulting.github.io/igs/ChanjoKe-FHIR-IG/CodeSystem/IMMZ.E</code></a><table class="none"><tr><td style="white-space:nowrap"><b>Code</b></td><td><b>Display</b></td><td><b>Definition</b></td></tr><tr><td><a href="CodeSystem-IMMZ.E.html#IMMZ.E-DE33">DE33</a></td><td style="color: #cccccc">By-Sex</td><td>Represents a disaggregation grouped by the indicator population's sex values</td></tr><tr><td><a href="CodeSystem-IMMZ.E.html#IMMZ.E-DE34">DE34</a></td><td style="color: #cccccc">By-Region</td><td>Represents a disaggregation grouped by the indicator population's administrative regions</td></tr><tr><td><a href="CodeSystem-IMMZ.E.html#IMMZ.E-DE35">DE35</a></td><td style="color: #cccccc">By-Age Group</td><td>Represents a disaggregation grouped by the indicator population's age groups</td></tr><tr><td><a href="CodeSystem-IMMZ.E.html#IMMZ.E-DE36">DE36</a></td><td style="color: #cccccc">By-Dose Number</td><td>Represents a disaggregation grouped by the indicator population's dose numbers for a specific vaccine</td></tr><tr><td><a href="CodeSystem-IMMZ.E.html#IMMZ.E-DE37">DE37</a></td><td style="color: #cccccc">By-Vaccine Type</td><td>Represents a disaggregation grouped by the indicator population's vaccine types</td></tr><tr><td><a href="CodeSystem-IMMZ.E.html#IMMZ.E-DE38">DE38</a></td><td style="color: #cccccc">By-Vaccine Manufacturer</td><td>Represents a disaggregation grouped by the indicator population's vaccine manufacturers for a specific vaccine</td></tr><tr><td><a href="CodeSystem-IMMZ.E.html#IMMZ.E-DE39">DE39</a></td><td style="color: #cccccc">By-Reaction Manifestation</td><td>Represents a disaggregation grouped by the indicator population's reaction manifestations for a specific vaccine</td></tr><tr><td><a href="CodeSystem-IMMZ.E.html#IMMZ.E-DE40">DE40</a></td><td style="color: #cccccc">By-Occupation</td><td>Represents a disaggregation grouped by the indicator population's occupations</td></tr></table></li></ul></div>
  </text>
  <url value="https://intellisoft-consulting.github.io/igs/ChanjoKe-FHIR-IG/ValueSet/disaggregationGroupVS"/>
  <version value="0.1.0"/>
  <name value="IMMZE1DE32VS"/>
  <title value="Disaggregation Group"/>
  <status value="draft"/>
  <experimental value="false"/>
  <date value="2024-08-27T20:30:12+00:00"/>
  <publisher value="Intellisoft Consulting Ltd"/>
  <contact>
    <name value="Intellisoft Consulting Ltd"/>
    <telecom>
      <system value="url"/>
      <value value="https://www.intellisoftkenya.com/"/>
    </telecom>
    <telecom>
      <system value="email"/>
      <value value="info[at]intellisoftkenya.com"/>
    </telecom>
  </contact>
  <description value="Disaggregation Group"/>
  <compose>
    <include>
      <system value="https://intellisoft-consulting.github.io/igs/ChanjoKe-FHIR-IG/CodeSystem/IMMZ.E"/>
      <concept>
        <code value="DE33"/>
      </concept>
      <concept>
        <code value="DE34"/>
      </concept>
      <concept>
        <code value="DE35"/>
      </concept>
      <concept>
        <code value="DE36"/>
      </concept>
      <concept>
        <code value="DE37"/>
      </concept>
      <concept>
        <code value="DE38"/>
      </concept>
      <concept>
        <code value="DE39"/>
      </concept>
      <concept>
        <code value="DE40"/>
      </concept>
    </include>
  </compose>
</ValueSet>