<?xml version="1.0" encoding="UTF-8"?>

<ValueSet xmlns="http://hl7.org/fhir">
  <id value="PractitionerOperationalStatusVS"/>
  <text>
    <status value="extensions"/><div xmlns="http://www.w3.org/1999/xhtml"><p class="res-header-id"><b>Generated Narrative: ValueSet PractitionerOperationalStatusVS</b></p><a name="PractitionerOperationalStatusVS"> </a><a name="hcPractitionerOperationalStatusVS"> </a><a name="PractitionerOperationalStatusVS-en-US"> </a><ul><li>Include these codes as defined in <a href="CodeSystem-KNHTS.OPERATIONALSTATUS.html"><code>https://shr.tiberbuapps.com/fhir/CodeSystem/KNHTS.OPERATIONALSTATUS</code></a><table class="none"><tr><td style="white-space:nowrap"><b>Code</b></td><td><b>Display</b></td><td><b>Definition</b></td></tr><tr><td><a href="CodeSystem-KNHTS.OPERATIONALSTATUS.html#KNHTS.OPERATIONALSTATUS-active">active</a></td><td style="color: #cccccc">Active</td><td>Active</td></tr><tr><td><a href="CodeSystem-KNHTS.OPERATIONALSTATUS.html#KNHTS.OPERATIONALSTATUS-suspended">suspended</a></td><td style="color: #cccccc">Suspended</td><td>Suspended</td></tr><tr><td><a href="CodeSystem-KNHTS.OPERATIONALSTATUS.html#KNHTS.OPERATIONALSTATUS-revoked">revoked</a></td><td style="color: #cccccc">Revoked</td><td>Revoked</td></tr></table></li></ul></div>
  </text>
  <url value="https://shr.tiberbuapps.com/fhir/ValueSet/PractitionerOperationalStatusVS"/>
  <version value="0.1.0"/>
  <name value="PRACTQUALIFICATIONTYPE"/>
  <title value="Practitioner's Operational Status"/>
  <status value="draft"/>
  <experimental value="false"/>
  <date value="2024-08-23T12:29:17+03:00"/>
  <publisher value="intellisoftkenya"/>
  <contact>
    <name value="intellisoftkenya"/>
    <telecom>
      <system value="url"/>
      <value value="http://example.org/example-publisher"/>
    </telecom>
  </contact>
  <description value="Practitioner's Operational Status"/>
  <compose>
    <include>
      <system value="https://shr.tiberbuapps.com/fhir/CodeSystem/KNHTS.OPERATIONALSTATUS"/>
      <concept>
        <code value="active"/>
      </concept>
      <concept>
        <code value="suspended"/>
      </concept>
      <concept>
        <code value="revoked"/>
      </concept>
    </include>
  </compose>
</ValueSet>