<?xml version="1.0" encoding="UTF-8"?>

<ValueSet xmlns="http://hl7.org/fhir">
  <id value="FacilityApprovalStatusVS"/>
  <text>
    <status value="extensions"/><div xmlns="http://www.w3.org/1999/xhtml"><p class="res-header-id"><b>Generated Narrative: ValueSet FacilityApprovalStatusVS</b></p><a name="FacilityApprovalStatusVS"> </a><a name="hcFacilityApprovalStatusVS"> </a><a name="FacilityApprovalStatusVS-en-US"> </a><ul><li>Include these codes as defined in <a href="CodeSystem-KNHTS.FACILITYAPPROVALSTATUS.html"><code>https://shr.tiberbuapps.com/fhir/CodeSystem/KNHTS.FACILITYAPPROVALSTATUS</code></a><table class="none"><tr><td style="white-space:nowrap"><b>Code</b></td><td><b>Display</b></td><td><b>Definition</b></td></tr><tr><td><a href="CodeSystem-KNHTS.FACILITYAPPROVALSTATUS.html#KNHTS.FACILITYAPPROVALSTATUS-yes">yes</a></td><td style="color: #cccccc">YES</td><td>YES</td></tr><tr><td><a href="CodeSystem-KNHTS.FACILITYAPPROVALSTATUS.html#KNHTS.FACILITYAPPROVALSTATUS-no">no</a></td><td style="color: #cccccc">NO</td><td>NO</td></tr><tr><td><a href="CodeSystem-KNHTS.FACILITYAPPROVALSTATUS.html#KNHTS.FACILITYAPPROVALSTATUS-none">none</a></td><td style="color: #cccccc">NONE</td><td>NONE</td></tr></table></li></ul></div>
  </text>
  <url value="https://shr.tiberbuapps.com/fhir/ValueSet/FacilityApprovalStatusVS"/>
  <version value="0.1.0"/>
  <name value="FACILITYAPPROVALSTATUS"/>
  <title value="Code Systems Facility Approval Status"/>
  <status value="draft"/>
  <experimental value="false"/>
  <date value="2024-08-23T12:29:17+03:00"/>
  <publisher value="intellisoftkenya"/>
  <contact>
    <name value="intellisoftkenya"/>
    <telecom>
      <system value="url"/>
      <value value="http://example.org/example-publisher"/>
    </telecom>
  </contact>
  <description value="Code Systems Facility Approval Status"/>
  <compose>
    <include>
      <system value="https://shr.tiberbuapps.com/fhir/CodeSystem/KNHTS.FACILITYAPPROVALSTATUS"/>
      <concept>
        <code value="yes"/>
      </concept>
      <concept>
        <code value="no"/>
      </concept>
      <concept>
        <code value="none"/>
      </concept>
    </include>
  </compose>
</ValueSet>