<?xml version="1.0" encoding="UTF-8"?>

<ValueSet xmlns="http://hl7.org/fhir">
  <id value="EmploymentTypeVS"/>
  <text>
    <status value="extensions"/><div xmlns="http://www.w3.org/1999/xhtml"><p class="res-header-id"><b>Generated Narrative: ValueSet EmploymentTypeVS</b></p><a name="EmploymentTypeVS"> </a><a name="hcEmploymentTypeVS"> </a><a name="EmploymentTypeVS-en-US"> </a><ul><li>Include these codes as defined in <a href="CodeSystem-KNHTS.EMPLOYMENTTYPE.html"><code>https://shr.tiberbuapps.com/fhir/CodeSystem/KNHTS.EMPLOYMENTTYPE</code></a><table class="none"><tr><td style="white-space:nowrap"><b>Code</b></td><td><b>Display</b></td><td><b>Definition</b></td></tr><tr><td><a href="CodeSystem-KNHTS.EMPLOYMENTTYPE.html#KNHTS.EMPLOYMENTTYPE-employed">employed</a></td><td style="color: #cccccc">Employed</td><td>Employed</td></tr><tr><td><a href="CodeSystem-KNHTS.EMPLOYMENTTYPE.html#KNHTS.EMPLOYMENTTYPE-selfEmployed">selfEmployed</a></td><td style="color: #cccccc">Self Employed</td><td>self Employed</td></tr><tr><td><a href="CodeSystem-KNHTS.EMPLOYMENTTYPE.html#KNHTS.EMPLOYMENTTYPE-organizingGroups">organizingGroups</a></td><td style="color: #cccccc">Organizing Groups</td><td>Organizing Groups</td></tr><tr><td><a href="CodeSystem-KNHTS.EMPLOYMENTTYPE.html#KNHTS.EMPLOYMENTTYPE-sponsored">sponsored</a></td><td style="color: #cccccc">Sponsored</td><td>Sponsored</td></tr></table></li></ul></div>
  </text>
  <url value="https://shr.tiberbuapps.com/fhir/ValueSet/EmploymentTypeVS"/>
  <version value="0.1.0"/>
  <name value="EMPLOYMENTTYPE"/>
  <title value="Patient Employment Type"/>
  <status value="draft"/>
  <experimental value="false"/>
  <date value="2024-08-23T12:29:17+03:00"/>
  <publisher value="intellisoftkenya"/>
  <contact>
    <name value="intellisoftkenya"/>
    <telecom>
      <system value="url"/>
      <value value="http://example.org/example-publisher"/>
    </telecom>
  </contact>
  <description value="Patient Employment Type"/>
  <compose>
    <include>
      <system value="https://shr.tiberbuapps.com/fhir/CodeSystem/KNHTS.EMPLOYMENTTYPE"/>
      <concept>
        <code value="employed"/>
      </concept>
      <concept>
        <code value="selfEmployed"/>
      </concept>
      <concept>
        <code value="organizingGroups"/>
      </concept>
      <concept>
        <code value="sponsored"/>
      </concept>
    </include>
  </compose>
</ValueSet>