<?xml version="1.0" encoding="UTF-8"?>

<ValueSet xmlns="http://hl7.org/fhir">
  <id value="kenyaServiceRequestsVS"/>
  <text>
    <status value="generated"/><div xmlns="http://www.w3.org/1999/xhtml"><p class="res-header-id"><b>Generated Narrative: ValueSet kenyaServiceRequestsVS</b></p><a name="kenyaServiceRequestsVS"> </a><a name="hckenyaServiceRequestsVS"> </a><a name="kenyaServiceRequestsVS-en-US"> </a><ul><li>Include these codes as defined in <a href="CodeSystem-ServiceRequests.html"><code>https://intellisoft-consulting.github.io/igs/ChanjoKe-FHIR-IG/CodeSystem/ServiceRequests</code></a><table class="none"><tr><td style="white-space:nowrap"><b>Code</b></td><td><b>Display</b></td></tr><tr><td><a href="CodeSystem-ServiceRequests.html#ServiceRequests-108252007">108252007</a></td><td style="color: #cccccc">Laboratory procedure</td></tr><tr><td><a href="CodeSystem-ServiceRequests.html#ServiceRequests-363679005">363679005</a></td><td style="color: #cccccc">Imaging</td></tr><tr><td><a href="CodeSystem-ServiceRequests.html#ServiceRequests-409063005">409063005</a></td><td style="color: #cccccc">Counselling</td></tr><tr><td><a href="CodeSystem-ServiceRequests.html#ServiceRequests-409073007">409073007</a></td><td style="color: #cccccc">Education</td></tr><tr><td><a href="CodeSystem-ServiceRequests.html#ServiceRequests-387713003">387713003</a></td><td style="color: #cccccc">Surgical procedure</td></tr><tr><td><a href="CodeSystem-ServiceRequests.html#ServiceRequests-KNHTS-001">KNHTS-001</a></td><td style="color: #cccccc">Defaulter Tracing</td></tr></table></li></ul></div>
  </text>
  <url value="https://intellisoft-consulting.github.io/igs/ChanjoKe-FHIR-IG/ValueSet/kenyaServiceRequestsVS"/>
  <version value="0.1.0"/>
  <name value="KHTSSVSRQTS"/>
  <title value="Service Requests"/>
  <status value="draft"/>
  <experimental value="false"/>
  <date value="2024-08-27T20:30:12+00:00"/>
  <publisher value="Intellisoft Consulting Ltd"/>
  <contact>
    <name value="Intellisoft Consulting Ltd"/>
    <telecom>
      <system value="url"/>
      <value value="https://www.intellisoftkenya.com/"/>
    </telecom>
    <telecom>
      <system value="email"/>
      <value value="info[at]intellisoftkenya.com"/>
    </telecom>
  </contact>
  <description value="Service Requests to be used in Kenyan Context"/>
  <compose>
    <include>
      <system value="https://intellisoft-consulting.github.io/igs/ChanjoKe-FHIR-IG/CodeSystem/ServiceRequests"/>
      <concept>
        <code value="108252007"/>
      </concept>
      <concept>
        <code value="363679005"/>
      </concept>
      <concept>
        <code value="409063005"/>
      </concept>
      <concept>
        <code value="409073007"/>
      </concept>
      <concept>
        <code value="387713003"/>
      </concept>
      <concept>
        <code value="KNHTS-001"/>
      </concept>
    </include>
  </compose>
</ValueSet>