<?xml version="1.0" encoding="UTF-8"?>

<ValueSet xmlns="http://hl7.org/fhir">
  <id value="StockAdjustmentVs"/>
  <text>
    <status value="extensions"/><div xmlns="http://www.w3.org/1999/xhtml"><p class="res-header-id"><b>Generated Narrative: ValueSet StockAdjustmentVs</b></p><a name="StockAdjustmentVs"> </a><a name="hcStockAdjustmentVs"> </a><a name="StockAdjustmentVs-en-US"> </a><ul><li>Include these codes as defined in <a href="CodeSystem-STOCKADJUSTMENTTYPE.html"><code>https://intellisoft-consulting.github.io/igs/ChanjoKe-FHIR-IG/CodeSystem/STOCKADJUSTMENTTYPE</code></a><table class="none"><tr><td style="white-space:nowrap"><b>Code</b></td><td><b>Display</b></td><td><b>Definition</b></td></tr><tr><td><a href="CodeSystem-STOCKADJUSTMENTTYPE.html#STOCKADJUSTMENTTYPE-positiveAdjustment">positiveAdjustment</a></td><td style="color: #cccccc">Positive Adjustment</td><td>Positive Adjustment Type</td></tr><tr><td><a href="CodeSystem-STOCKADJUSTMENTTYPE.html#STOCKADJUSTMENTTYPE-negativeAdjustment">negativeAdjustment</a></td><td style="color: #cccccc">Negative Adjustment</td><td>Stock Adjustment Type</td></tr></table></li></ul></div>
  </text>
  <url value="https://intellisoft-consulting.github.io/igs/ChanjoKe-FHIR-IG/ValueSet/StockAdjustmentVs"/>
  <version value="0.1.0"/>
  <name value="STOCKADJUSTMENTS"/>
  <title value="Stock Adjustment"/>
  <status value="draft"/>
  <experimental value="false"/>
  <date value="2024-08-27T20:30:12+00:00"/>
  <publisher value="Intellisoft Consulting Ltd"/>
  <contact>
    <name value="Intellisoft Consulting Ltd"/>
    <telecom>
      <system value="url"/>
      <value value="https://www.intellisoftkenya.com/"/>
    </telecom>
    <telecom>
      <system value="email"/>
      <value value="info[at]intellisoftkenya.com"/>
    </telecom>
  </contact>
  <description value="Stock Adjustment"/>
  <compose>
    <include>
      <system value="https://intellisoft-consulting.github.io/igs/ChanjoKe-FHIR-IG/CodeSystem/STOCKADJUSTMENTTYPE"/>
      <concept>
        <code value="positiveAdjustment"/>
      </concept>
      <concept>
        <code value="negativeAdjustment"/>
      </concept>
    </include>
  </compose>
</ValueSet>