<?xml version="1.0" encoding="UTF-8"?>

<ValueSet xmlns="http://hl7.org/fhir">
  <id value="reportIndicatorCodeVS"/>
  <text>
    <status value="extensions"/><div xmlns="http://www.w3.org/1999/xhtml"><p class="res-header-id"><b>Generated Narrative: ValueSet reportIndicatorCodeVS</b></p><a name="reportIndicatorCodeVS"> </a><a name="hcreportIndicatorCodeVS"> </a><a name="reportIndicatorCodeVS-en-US"> </a><ul><li>Include these codes as defined in <a href="CodeSystem-IMMZ.E.html"><code>https://intellisoft-consulting.github.io/igs/ChanjoKe-FHIR-IG/CodeSystem/IMMZ.E</code></a><table class="none"><tr><td style="white-space:nowrap"><b>Code</b></td><td><b>Display</b></td><td><b>Definition</b></td></tr><tr><td><a href="CodeSystem-IMMZ.E.html#IMMZ.E-DE12">DE12</a></td><td style="color: #cccccc">Dropout rate</td><td>An indicator for the assessment of a particular vaccine's dropout rate (i.e. comparing the number of clients who start a specific immunization schedule with the number of clients who complete it)</td></tr><tr><td><a href="CodeSystem-IMMZ.E.html#IMMZ.E-DE13">DE13</a></td><td style="color: #cccccc">Defaulters</td><td>An indicator for the assessment of a particular vaccine's defaulters. Defaulters are clients who miss scheduled vaccination doses for any reason</td></tr><tr><td><a href="CodeSystem-IMMZ.E.html#IMMZ.E-DE14">DE14</a></td><td style="color: #cccccc">Coverage</td><td>An indicator for the assessment of a particular vaccine's coverage (i.e. the estimated percentage of clients who have received specific doses of a vaccine)</td></tr><tr><td><a href="CodeSystem-IMMZ.E.html#IMMZ.E-DE15">DE15</a></td><td style="color: #cccccc">AEFI Case Rate</td><td>An indicator for the assessment of a particular vaccine's Adverse Event Following Immunization (AEFI) case rate. This report is tracked as an aggregate tally of number of clients who received a vaccine dose and have reported an adverse event compared with the total number of doses administered of the vaccine product</td></tr><tr><td><a href="CodeSystem-IMMZ.E.html#IMMZ.E-DE16">DE16</a></td><td style="color: #cccccc">Open Vial Wastage</td><td>An indicator for the assessment of a particular vaccine's open vial wastage, which is a measure of the percentage of doses of a vaccine that were opened but discarded due to under-utilization</td></tr><tr><td><a href="CodeSystem-IMMZ.E.html#IMMZ.E-DE17">DE17</a></td><td style="color: #cccccc">Closed Vial Wastage</td><td>An indicator for the assessment of a particular vaccine's open vial wastage, which is a measure of the percentage of doses of a vaccine that were spoiled due to reasons such as expiry, freezing, breakage, etc.</td></tr></table></li></ul></div>
  </text>
  <url value="https://intellisoft-consulting.github.io/igs/ChanjoKe-FHIR-IG/ValueSet/reportIndicatorCodeVS"/>
  <version value="0.1.0"/>
  <name value="IMMZE1DE11VS"/>
  <title value="Report Indicator Code"/>
  <status value="draft"/>
  <experimental value="false"/>
  <date value="2024-08-27T20:30:12+00:00"/>
  <publisher value="Intellisoft Consulting Ltd"/>
  <contact>
    <name value="Intellisoft Consulting Ltd"/>
    <telecom>
      <system value="url"/>
      <value value="https://www.intellisoftkenya.com/"/>
    </telecom>
    <telecom>
      <system value="email"/>
      <value value="info[at]intellisoftkenya.com"/>
    </telecom>
  </contact>
  <description value="Report Indicator Code"/>
  <compose>
    <include>
      <system value="https://intellisoft-consulting.github.io/igs/ChanjoKe-FHIR-IG/CodeSystem/IMMZ.E"/>
      <concept>
        <code value="DE12"/>
      </concept>
      <concept>
        <code value="DE13"/>
      </concept>
      <concept>
        <code value="DE14"/>
      </concept>
      <concept>
        <code value="DE15"/>
      </concept>
      <concept>
        <code value="DE16"/>
      </concept>
      <concept>
        <code value="DE17"/>
      </concept>
    </include>
  </compose>
</ValueSet>