<?xml version="1.0" encoding="UTF-8"?>

<ValueSet xmlns="http://hl7.org/fhir">
  <id value="CitizenshipVS"/>
  <text>
    <status value="extensions"/><div xmlns="http://www.w3.org/1999/xhtml"><p class="res-header-id"><b>Generated Narrative: ValueSet CitizenshipVS</b></p><a name="CitizenshipVS"> </a><a name="hcCitizenshipVS"> </a><a name="CitizenshipVS-en-US"> </a><ul><li>Include these codes as defined in <a href="CodeSystem-KNHTS.CIIZENSHIP.html"><code>https://shr.tiberbuapps.com/fhir/CodeSystem/KNHTS.CIIZENSHIP</code></a><table class="none"><tr><td style="white-space:nowrap"><b>Code</b></td><td><b>Display</b></td><td><b>Definition</b></td></tr><tr><td><a href="CodeSystem-KNHTS.CIIZENSHIP.html#KNHTS.CIIZENSHIP-kenyan">kenyan</a></td><td style="color: #cccccc">kenyan</td><td>kenyan</td></tr><tr><td><a href="CodeSystem-KNHTS.CIIZENSHIP.html#KNHTS.CIIZENSHIP-ugandan">ugandan</a></td><td style="color: #cccccc">ugandan</td><td>ugandan</td></tr><tr><td><a href="CodeSystem-KNHTS.CIIZENSHIP.html#KNHTS.CIIZENSHIP-tanzanian">tanzanian</a></td><td style="color: #cccccc">tanzanian</td><td>tanzanian</td></tr><tr><td><a href="CodeSystem-KNHTS.CIIZENSHIP.html#KNHTS.CIIZENSHIP-ethiopian">ethiopian</a></td><td style="color: #cccccc">ethiopian</td><td>ethiopian</td></tr></table></li></ul></div>
  </text>
  <url value="https://shr.tiberbuapps.com/fhir/ValueSet/CitizenshipVS"/>
  <version value="0.1.0"/>
  <name value="CITIZENSHIPVS"/>
  <title value="Patient's Citizenship ValueSet"/>
  <status value="draft"/>
  <experimental value="false"/>
  <date value="2024-08-23T12:29:17+03:00"/>
  <publisher value="intellisoftkenya"/>
  <contact>
    <name value="intellisoftkenya"/>
    <telecom>
      <system value="url"/>
      <value value="http://example.org/example-publisher"/>
    </telecom>
  </contact>
  <description value="Patient's Citizenship ValueSet"/>
  <compose>
    <include>
      <system value="https://shr.tiberbuapps.com/fhir/CodeSystem/KNHTS.CIIZENSHIP"/>
      <concept>
        <code value="kenyan"/>
      </concept>
      <concept>
        <code value="ugandan"/>
      </concept>
      <concept>
        <code value="tanzanian"/>
      </concept>
      <concept>
        <code value="ethiopian"/>
      </concept>
    </include>
  </compose>
</ValueSet>