<?xml version="1.0" encoding="UTF-8"?>

<ValueSet xmlns="http://hl7.org/fhir">
  <id value="FacilityCategoryVS"/>
  <text>
    <status value="extensions"/><div xmlns="http://www.w3.org/1999/xhtml"><p class="res-header-id"><b>Generated Narrative: ValueSet FacilityCategoryVS</b></p><a name="FacilityCategoryVS"> </a><a name="hcFacilityCategoryVS"> </a><a name="FacilityCategoryVS-en-US"> </a><ul><li>Include these codes as defined in <a href="CodeSystem-KNHTS.FACILITYCATEGORY.html"><code>https://shr.tiberbuapps.com/fhir/CodeSystem/KNHTS.FACILITYCATEGORY</code></a><table class="none"><tr><td style="white-space:nowrap"><b>Code</b></td><td><b>Display</b></td><td><b>Definition</b></td></tr><tr><td><a href="CodeSystem-KNHTS.FACILITYCATEGORY.html#KNHTS.FACILITYCATEGORY-moh">moh</a></td><td style="color: #cccccc">MOH</td><td>MOH</td></tr><tr><td><a href="CodeSystem-KNHTS.FACILITYCATEGORY.html#KNHTS.FACILITYCATEGORY-private">private</a></td><td style="color: #cccccc">Private</td><td>Private</td></tr><tr><td><a href="CodeSystem-KNHTS.FACILITYCATEGORY.html#KNHTS.FACILITYCATEGORY-faithbased">faithbased</a></td><td style="color: #cccccc">Faith based</td><td>Faith based</td></tr></table></li></ul></div>
  </text>
  <url value="https://shr.tiberbuapps.com/fhir/ValueSet/FacilityCategoryVS"/>
  <version value="0.1.0"/>
  <name value="FACILITYCATEGORY"/>
  <title value="Code Systems Facility Category"/>
  <status value="draft"/>
  <experimental value="false"/>
  <date value="2024-08-23T12:29:17+03:00"/>
  <publisher value="intellisoftkenya"/>
  <contact>
    <name value="intellisoftkenya"/>
    <telecom>
      <system value="url"/>
      <value value="http://example.org/example-publisher"/>
    </telecom>
  </contact>
  <description value="Code Systems Facility Category"/>
  <compose>
    <include>
      <system value="https://shr.tiberbuapps.com/fhir/CodeSystem/KNHTS.FACILITYCATEGORY"/>
      <concept>
        <code value="moh"/>
      </concept>
      <concept>
        <code value="private"/>
      </concept>
      <concept>
        <code value="faithbased"/>
      </concept>
    </include>
  </compose>
</ValueSet>