<?xml version="1.0" encoding="UTF-8"?>

<ValueSet xmlns="http://hl7.org/fhir">
  <id value="placeOfVaccination"/>
  <text>
    <status value="generated"/><div xmlns="http://www.w3.org/1999/xhtml"><p class="res-header-id"><b>Generated Narrative: ValueSet placeOfVaccination</b></p><a name="placeOfVaccination"> </a><a name="hcplaceOfVaccination"> </a><a name="placeOfVaccination-en-US"> </a><ul><li>Include these codes as defined in <a href="CodeSystem-IMMZ.B1.DE13.html"><code>https://intellisoft-consulting.github.io/igs/ChanjoKe-FHIR-IG/CodeSystem/IMMZ.B1.DE13</code></a><table class="none"><tr><td style="white-space:nowrap"><b>Code</b></td><td><b>Display</b></td></tr><tr><td><a href="CodeSystem-IMMZ.B1.DE13.html#IMMZ.B1.DE13-DE14">DE14</a></td><td style="color: #cccccc">Facility</td></tr><tr><td><a href="CodeSystem-IMMZ.B1.DE13.html#IMMZ.B1.DE13-DE15">DE15</a></td><td style="color: #cccccc">Outreach</td></tr></table></li></ul></div>
  </text>
  <url value="https://intellisoft-consulting.github.io/igs/ChanjoKe-FHIR-IG/ValueSet/placeOfVaccination"/>
  <version value="0.1.0"/>
  <name value="IMMZB1DE13VS"/>
  <title value="Place of Vaccination"/>
  <status value="draft"/>
  <experimental value="false"/>
  <date value="2024-08-27T20:30:12+00:00"/>
  <publisher value="Intellisoft Consulting Ltd"/>
  <contact>
    <name value="Intellisoft Consulting Ltd"/>
    <telecom>
      <system value="url"/>
      <value value="https://www.intellisoftkenya.com/"/>
    </telecom>
    <telecom>
      <system value="email"/>
      <value value="info[at]intellisoftkenya.com"/>
    </telecom>
  </contact>
  <description value="Place of Vaccination"/>
  <compose>
    <include>
      <system value="https://intellisoft-consulting.github.io/igs/ChanjoKe-FHIR-IG/CodeSystem/IMMZ.B1.DE13"/>
      <concept>
        <code value="DE14"/>
      </concept>
      <concept>
        <code value="DE15"/>
      </concept>
    </include>
  </compose>
</ValueSet>