<?xml version="1.0" encoding="UTF-8"?>

<ValueSet xmlns="http://hl7.org/fhir">
  <id value="PatientContactListVS"/>
  <text>
    <status value="generated"/><div xmlns="http://www.w3.org/1999/xhtml"><p class="res-header-id"><b>Generated Narrative: ValueSet PatientContactListVS</b></p><a name="PatientContactListVS"> </a><a name="hcPatientContactListVS"> </a><a name="PatientContactListVS-en-US"> </a><ul><li>Include these codes as defined in <a href="CodeSystem-PatientContactList.html"><code>https://intellisoft-consulting.github.io/igs/ChanjoKe-FHIR-IG/CodeSystem/PatientContactList</code></a><table class="none"><tr><td style="white-space:nowrap"><b>Code</b></td><td><b>Display</b></td></tr><tr><td><a href="CodeSystem-PatientContactList.html#PatientContactList-DE1">DE1</a></td><td style="color: #cccccc">Father</td></tr><tr><td><a href="CodeSystem-PatientContactList.html#PatientContactList-DE2">DE2</a></td><td style="color: #cccccc">Mother</td></tr><tr><td><a href="CodeSystem-PatientContactList.html#PatientContactList-DE3">DE3</a></td><td style="color: #cccccc">Guardian</td></tr></table></li></ul></div>
  </text>
  <url value="https://intellisoft-consulting.github.io/igs/ChanjoKe-FHIR-IG/ValueSet/PatientContactListVS"/>
  <version value="0.1.0"/>
  <name value="PATCONTACTSLSTS"/>
  <title value="Patient Contact List"/>
  <status value="draft"/>
  <experimental value="false"/>
  <date value="2024-08-27T20:30:12+00:00"/>
  <publisher value="Intellisoft Consulting Ltd"/>
  <contact>
    <name value="Intellisoft Consulting Ltd"/>
    <telecom>
      <system value="url"/>
      <value value="https://www.intellisoftkenya.com/"/>
    </telecom>
    <telecom>
      <system value="email"/>
      <value value="info[at]intellisoftkenya.com"/>
    </telecom>
  </contact>
  <description value="Paytient Contact List"/>
  <compose>
    <include>
      <system value="https://intellisoft-consulting.github.io/igs/ChanjoKe-FHIR-IG/CodeSystem/PatientContactList"/>
      <concept>
        <code value="DE1"/>
      </concept>
      <concept>
        <code value="DE2"/>
      </concept>
      <concept>
        <code value="DE3"/>
      </concept>
    </include>
  </compose>
</ValueSet>