{"resourceType":"CodeSystem","id":"KNHTS.CLMSDISP","text":{"status":"generated","div":"<div xmlns=\"http://www.w3.org/1999/xhtml\"><p class=\"res-header-id\"><b>Generated Narrative: CodeSystem KNHTS.CLMSDISP</b></p><a name=\"KNHTS.CLMSDISP\"> </a><a name=\"hcKNHTS.CLMSDISP\"> </a><a name=\"KNHTS.CLMSDISP-en-US\"> </a><p>This case-insensitive code system <code>https://shr.tiberbuapps.com/fhir/CodeSystem/KNHTS.CLMSDISP</code> defines the following codes:</p><table class=\"codes\"><tr><td style=\"white-space:nowrap\"><b>Code</b></td><td><b>Display</b></td><td><b>Definition</b></td></tr><tr><td style=\"white-space:nowrap\">CLMSDISP01<a name=\"KNHTS.CLMSDISP-CLMSDISP01\"> </a></td><td>Improved</td><td>Improved</td></tr><tr><td style=\"white-space:nowrap\">CLMSDISP02<a name=\"KNHTS.CLMSDISP-CLMSDISP02\"> </a></td><td>Recovered</td><td>Recovered</td></tr><tr><td style=\"white-space:nowrap\">CLMSDISP03<a name=\"KNHTS.CLMSDISP-CLMSDISP03\"> </a></td><td>Against_Advice</td><td>Leave against/discharged against medical advice</td></tr><tr><td style=\"white-space:nowrap\">CLMSDISP04<a name=\"KNHTS.CLMSDISP-CLMSDISP04\"> </a></td><td>Absconded</td><td>Absconded</td></tr><tr><td style=\"white-space:nowrap\">CLMSDISP05<a name=\"KNHTS.CLMSDISP-CLMSDISP05\"> </a></td><td>DIED</td><td>DIED</td></tr></table></div>"},"url":"https://shr.tiberbuapps.com/fhir/CodeSystem/KNHTS.CLMSDISP","version":"0.1.0","name":"KNHTS_CLMS_DISPOSITION","title":"KNHTS.CLMSDISP CodeSystem for claim disposition","status":"draft","experimental":false,"date":"2024-08-23T12:29:17+03:00","publisher":"intellisoftkenya","contact":[{"name":"intellisoftkenya","telecom":[{"system":"url","value":"http://example.org/example-publisher"}]}],"description":"CodeSystem for KNHTS Claim Disposition","caseSensitive":false,"content":"complete","count":5,"concept":[{"code":"CLMSDISP01","display":"Improved","definition":"Improved"},{"code":"CLMSDISP02","display":"Recovered","definition":"Recovered"},{"code":"CLMSDISP03","display":"Against_Advice","definition":"Leave against/discharged against medical advice"},{"code":"CLMSDISP04","display":"Absconded","definition":"Absconded"},{"code":"CLMSDISP05","display":"DIED","definition":"DIED"}]}