{"resourceType":"CodeSystem","id":"KNHTS.CLMSZONE","text":{"status":"generated","div":"<div xmlns=\"http://www.w3.org/1999/xhtml\"><p class=\"res-header-id\"><b>Generated Narrative: CodeSystem KNHTS.CLMSZONE</b></p><a name=\"KNHTS.CLMSZONE\"> </a><a name=\"hcKNHTS.CLMSZONE\"> </a><a name=\"KNHTS.CLMSZONE-en-US\"> </a><p>This case-insensitive code system <code>https://shr.tiberbuapps.com/fhir/CodeSystem/KNHTS.CLMSZONE</code> defines the following codes:</p><table class=\"codes\"><tr><td style=\"white-space:nowrap\"><b>Code</b></td><td><b>Display</b></td><td><b>Definition</b></td></tr><tr><td style=\"white-space:nowrap\">CLMSZONE01<a name=\"KNHTS.CLMSZONE-CLMSZONE01\"> </a></td><td>Zone 1</td><td>Mandera, Samburu, Nairobi</td></tr><tr><td style=\"white-space:nowrap\">CLMSZONE02<a name=\"KNHTS.CLMSZONE-CLMSZONE02\"> </a></td><td>Zone 2</td><td>Kiambu, Nakuru, Muranga</td></tr><tr><td style=\"white-space:nowrap\">CLMSZONE03<a name=\"KNHTS.CLMSZONE-CLMSZONE03\"> </a></td><td>Zone 3</td><td>Trans Nzoia, Kakamega, Bungoma, Busia, Turkana</td></tr><tr><td style=\"white-space:nowrap\">CLMSZONE04<a name=\"KNHTS.CLMSZONE-CLMSZONE04\"> </a></td><td>Zone 4</td><td>Siaya, Meru, Embu, Isiolo, Tharaka Nithi, Garissa</td></tr><tr><td style=\"white-space:nowrap\">CLMSZONE05<a name=\"KNHTS.CLMSZONE-CLMSZONE05\"> </a></td><td>Zone 5</td><td>Nyeri, Wajir, Makueni, Kwale, Taita Taveta, Kajiado, Kisii, Nyamira, Bomet</td></tr><tr><td style=\"white-space:nowrap\">CLMSZONE06<a name=\"KNHTS.CLMSZONE-CLMSZONE06\"> </a></td><td>Zone 6</td><td>Kirinyaga, Kitui, Machakos, Nyandarua, Laikipia, Kisumu</td></tr><tr><td style=\"white-space:nowrap\">CLMSZONE07<a name=\"KNHTS.CLMSZONE-CLMSZONE07\"> </a></td><td>Zone 7</td><td>Marsabit, Narok,  Nandi,  Kericho, Baringo, Uasin Gishu, West Pokot, Elgeyo Marakwet, Vihiga</td></tr><tr><td style=\"white-space:nowrap\">CLMSZONE08<a name=\"KNHTS.CLMSZONE-CLMSZONE08\"> </a></td><td>Zone 8</td><td>Migori, Homabay, Lamu, Kilifi, Mombasa, Tana River</td></tr></table></div>"},"url":"https://shr.tiberbuapps.com/fhir/CodeSystem/KNHTS.CLMSZONE","version":"0.1.0","name":"KNHTS_CLMS_ZONES","title":"KNHTS.CLMSZONE CodeSystem for claim Zones","status":"draft","experimental":false,"date":"2024-08-23T12:29:17+03:00","publisher":"intellisoftkenya","contact":[{"name":"intellisoftkenya","telecom":[{"system":"url","value":"http://example.org/example-publisher"}]}],"description":"CodeSystem for KNHTS Claim Zones","caseSensitive":false,"content":"complete","count":8,"concept":[{"code":"CLMSZONE01","display":"Zone 1","definition":"Mandera, Samburu, Nairobi"},{"code":"CLMSZONE02","display":"Zone 2","definition":"Kiambu, Nakuru, Muranga"},{"code":"CLMSZONE03","display":"Zone 3","definition":"Trans Nzoia, Kakamega, Bungoma, Busia, Turkana"},{"code":"CLMSZONE04","display":"Zone 4","definition":"Siaya, Meru, Embu, Isiolo, Tharaka Nithi, Garissa"},{"code":"CLMSZONE05","display":"Zone 5","definition":"Nyeri, Wajir, Makueni, Kwale, Taita Taveta, Kajiado, Kisii, Nyamira, Bomet"},{"code":"CLMSZONE06","display":"Zone 6","definition":"Kirinyaga, Kitui, Machakos, Nyandarua, Laikipia, Kisumu"},{"code":"CLMSZONE07","display":"Zone 7","definition":"Marsabit, Narok,  Nandi,  Kericho, Baringo, Uasin Gishu, West Pokot, Elgeyo Marakwet, Vihiga"},{"code":"CLMSZONE08","display":"Zone 8","definition":"Migori, Homabay, Lamu, Kilifi, Mombasa, Tana River"}]}