{"resourceType":"CodeSystem","id":"IMMZBDataElementsCodeSystem","text":{"status":"generated","div":"<div xmlns=\"http://www.w3.org/1999/xhtml\"><p class=\"res-header-id\"><b>Generated Narrative: CodeSystem IMMZBDataElementsCodeSystem</b></p><a name=\"IMMZBDataElementsCodeSystem\"> </a><a name=\"hcIMMZBDataElementsCodeSystem\"> </a><a name=\"IMMZBDataElementsCodeSystem-en-US\"> </a><p>This case-insensitive code system <code>https://intellisoft-consulting.github.io/igs/ChanjoKe-FHIR-IG/CodeSystem/IMMZBDataElementsCodeSystem</code> defines the following codes:</p><table class=\"codes\"><tr><td style=\"white-space:nowrap\"><b>Code</b></td><td><b>Display</b></td></tr><tr><td style=\"white-space:nowrap\">DE1<a name=\"IMMZBDataElementsCodeSystem-DE1\"> </a></td><td>Client's HIV status</td></tr><tr><td style=\"white-space:nowrap\">DE2<a name=\"IMMZBDataElementsCodeSystem-DE2\"> </a></td><td>Positive</td></tr><tr><td style=\"white-space:nowrap\">DE3<a name=\"IMMZBDataElementsCodeSystem-DE3\"> </a></td><td>Negative</td></tr><tr><td style=\"white-space:nowrap\">DE4<a name=\"IMMZBDataElementsCodeSystem-DE4\"> </a></td><td>Unknown</td></tr><tr><td style=\"white-space:nowrap\">DE5<a name=\"IMMZBDataElementsCodeSystem-DE5\"> </a></td><td>Client is currently receiving HAART</td></tr><tr><td style=\"white-space:nowrap\">DE6<a name=\"IMMZBDataElementsCodeSystem-DE6\"> </a></td><td>Yes</td></tr><tr><td style=\"white-space:nowrap\">DE7<a name=\"IMMZBDataElementsCodeSystem-DE7\"> </a></td><td>No</td></tr><tr><td style=\"white-space:nowrap\">DE8<a name=\"IMMZBDataElementsCodeSystem-DE8\"> </a></td><td>Maternal HIV status</td></tr><tr><td style=\"white-space:nowrap\">DE9<a name=\"IMMZBDataElementsCodeSystem-DE9\"> </a></td><td>Positive</td></tr><tr><td style=\"white-space:nowrap\">DE10<a name=\"IMMZBDataElementsCodeSystem-DE10\"> </a></td><td>Negative</td></tr><tr><td style=\"white-space:nowrap\">DE11<a name=\"IMMZBDataElementsCodeSystem-DE11\"> </a></td><td>Unknown</td></tr><tr><td style=\"white-space:nowrap\">DE12<a name=\"IMMZBDataElementsCodeSystem-DE12\"> </a></td><td>Birth Weight(Kgs)</td></tr><tr><td style=\"white-space:nowrap\">DE13<a name=\"IMMZBDataElementsCodeSystem-DE13\"> </a></td><td>Place of vaccination</td></tr><tr><td style=\"white-space:nowrap\">DE14<a name=\"IMMZBDataElementsCodeSystem-DE14\"> </a></td><td>Facility</td></tr><tr><td style=\"white-space:nowrap\">DE15<a name=\"IMMZBDataElementsCodeSystem-DE15\"> </a></td><td>Outreach</td></tr><tr><td style=\"white-space:nowrap\">DE16<a name=\"IMMZBDataElementsCodeSystem-DE16\"> </a></td><td>Date of last dose</td></tr><tr><td style=\"white-space:nowrap\">DE17<a name=\"IMMZBDataElementsCodeSystem-DE17\"> </a></td><td>Number of weeks since last dose</td></tr><tr><td style=\"white-space:nowrap\">DE18<a name=\"IMMZBDataElementsCodeSystem-DE18\"> </a></td><td>Number of months since last dose</td></tr><tr><td style=\"white-space:nowrap\">DE19<a name=\"IMMZBDataElementsCodeSystem-DE19\"> </a></td><td>Number of years since last dose</td></tr><tr><td style=\"white-space:nowrap\">DE20<a name=\"IMMZBDataElementsCodeSystem-DE20\"> </a></td><td>Scheduled/appointment date</td></tr><tr><td style=\"white-space:nowrap\">DE21<a name=\"IMMZBDataElementsCodeSystem-DE21\"> </a></td><td>Vaccinator name</td></tr><tr><td style=\"white-space:nowrap\">DE22<a name=\"IMMZBDataElementsCodeSystem-DE22\"> </a></td><td>Vaccinator ID</td></tr><tr><td style=\"white-space:nowrap\">DE23<a name=\"IMMZBDataElementsCodeSystem-DE23\"> </a></td><td>Client’s age when they received the last dose</td></tr><tr><td style=\"white-space:nowrap\">DE24<a name=\"IMMZBDataElementsCodeSystem-DE24\"> </a></td><td>Client has completed vaccine primary series</td></tr><tr><td style=\"white-space:nowrap\">DE25<a name=\"IMMZBDataElementsCodeSystem-DE25\"> </a></td><td>Type of last Polio dose</td></tr><tr><td style=\"white-space:nowrap\">DE26<a name=\"IMMZBDataElementsCodeSystem-DE26\"> </a></td><td>bOPV</td></tr><tr><td style=\"white-space:nowrap\">DE27<a name=\"IMMZBDataElementsCodeSystem-DE27\"> </a></td><td>OPV I</td></tr><tr><td style=\"white-space:nowrap\">DE28<a name=\"IMMZBDataElementsCodeSystem-DE28\"> </a></td><td>OPV II</td></tr><tr><td style=\"white-space:nowrap\">DE29<a name=\"IMMZBDataElementsCodeSystem-DE29\"> </a></td><td>OPV III</td></tr><tr><td style=\"white-space:nowrap\">DE30<a name=\"IMMZBDataElementsCodeSystem-DE30\"> </a></td><td>Maternal's TST Test Result</td></tr><tr><td style=\"white-space:nowrap\">DE31<a name=\"IMMZBDataElementsCodeSystem-DE31\"> </a></td><td>TST-Positive</td></tr><tr><td style=\"white-space:nowrap\">DE32<a name=\"IMMZBDataElementsCodeSystem-DE32\"> </a></td><td>TST-Negative</td></tr><tr><td style=\"white-space:nowrap\">DE33<a name=\"IMMZBDataElementsCodeSystem-DE33\"> </a></td><td>Exposed to close contact with TB</td></tr><tr><td style=\"white-space:nowrap\">DE34<a name=\"IMMZBDataElementsCodeSystem-DE34\"> </a></td><td>Yes</td></tr><tr><td style=\"white-space:nowrap\">DE35<a name=\"IMMZBDataElementsCodeSystem-DE35\"> </a></td><td>No</td></tr><tr><td style=\"white-space:nowrap\">DE36<a name=\"IMMZBDataElementsCodeSystem-DE36\"> </a></td><td>Client's TST Test Result</td></tr><tr><td style=\"white-space:nowrap\">DE37<a name=\"IMMZBDataElementsCodeSystem-DE37\"> </a></td><td>TST-Positive</td></tr><tr><td style=\"white-space:nowrap\">DE38<a name=\"IMMZBDataElementsCodeSystem-DE38\"> </a></td><td>TST-Negative</td></tr><tr><td style=\"white-space:nowrap\">DE39<a name=\"IMMZBDataElementsCodeSystem-DE39\"> </a></td><td>Client's CD4 percentage</td></tr><tr><td style=\"white-space:nowrap\">DE40<a name=\"IMMZBDataElementsCodeSystem-DE40\"> </a></td><td>Maternal HIV status</td></tr><tr><td style=\"white-space:nowrap\">DE41<a name=\"IMMZBDataElementsCodeSystem-DE41\"> </a></td><td>Positive</td></tr><tr><td style=\"white-space:nowrap\">DE42<a name=\"IMMZBDataElementsCodeSystem-DE42\"> </a></td><td>Negative</td></tr><tr><td style=\"white-space:nowrap\">DE43<a name=\"IMMZBDataElementsCodeSystem-DE43\"> </a></td><td>Unknown</td></tr><tr><td style=\"white-space:nowrap\">DE44<a name=\"IMMZBDataElementsCodeSystem-DE44\"> </a></td><td>Type of last Rotavirus dose</td></tr><tr><td style=\"white-space:nowrap\">DE45<a name=\"IMMZBDataElementsCodeSystem-DE45\"> </a></td><td>Rotavirus-1</td></tr><tr><td style=\"white-space:nowrap\">DE46<a name=\"IMMZBDataElementsCodeSystem-DE46\"> </a></td><td>Rotavirus-2</td></tr><tr><td style=\"white-space:nowrap\">DE47<a name=\"IMMZBDataElementsCodeSystem-DE47\"> </a></td><td>Rotavirus-3</td></tr><tr><td style=\"white-space:nowrap\">DE48<a name=\"IMMZBDataElementsCodeSystem-DE48\"> </a></td><td>Any of the previous Rotavirus doses was administered with an unknown product</td></tr><tr><td style=\"white-space:nowrap\">DE49<a name=\"IMMZBDataElementsCodeSystem-DE49\"> </a></td><td>Type of last Measles-Rubella dose</td></tr><tr><td style=\"white-space:nowrap\">DE50<a name=\"IMMZBDataElementsCodeSystem-DE50\"> </a></td><td>Measles-Rubella 1</td></tr><tr><td style=\"white-space:nowrap\">DE51<a name=\"IMMZBDataElementsCodeSystem-DE51\"> </a></td><td>Measles-Rubella 2</td></tr><tr><td style=\"white-space:nowrap\">DE52<a name=\"IMMZBDataElementsCodeSystem-DE52\"> </a></td><td>Date started HAART</td></tr><tr><td style=\"white-space:nowrap\">DE53<a name=\"IMMZBDataElementsCodeSystem-DE53\"> </a></td><td>Number of months since HAART was initiated</td></tr><tr><td style=\"white-space:nowrap\">DE54<a name=\"IMMZBDataElementsCodeSystem-DE54\"> </a></td><td>Type of last HPV dose</td></tr><tr><td style=\"white-space:nowrap\">DE55<a name=\"IMMZBDataElementsCodeSystem-DE55\"> </a></td><td>HPV-1</td></tr><tr><td style=\"white-space:nowrap\">DE56<a name=\"IMMZBDataElementsCodeSystem-DE56\"> </a></td><td>HPV-2</td></tr><tr><td style=\"white-space:nowrap\">DE57<a name=\"IMMZBDataElementsCodeSystem-DE57\"> </a></td><td>Number of months between first and second HPV doses</td></tr><tr><td style=\"white-space:nowrap\">DE58<a name=\"IMMZBDataElementsCodeSystem-DE58\"> </a></td><td>Type of last PCV10 dose</td></tr><tr><td style=\"white-space:nowrap\">DE59<a name=\"IMMZBDataElementsCodeSystem-DE59\"> </a></td><td>PCV10-1</td></tr><tr><td style=\"white-space:nowrap\">DE60<a name=\"IMMZBDataElementsCodeSystem-DE60\"> </a></td><td>PCV10-2</td></tr><tr><td style=\"white-space:nowrap\">DE61<a name=\"IMMZBDataElementsCodeSystem-DE61\"> </a></td><td>PCV10-3</td></tr><tr><td style=\"white-space:nowrap\">DE62<a name=\"IMMZBDataElementsCodeSystem-DE62\"> </a></td><td>Type of last DPT-HepB+Hib dose</td></tr><tr><td style=\"white-space:nowrap\">DE63<a name=\"IMMZBDataElementsCodeSystem-DE63\"> </a></td><td>DPT-HepB+HiB 1</td></tr><tr><td style=\"white-space:nowrap\">DE64<a name=\"IMMZBDataElementsCodeSystem-DE64\"> </a></td><td>DPT-HepB+HiB 2</td></tr><tr><td style=\"white-space:nowrap\">DE65<a name=\"IMMZBDataElementsCodeSystem-DE65\"> </a></td><td>DPT-HepB+HiB 3</td></tr></table></div>"},"url":"https://intellisoft-consulting.github.io/igs/ChanjoKe-FHIR-IG/CodeSystem/IMMZBDataElementsCodeSystem","version":"0.1.0","name":"IMMZ_B","status":"active","experimental":false,"date":"2024-08-27T20:30:12+00:00","publisher":"Intellisoft Consulting Ltd","contact":[{"name":"Intellisoft Consulting Ltd","telecom":[{"system":"url","value":"https://www.intellisoftkenya.com/"},{"system":"email","value":"info[at]intellisoftkenya.com"}]}],"caseSensitive":false,"content":"complete","concept":[{"code":"DE1","display":"Client's HIV status"},{"code":"DE2","display":"Positive"},{"code":"DE3","display":"Negative"},{"code":"DE4","display":"Unknown"},{"code":"DE5","display":"Client is currently receiving HAART"},{"code":"DE6","display":"Yes"},{"code":"DE7","display":"No"},{"code":"DE8","display":"Maternal HIV status"},{"code":"DE9","display":"Positive"},{"code":"DE10","display":"Negative"},{"code":"DE11","display":"Unknown"},{"code":"DE12","display":"Birth Weight(Kgs)"},{"code":"DE13","display":"Place of vaccination"},{"code":"DE14","display":"Facility"},{"code":"DE15","display":"Outreach"},{"code":"DE16","display":"Date of last dose"},{"code":"DE17","display":"Number of weeks since last dose"},{"code":"DE18","display":"Number of months since last dose"},{"code":"DE19","display":"Number of years since last dose"},{"code":"DE20","display":"Scheduled/appointment date"},{"code":"DE21","display":"Vaccinator name"},{"code":"DE22","display":"Vaccinator ID"},{"code":"DE23","display":"Client’s age when they received the last dose"},{"code":"DE24","display":"Client has completed vaccine primary series"},{"code":"DE25","display":"Type of last Polio dose"},{"code":"DE26","display":"bOPV"},{"code":"DE27","display":"OPV I"},{"code":"DE28","display":"OPV II"},{"code":"DE29","display":"OPV III"},{"code":"DE30","display":"Maternal's TST Test Result"},{"code":"DE31","display":"TST-Positive"},{"code":"DE32","display":"TST-Negative"},{"code":"DE33","display":"Exposed to close contact with TB"},{"code":"DE34","display":"Yes"},{"code":"DE35","display":"No"},{"code":"DE36","display":"Client's TST Test Result"},{"code":"DE37","display":"TST-Positive"},{"code":"DE38","display":"TST-Negative"},{"code":"DE39","display":"Client's CD4 percentage"},{"code":"DE40","display":"Maternal HIV status"},{"code":"DE41","display":"Positive"},{"code":"DE42","display":"Negative"},{"code":"DE43","display":"Unknown"},{"code":"DE44","display":"Type of last Rotavirus dose"},{"code":"DE45","display":"Rotavirus-1"},{"code":"DE46","display":"Rotavirus-2"},{"code":"DE47","display":"Rotavirus-3"},{"code":"DE48","display":"Any of the previous Rotavirus doses was administered with an unknown product"},{"code":"DE49","display":"Type of last Measles-Rubella dose"},{"code":"DE50","display":"Measles-Rubella 1"},{"code":"DE51","display":"Measles-Rubella 2"},{"code":"DE52","display":"Date started HAART"},{"code":"DE53","display":"Number of months since HAART was initiated"},{"code":"DE54","display":"Type of last HPV dose"},{"code":"DE55","display":"HPV-1"},{"code":"DE56","display":"HPV-2"},{"code":"DE57","display":"Number of months between first and second HPV doses"},{"code":"DE58","display":"Type of last PCV10 dose"},{"code":"DE59","display":"PCV10-1"},{"code":"DE60","display":"PCV10-2"},{"code":"DE61","display":"PCV10-3"},{"code":"DE62","display":"Type of last DPT-HepB+Hib dose"},{"code":"DE63","display":"DPT-HepB+HiB 1"},{"code":"DE64","display":"DPT-HepB+HiB 2"},{"code":"DE65","display":"DPT-HepB+HiB 3"}]}