{"resourceType":"CodeSystem","id":"IMMZ.A","text":{"status":"generated","div":"<div xmlns=\"http://www.w3.org/1999/xhtml\"><p class=\"res-header-id\"><b>Generated Narrative: CodeSystem IMMZ.A</b></p><a name=\"IMMZ.A\"> </a><a name=\"hcIMMZ.A\"> </a><a name=\"IMMZ.A-en-US\"> </a><p>This case-insensitive code system <code>https://intellisoft-consulting.github.io/igs/ChanjoKe-FHIR-IG/CodeSystem/IMMZ.A</code> defines the following codes:</p><table class=\"codes\"><tr><td style=\"white-space:nowrap\"><b>Code</b></td><td><b>Display</b></td><td><b>Definition</b></td></tr><tr><td style=\"white-space:nowrap\">DE1<a name=\"IMMZ.A-DE1\"> </a></td><td>Unique identifier</td><td>Unique identifier for the client, according to the policies applicable to each country. There can be more than one unique identifier used to link records (e.g. national ID, health ID, immunization information system ID, medical record ID).</td></tr><tr><td style=\"white-space:nowrap\">DE2<a name=\"IMMZ.A-DE2\"> </a></td><td>Name</td><td>The full name of the client.</td></tr><tr><td style=\"white-space:nowrap\">DE3<a name=\"IMMZ.A-DE3\"> </a></td><td>First name</td><td>Client's middle name or given name</td></tr><tr><td style=\"white-space:nowrap\">DE4<a name=\"IMMZ.A-DE4\"> </a></td><td>Last name</td><td>Client's family name or last name</td></tr><tr><td style=\"white-space:nowrap\">DE5<a name=\"IMMZ.A-DE5\"> </a></td><td>Sex</td><td>Documentation of a specific instance of sex information for the client</td></tr><tr><td style=\"white-space:nowrap\">DE6<a name=\"IMMZ.A-DE6\"> </a></td><td>Male</td><td>Client's biological sex is male</td></tr><tr><td style=\"white-space:nowrap\">DE7<a name=\"IMMZ.A-DE7\"> </a></td><td>Female</td><td>Client's biological sex is female</td></tr><tr><td style=\"white-space:nowrap\">DE8<a name=\"IMMZ.A-DE8\"> </a></td><td>Other</td><td/></tr><tr><td style=\"white-space:nowrap\">DE10<a name=\"IMMZ.A-DE10\"> </a></td><td>Date of Birth</td><td>Client's date of birth (DOB) if known. If unknown, use assigned DOB for administrative purposes.</td></tr><tr><td style=\"white-space:nowrap\">DE11<a name=\"IMMZ.A-DE11\"> </a></td><td>Age in Weeks</td><td>The client's calculated age (number of weeks) based on the date of birth and the visit date</td></tr><tr><td style=\"white-space:nowrap\">DE12<a name=\"IMMZ.A-DE12\"> </a></td><td>Age in Months</td><td>The client's calculated age (number of months) based on the date of birth and the visit date</td></tr><tr><td style=\"white-space:nowrap\">DE13<a name=\"IMMZ.A-DE13\"> </a></td><td>Age in Years</td><td>The client's calculated age (number of years) based on the date of birth and the visit date</td></tr><tr><td style=\"white-space:nowrap\">DE15<a name=\"IMMZ.A-DE15\"> </a></td><td>Caregivers (multiple)/Next of Kin</td><td>The client's caregiver (person) which could be next of kin (e.g. partner, husband, mother, sibling, etc.)</td></tr><tr><td style=\"white-space:nowrap\">DE16<a name=\"IMMZ.A-DE16\"> </a></td><td>Father's name</td><td>The full name of the client's caregiver</td></tr><tr><td style=\"white-space:nowrap\">DE19<a name=\"IMMZ.A-DE19\"> </a></td><td>Father's Contact phone number</td><td>Father's phone number. Can be a landline or a mobile phone number</td></tr><tr><td style=\"white-space:nowrap\">DE43<a name=\"IMMZ.A-DE43\"> </a></td><td>Father's Email Address</td><td>Father's email address</td></tr><tr><td style=\"white-space:nowrap\">DE17<a name=\"IMMZ.A-DE17\"> </a></td><td>Mother's name</td><td>First or given name of the client's caregiver</td></tr><tr><td style=\"white-space:nowrap\">DE44<a name=\"IMMZ.A-DE44\"> </a></td><td>Mother's Contact phone number</td><td>Mother's phone number. Can be a landline or a mobile phone number</td></tr><tr><td style=\"white-space:nowrap\">DE42<a name=\"IMMZ.A-DE42\"> </a></td><td>Mother's Email Address</td><td>Mother's email address</td></tr><tr><td style=\"white-space:nowrap\">DE41<a name=\"IMMZ.A-DE41\"> </a></td><td>Guardian's name(where applicable)</td><td>Guardian's name</td></tr><tr><td style=\"white-space:nowrap\">DE40<a name=\"IMMZ.A-DE40\"> </a></td><td>Guardian's Contact phone number</td><td/></tr><tr><td style=\"white-space:nowrap\">DE39<a name=\"IMMZ.A-DE39\"> </a></td><td>Guardian's Email Address</td><td/></tr><tr><td style=\"white-space:nowrap\">DE38<a name=\"IMMZ.A-DE38\"> </a></td><td>Administrative area</td><td>The name of the city/municipality/town/village of where the client lives</td></tr><tr><td style=\"white-space:nowrap\">DE37<a name=\"IMMZ.A-DE37\"> </a></td><td>County</td><td/></tr><tr><td style=\"white-space:nowrap\">DE36<a name=\"IMMZ.A-DE36\"> </a></td><td>Subcounty</td><td/></tr><tr><td style=\"white-space:nowrap\">DE35<a name=\"IMMZ.A-DE35\"> </a></td><td>Constituency</td><td/></tr><tr><td style=\"white-space:nowrap\">DE34<a name=\"IMMZ.A-DE34\"> </a></td><td>Ward</td><td/></tr><tr><td style=\"white-space:nowrap\">DE33<a name=\"IMMZ.A-DE33\"> </a></td><td>Town/Trading Centre (Landmark)</td><td/></tr><tr><td style=\"white-space:nowrap\">DE32<a name=\"IMMZ.A-DE32\"> </a></td><td>Estate &amp; House No./village</td><td/></tr><tr><td style=\"white-space:nowrap\">DE21<a name=\"IMMZ.A-DE21\"> </a></td><td>Active community health provider</td><td>Is there an active CHP in the area</td></tr><tr><td style=\"white-space:nowrap\">DE31<a name=\"IMMZ.A-DE31\"> </a></td><td>CHP Name</td><td/></tr><tr><td style=\"white-space:nowrap\">DE30<a name=\"IMMZ.A-DE30\"> </a></td><td>CHP contact number</td><td/></tr></table></div>"},"url":"https://intellisoft-consulting.github.io/igs/ChanjoKe-FHIR-IG/CodeSystem/IMMZ.A","version":"0.1.0","name":"IMMZ_A","title":"IMMZ.A CodeSystem for Data Elements","status":"draft","experimental":false,"date":"2024-08-27T20:30:12+00:00","publisher":"Intellisoft Consulting Ltd","contact":[{"name":"Intellisoft Consulting Ltd","telecom":[{"system":"url","value":"https://www.intellisoftkenya.com/"},{"system":"email","value":"info[at]intellisoftkenya.com"}]}],"description":"CodeSystem for IMMZ.A Data Elements","caseSensitive":false,"content":"complete","count":32,"concept":[{"code":"DE1","display":"Unique identifier","definition":"Unique identifier for the client, according to the policies applicable to each country. There can be more than one unique identifier used to link records (e.g. national ID, health ID, immunization information system ID, medical record ID)."},{"code":"DE2","display":"Name","definition":"The full name of the client."},{"code":"DE3","display":"First name","definition":"Client's middle name or given name"},{"code":"DE4","display":"Last name","definition":"Client's family name or last name"},{"code":"DE5","display":"Sex","definition":"Documentation of a specific instance of sex information for the client"},{"code":"DE6","display":"Male","definition":"Client's biological sex is male"},{"code":"DE7","display":"Female","definition":"Client's biological sex is female"},{"code":"DE8","display":"Other"},{"code":"DE10","display":"Date of Birth","definition":"Client's date of birth (DOB) if known. If unknown, use assigned DOB for administrative purposes."},{"code":"DE11","display":"Age in Weeks","definition":"The client's calculated age (number of weeks) based on the date of birth and the visit date"},{"code":"DE12","display":"Age in Months","definition":"The client's calculated age (number of months) based on the date of birth and the visit date"},{"code":"DE13","display":"Age in Years","definition":"The client's calculated age (number of years) based on the date of birth and the visit date"},{"code":"DE15","display":"Caregivers (multiple)/Next of Kin","definition":"The client's caregiver (person) which could be next of kin (e.g. partner, husband, mother, sibling, etc.)"},{"code":"DE16","display":"Father's name","definition":"The full name of the client's caregiver"},{"code":"DE19","display":"Father's Contact phone number","definition":"Father's phone number. Can be a landline or a mobile phone number"},{"code":"DE43","display":"Father's Email Address","definition":"Father's email address"},{"code":"DE17","display":"Mother's name","definition":"First or given name of the client's caregiver"},{"code":"DE44","display":"Mother's Contact phone number","definition":"Mother's phone number. Can be a landline or a mobile phone number"},{"code":"DE42","display":"Mother's Email Address","definition":"Mother's email address"},{"code":"DE41","display":"Guardian's name(where applicable)","definition":"Guardian's name"},{"code":"DE40","display":"Guardian's Contact phone number"},{"code":"DE39","display":"Guardian's Email Address"},{"code":"DE38","display":"Administrative area","definition":"The name of the city/municipality/town/village of where the client lives"},{"code":"DE37","display":"County"},{"code":"DE36","display":"Subcounty"},{"code":"DE35","display":"Constituency"},{"code":"DE34","display":"Ward"},{"code":"DE33","display":"Town/Trading Centre (Landmark)"},{"code":"DE32","display":"Estate & House No./village"},{"code":"DE21","display":"Active community health provider","definition":"Is there an active CHP in the area"},{"code":"DE31","display":"CHP Name"},{"code":"DE30","display":"CHP contact number"}]}