{"resourceType":"CodeSystem","id":"KNHTS.FACILITYLEVEL","text":{"status":"generated","div":"<div xmlns=\"http://www.w3.org/1999/xhtml\"><p class=\"res-header-id\"><b>Generated Narrative: CodeSystem KNHTS.FACILITYLEVEL</b></p><a name=\"KNHTS.FACILITYLEVEL\"> </a><a name=\"hcKNHTS.FACILITYLEVEL\"> </a><a name=\"KNHTS.FACILITYLEVEL-en-US\"> </a><p>This case-insensitive code system <code>https://shr.tiberbuapps.com/fhir/CodeSystem/KNHTS.FACILITYLEVEL</code> defines the following codes:</p><table class=\"codes\"><tr><td style=\"white-space:nowrap\"><b>Code</b></td><td><b>Display</b></td><td><b>Definition</b></td></tr><tr><td style=\"white-space:nowrap\">l1<a name=\"KNHTS.FACILITYLEVEL-l1\"> </a></td><td>L1</td><td>L1</td></tr><tr><td style=\"white-space:nowrap\">l2<a name=\"KNHTS.FACILITYLEVEL-l2\"> </a></td><td>L2</td><td>L2</td></tr><tr><td style=\"white-space:nowrap\">l3<a name=\"KNHTS.FACILITYLEVEL-l3\"> </a></td><td>L3</td><td>L3</td></tr><tr><td style=\"white-space:nowrap\">l4<a name=\"KNHTS.FACILITYLEVEL-l4\"> </a></td><td>L4</td><td>L4</td></tr><tr><td style=\"white-space:nowrap\">l5<a name=\"KNHTS.FACILITYLEVEL-l5\"> </a></td><td>L5</td><td>L5</td></tr><tr><td style=\"white-space:nowrap\">l6<a name=\"KNHTS.FACILITYLEVEL-l6\"> </a></td><td>L6</td><td>L6</td></tr></table></div>"},"url":"https://shr.tiberbuapps.com/fhir/CodeSystem/KNHTS.FACILITYLEVEL","version":"0.1.0","name":"FACILITYLEVEL","title":"CodeSystem for Facility level","status":"draft","experimental":false,"date":"2024-08-23T12:29:17+03:00","publisher":"intellisoftkenya","contact":[{"name":"intellisoftkenya","telecom":[{"system":"url","value":"http://example.org/example-publisher"}]}],"description":"CodeSystem for Facility level","caseSensitive":false,"content":"complete","count":6,"concept":[{"code":"l1","display":"L1","definition":"L1"},{"code":"l2","display":"L2","definition":"L2"},{"code":"l3","display":"L3","definition":"L3"},{"code":"l4","display":"L4","definition":"L4"},{"code":"l5","display":"L5","definition":"L5"},{"code":"l6","display":"L6","definition":"L6"}]}