{"resourceType":"CodeSystem","id":"Patient.Employment","text":{"status":"generated","div":"<div xmlns=\"http://www.w3.org/1999/xhtml\"><p class=\"res-header-id\"><b>Generated Narrative: CodeSystem Patient.Employment</b></p><a name=\"Patient.Employment\"> </a><a name=\"hcPatient.Employment\"> </a><a name=\"Patient.Employment-en-US\"> </a><p>This case-insensitive code system <code>https://shr.tiberbuapps.com/fhir/CodeSystem/Patient.Employment</code> defines the following codes:</p><table class=\"codes\"><tr><td style=\"white-space:nowrap\"><b>Code</b></td><td><b>Display</b></td><td><b>Definition</b></td></tr><tr><td style=\"white-space:nowrap\">employed<a name=\"Patient.Employment-employed\"> </a></td><td>employed</td><td>employed</td></tr><tr><td style=\"white-space:nowrap\">selfEmployed<a name=\"Patient.Employment-selfEmployed\"> </a></td><td>selft-employed</td><td>selft-employed</td></tr><tr><td style=\"white-space:nowrap\">sponsored<a name=\"Patient.Employment-sponsored\"> </a></td><td>sponsored</td><td>sponsored</td></tr><tr><td style=\"white-space:nowrap\">organizedGroups<a name=\"Patient.Employment-organizedGroups\"> </a></td><td>organizedGroups</td><td>organizedGroups</td></tr></table></div>"},"url":"https://shr.tiberbuapps.com/fhir/CodeSystem/Patient.Employment","version":"0.1.0","name":"Patient_Employment","title":"Patient's Employment CodeSystem","status":"draft","experimental":false,"date":"2024-08-23T12:29:17+03:00","publisher":"intellisoftkenya","contact":[{"name":"intellisoftkenya","telecom":[{"system":"url","value":"http://example.org/example-publisher"}]}],"description":"CodeSystem for Patient's Employment","caseSensitive":false,"content":"complete","count":4,"concept":[{"code":"employed","display":"employed","definition":"employed"},{"code":"selfEmployed","display":"selft-employed","definition":"selft-employed"},{"code":"sponsored","display":"sponsored","definition":"sponsored"},{"code":"organizedGroups","display":"organizedGroups","definition":"organizedGroups"}]}