{"resourceType":"CodeSystem","id":"IMMZ.E","text":{"status":"generated","div":"<div xmlns=\"http://www.w3.org/1999/xhtml\"><p class=\"res-header-id\"><b>Generated Narrative: CodeSystem IMMZ.E</b></p><a name=\"IMMZ.E\"> </a><a name=\"hcIMMZ.E\"> </a><a name=\"IMMZ.E-en-US\"> </a><p>This case-insensitive code system <code>https://intellisoft-consulting.github.io/igs/ChanjoKe-FHIR-IG/CodeSystem/IMMZ.E</code> defines the following codes:</p><table class=\"codes\"><tr><td style=\"white-space:nowrap\"><b>Code</b></td><td><b>Display</b></td><td><b>Definition</b></td></tr><tr><td style=\"white-space:nowrap\">DE1<a name=\"IMMZ.E-DE1\"> </a></td><td>Report Identification</td><td>A unique identifier for the instance of the report that has been generated</td></tr><tr><td style=\"white-space:nowrap\">DE2<a name=\"IMMZ.E-DE2\"> </a></td><td>Report Status</td><td>The status of the report (for example, initial, complete, etc.)</td></tr><tr><td style=\"white-space:nowrap\">DE3<a name=\"IMMZ.E-DE3\"> </a></td><td>Complete</td><td>The report is complete and ready to use</td></tr><tr><td style=\"white-space:nowrap\">DE4<a name=\"IMMZ.E-DE4\"> </a></td><td>Pending</td><td>The report is currently being generated</td></tr><tr><td style=\"white-space:nowrap\">DE5<a name=\"IMMZ.E-DE5\"> </a></td><td>Error</td><td>An error occurred while generating the report</td></tr><tr><td style=\"white-space:nowrap\">DE6<a name=\"IMMZ.E-DE6\"> </a></td><td>Report Type</td><td>The type of report which has been generated (i.e. is the report a list of individuals, a summary, etc.)</td></tr><tr><td style=\"white-space:nowrap\">DE7<a name=\"IMMZ.E-DE7\"> </a></td><td>Individual</td><td>An individual report which provides information on the performance for a given measure with respect to a single subject</td></tr><tr><td style=\"white-space:nowrap\">DE8<a name=\"IMMZ.E-DE8\"> </a></td><td>Subject List</td><td>A subject list report that provides a listing of subjects who satisfied a specific population criteria in the measure</td></tr><tr><td style=\"white-space:nowrap\">DE9<a name=\"IMMZ.E-DE9\"> </a></td><td>Summary</td><td>A summary report that returns the number of members in each population criteria for the measure</td></tr><tr><td style=\"white-space:nowrap\">DE10<a name=\"IMMZ.E-DE10\"> </a></td><td>Data Exchange</td><td>A data exchange report that contains data of interest for the measure (i.e. data needed to calculate the measure)</td></tr><tr><td style=\"white-space:nowrap\">DE11<a name=\"IMMZ.E-DE11\"> </a></td><td>Report Indicator Code</td><td>The indicator or measure definition which is being reported on (for example: Dropout rate, defaulters, etc.)</td></tr><tr><td style=\"white-space:nowrap\">DE12<a name=\"IMMZ.E-DE12\"> </a></td><td>Dropout rate</td><td>An indicator for the assessment of a particular vaccine's dropout rate (i.e. comparing the number of clients who start a specific immunization schedule with the number of clients who complete it)</td></tr><tr><td style=\"white-space:nowrap\">DE13<a name=\"IMMZ.E-DE13\"> </a></td><td>Defaulters</td><td>An indicator for the assessment of a particular vaccine's defaulters. Defaulters are clients who miss scheduled vaccination doses for any reason</td></tr><tr><td style=\"white-space:nowrap\">DE14<a name=\"IMMZ.E-DE14\"> </a></td><td>Coverage</td><td>An indicator for the assessment of a particular vaccine's coverage (i.e. the estimated percentage of clients who have received specific doses of a vaccine)</td></tr><tr><td style=\"white-space:nowrap\">DE15<a name=\"IMMZ.E-DE15\"> </a></td><td>AEFI Case Rate</td><td>An indicator for the assessment of a particular vaccine's Adverse Event Following Immunization (AEFI) case rate. This report is tracked as an aggregate tally of number of clients who received a vaccine dose and have reported an adverse event compared with the total number of doses administered of the vaccine product</td></tr><tr><td style=\"white-space:nowrap\">DE16<a name=\"IMMZ.E-DE16\"> </a></td><td>Open Vial Wastage</td><td>An indicator for the assessment of a particular vaccine's open vial wastage, which is a measure of the percentage of doses of a vaccine that were opened but discarded due to under-utilization</td></tr><tr><td style=\"white-space:nowrap\">DE17<a name=\"IMMZ.E-DE17\"> </a></td><td>Closed Vial Wastage</td><td>An indicator for the assessment of a particular vaccine's open vial wastage, which is a measure of the percentage of doses of a vaccine that were spoiled due to reasons such as expiry, freezing, breakage, etc.</td></tr><tr><td style=\"white-space:nowrap\">DE18<a name=\"IMMZ.E-DE18\"> </a></td><td>Report Subject Area</td><td>Location (facility or place) for which the data in the report is being represented.</td></tr><tr><td style=\"white-space:nowrap\">DE19<a name=\"IMMZ.E-DE19\"> </a></td><td>Report Generation Date</td><td>The date and time on which the report was generated.</td></tr><tr><td style=\"white-space:nowrap\">DE20<a name=\"IMMZ.E-DE20\"> </a></td><td>Reporting Period Start</td><td>The start date of the reporting period for which data in the report has been included.</td></tr><tr><td style=\"white-space:nowrap\">DE21<a name=\"IMMZ.E-DE21\"> </a></td><td>Reporting Period End</td><td>The end date of the reporting period for which data in the report has been included.</td></tr><tr><td style=\"white-space:nowrap\">DE22<a name=\"IMMZ.E-DE22\"> </a></td><td>Improvement Indicator</td><td>Indicates to the receiver how to interpret the data (i.e. what constitutes an improvement or deterioration)</td></tr><tr><td style=\"white-space:nowrap\">DE23<a name=\"IMMZ.E-DE23\"> </a></td><td>Increase is Improvement</td><td>Indicates that when the measure scores increase, the data can be interpreted as an improvement (used for Coverage indicator)</td></tr><tr><td style=\"white-space:nowrap\">DE24<a name=\"IMMZ.E-DE24\"> </a></td><td>Decrease is Improvement</td><td>Indicates that when measure scores decrease, the data can be interpreted as an improvement (used for dropout, wastage, AEFI indicators)</td></tr><tr><td style=\"white-space:nowrap\">DE25<a name=\"IMMZ.E-DE25\"> </a></td><td>Report Generator / Author</td><td>Indicates the organization, or location which is generating or producing the report</td></tr><tr><td style=\"white-space:nowrap\">DE26<a name=\"IMMZ.E-DE26\"> </a></td><td>Measure Identifier / Meaning</td><td>Represents the name of the report/indicator. It codifies the meaning of the group / measure. For example, if the report indicator is Coverage each antigen / vaccine would have a measure (i.e. BCG Coverage or BCG Target)</td></tr><tr><td style=\"white-space:nowrap\">DE27<a name=\"IMMZ.E-DE27\"> </a></td><td>Measured Score</td><td>The calculated score of the measure / indicator which is being reported on.</td></tr><tr><td style=\"white-space:nowrap\">DE30<a name=\"IMMZ.E-DE30\"> </a></td><td>Measure Numerator</td><td>The count of individual objects (persons, doses, etc.) which was used as the numerator to calculate the measure score.</td></tr><tr><td style=\"white-space:nowrap\">DE31<a name=\"IMMZ.E-DE31\"> </a></td><td>Measure Denominator</td><td>The count of individual objects (persons, doses, etc.) which was used as the denominator to calculate the measure score.</td></tr><tr><td style=\"white-space:nowrap\">DE32<a name=\"IMMZ.E-DE32\"> </a></td><td>Disaggregation Group</td><td>Indicates the overall strata or disaggregation which is being represented in the report (for example: by gender, by region, by age group, etc.)</td></tr><tr><td style=\"white-space:nowrap\">DE33<a name=\"IMMZ.E-DE33\"> </a></td><td>By-Sex</td><td>Represents a disaggregation grouped by the indicator population's sex values</td></tr><tr><td style=\"white-space:nowrap\">DE34<a name=\"IMMZ.E-DE34\"> </a></td><td>By-Region</td><td>Represents a disaggregation grouped by the indicator population's administrative regions</td></tr><tr><td style=\"white-space:nowrap\">DE35<a name=\"IMMZ.E-DE35\"> </a></td><td>By-Age Group</td><td>Represents a disaggregation grouped by the indicator population's age groups</td></tr><tr><td style=\"white-space:nowrap\">DE36<a name=\"IMMZ.E-DE36\"> </a></td><td>By-Dose Number</td><td>Represents a disaggregation grouped by the indicator population's dose numbers for a specific vaccine</td></tr><tr><td style=\"white-space:nowrap\">DE37<a name=\"IMMZ.E-DE37\"> </a></td><td>By-Vaccine Type</td><td>Represents a disaggregation grouped by the indicator population's vaccine types</td></tr><tr><td style=\"white-space:nowrap\">DE38<a name=\"IMMZ.E-DE38\"> </a></td><td>By-Vaccine Manufacturer</td><td>Represents a disaggregation grouped by the indicator population's vaccine manufacturers for a specific vaccine</td></tr><tr><td style=\"white-space:nowrap\">DE39<a name=\"IMMZ.E-DE39\"> </a></td><td>By-Reaction Manifestation</td><td>Represents a disaggregation grouped by the indicator population's reaction manifestations for a specific vaccine</td></tr><tr><td style=\"white-space:nowrap\">DE40<a name=\"IMMZ.E-DE40\"> </a></td><td>By-Occupation</td><td>Represents a disaggregation grouped by the indicator population's occupations</td></tr><tr><td style=\"white-space:nowrap\">DE41<a name=\"IMMZ.E-DE41\"> </a></td><td>Disaggregation Measure Identifier / Meaning</td><td>The type or value of this stratum represents (male , female, region 1, dose 3, etc.). This value depends on the Disaggregation Group data element (for example: if By-Sex is used as the disaggregation group, valid values would be 'Male', 'Female', 'Intersex')</td></tr><tr><td style=\"white-space:nowrap\">DE42<a name=\"IMMZ.E-DE42\"> </a></td><td>Disaggregation Numerator</td><td>The count of individual objects (persons, doses, etc.) which were used as the numerator for the disaggregation score.</td></tr><tr><td style=\"white-space:nowrap\">DE43<a name=\"IMMZ.E-DE43\"> </a></td><td>Disaggregation Denominator</td><td>The count of individual objects (persons, doses, etc.) which were used as the denominator for disaggregation score</td></tr><tr><td style=\"white-space:nowrap\">DE44<a name=\"IMMZ.E-DE44\"> </a></td><td>Disaggregated Score</td><td>The computed score for this disaggregation, which is the numerator divided by the denominator for this collection (i.e. population) of records.</td></tr></table></div>"},"url":"https://intellisoft-consulting.github.io/igs/ChanjoKe-FHIR-IG/CodeSystem/IMMZ.E","version":"0.1.0","name":"IMMZ_E","title":"IMMZ.E CodeSystem for Data Elements","status":"draft","experimental":false,"date":"2024-08-27T20:30:12+00:00","publisher":"Intellisoft Consulting Ltd","contact":[{"name":"Intellisoft Consulting Ltd","telecom":[{"system":"url","value":"https://www.intellisoftkenya.com/"},{"system":"email","value":"info[at]intellisoftkenya.com"}]}],"description":"CodeSystem for IMMZ.E Data Elements","caseSensitive":false,"content":"complete","count":42,"concept":[{"code":"DE1","display":"Report Identification","definition":"A unique identifier for the instance of the report that has been generated"},{"code":"DE2","display":"Report Status","definition":"The status of the report (for example, initial, complete, etc.)"},{"code":"DE3","display":"Complete","definition":"The report is complete and ready to use"},{"code":"DE4","display":"Pending","definition":"The report is currently being generated"},{"code":"DE5","display":"Error","definition":"An error occurred while generating the report"},{"code":"DE6","display":"Report Type","definition":"The type of report which has been generated (i.e. is the report a list of individuals, a summary, etc.)"},{"code":"DE7","display":"Individual","definition":"An individual report which provides information on the performance for a given measure with respect to a single subject"},{"code":"DE8","display":"Subject List","definition":"A subject list report that provides a listing of subjects who satisfied a specific population criteria in the measure"},{"code":"DE9","display":"Summary","definition":"A summary report that returns the number of members in each population criteria for the measure"},{"code":"DE10","display":"Data Exchange","definition":"A data exchange report that contains data of interest for the measure (i.e. data needed to calculate the measure)"},{"code":"DE11","display":"Report Indicator Code","definition":"The indicator or measure definition which is being reported on (for example: Dropout rate, defaulters, etc.)"},{"code":"DE12","display":"Dropout rate","definition":"An indicator for the assessment of a particular vaccine's dropout rate (i.e. comparing the number of clients who start a specific immunization schedule with the number of clients who complete it)"},{"code":"DE13","display":"Defaulters","definition":"An indicator for the assessment of a particular vaccine's defaulters. Defaulters are clients who miss scheduled vaccination doses for any reason"},{"code":"DE14","display":"Coverage","definition":"An indicator for the assessment of a particular vaccine's coverage (i.e. the estimated percentage of clients who have received specific doses of a vaccine)"},{"code":"DE15","display":"AEFI Case Rate","definition":"An indicator for the assessment of a particular vaccine's Adverse Event Following Immunization (AEFI) case rate. This report is tracked as an aggregate tally of number of clients who received a vaccine dose and have reported an adverse event compared with the total number of doses administered of the vaccine product"},{"code":"DE16","display":"Open Vial Wastage","definition":"An indicator for the assessment of a particular vaccine's open vial wastage, which is a measure of the percentage of doses of a vaccine that were opened but discarded due to under-utilization"},{"code":"DE17","display":"Closed Vial Wastage","definition":"An indicator for the assessment of a particular vaccine's open vial wastage, which is a measure of the percentage of doses of a vaccine that were spoiled due to reasons such as expiry, freezing, breakage, etc."},{"code":"DE18","display":"Report Subject Area","definition":"Location (facility or place) for which the data in the report is being represented."},{"code":"DE19","display":"Report Generation Date","definition":"The date and time on which the report was generated."},{"code":"DE20","display":"Reporting Period Start","definition":"The start date of the reporting period for which data in the report has been included."},{"code":"DE21","display":"Reporting Period End","definition":"The end date of the reporting period for which data in the report has been included."},{"code":"DE22","display":"Improvement Indicator","definition":"Indicates to the receiver how to interpret the data (i.e. what constitutes an improvement or deterioration)"},{"code":"DE23","display":"Increase is Improvement","definition":"Indicates that when the measure scores increase, the data can be interpreted as an improvement (used for Coverage indicator)"},{"code":"DE24","display":"Decrease is Improvement","definition":"Indicates that when measure scores decrease, the data can be interpreted as an improvement (used for dropout, wastage, AEFI indicators)"},{"code":"DE25","display":"Report Generator / Author","definition":"Indicates the organization, or location which is generating or producing the report"},{"code":"DE26","display":"Measure Identifier / Meaning","definition":"Represents the name of the report/indicator. It codifies the meaning of the group / measure. For example, if the report indicator is Coverage each antigen / vaccine would have a measure (i.e. BCG Coverage or BCG Target)"},{"code":"DE27","display":"Measured Score","definition":"The calculated score of the measure / indicator which is being reported on."},{"code":"DE30","display":"Measure Numerator","definition":"The count of individual objects (persons, doses, etc.) which was used as the numerator to calculate the measure score."},{"code":"DE31","display":"Measure Denominator","definition":"The count of individual objects (persons, doses, etc.) which was used as the denominator to calculate the measure score."},{"code":"DE32","display":"Disaggregation Group","definition":"Indicates the overall strata or disaggregation which is being represented in the report (for example: by gender, by region, by age group, etc.)"},{"code":"DE33","display":"By-Sex","definition":"Represents a disaggregation grouped by the indicator population's sex values"},{"code":"DE34","display":"By-Region","definition":"Represents a disaggregation grouped by the indicator population's administrative regions"},{"code":"DE35","display":"By-Age Group","definition":"Represents a disaggregation grouped by the indicator population's age groups"},{"code":"DE36","display":"By-Dose Number","definition":"Represents a disaggregation grouped by the indicator population's dose numbers for a specific vaccine"},{"code":"DE37","display":"By-Vaccine Type","definition":"Represents a disaggregation grouped by the indicator population's vaccine types"},{"code":"DE38","display":"By-Vaccine Manufacturer","definition":"Represents a disaggregation grouped by the indicator population's vaccine manufacturers for a specific vaccine"},{"code":"DE39","display":"By-Reaction Manifestation","definition":"Represents a disaggregation grouped by the indicator population's reaction manifestations for a specific vaccine"},{"code":"DE40","display":"By-Occupation","definition":"Represents a disaggregation grouped by the indicator population's occupations"},{"code":"DE41","display":"Disaggregation Measure Identifier / Meaning","definition":"The type or value of this stratum represents (male , female, region 1, dose 3, etc.). This value depends on the Disaggregation Group data element (for example: if By-Sex is used as the disaggregation group, valid values would be 'Male', 'Female', 'Intersex')"},{"code":"DE42","display":"Disaggregation Numerator","definition":"The count of individual objects (persons, doses, etc.) which were used as the numerator for the disaggregation score."},{"code":"DE43","display":"Disaggregation Denominator","definition":"The count of individual objects (persons, doses, etc.) which were used as the denominator for disaggregation score"},{"code":"DE44","display":"Disaggregated Score","definition":"The computed score for this disaggregation, which is the numerator divided by the denominator for this collection (i.e. population) of records."}]}