{"resourceType":"ValueSet","id":"typeOfLastMeaslesRubellaDoseVS","text":{"status":"generated","div":"<div xmlns=\"http://www.w3.org/1999/xhtml\"><p class=\"res-header-id\"><b>Generated Narrative: ValueSet typeOfLastMeaslesRubellaDoseVS</b></p><a name=\"typeOfLastMeaslesRubellaDoseVS\"> </a><a name=\"hctypeOfLastMeaslesRubellaDoseVS\"> </a><a name=\"typeOfLastMeaslesRubellaDoseVS-en-US\"> </a><ul><li>Include these codes as defined in <a href=\"CodeSystem-IMMZ.B.html\"><code>https://intellisoft-consulting.github.io/igs/ChanjoKe-FHIR-IG/CodeSystem/IMMZ.B</code></a><table class=\"none\"><tr><td style=\"white-space:nowrap\"><b>Code</b></td><td><b>Display</b></td></tr><tr><td><a href=\"CodeSystem-IMMZ.B.html#IMMZ.B-DE50\">DE50</a></td><td>Measles-Rubella 1</td></tr><tr><td><a href=\"CodeSystem-IMMZ.B.html#IMMZ.B-DE51\">DE51</a></td><td>Measles-Rubella 2</td></tr></table></li></ul></div>"},"url":"https://intellisoft-consulting.github.io/igs/ChanjoKe-FHIR-IG/ValueSet/typeOfLastMeaslesRubellaDoseVS","version":"0.1.0","name":"IMMZB1DE49VS","title":"Type of last Measles-Rubella dose","status":"draft","experimental":false,"date":"2024-08-27T20:30:12+00:00","publisher":"Intellisoft Consulting Ltd","contact":[{"name":"Intellisoft Consulting Ltd","telecom":[{"system":"url","value":"https://www.intellisoftkenya.com/"},{"system":"email","value":"info[at]intellisoftkenya.com"}]}],"description":"Type of last Measles-Rubella dose","compose":{"include":[{"system":"https://intellisoft-consulting.github.io/igs/ChanjoKe-FHIR-IG/CodeSystem/IMMZ.B","concept":[{"code":"DE50","display":"Measles-Rubella 1"},{"code":"DE51","display":"Measles-Rubella 2"}]}]}}