{"resourceType":"ValueSet","id":"kenyaCountiesVS","text":{"status":"extensions","div":"<div xmlns=\"http://www.w3.org/1999/xhtml\"><p class=\"res-header-id\"><b>Generated Narrative: ValueSet kenyaCountiesVS</b></p><a name=\"kenyaCountiesVS\"> </a><a name=\"hckenyaCountiesVS\"> </a><a name=\"kenyaCountiesVS-en-US\"> </a><ul><li>Include these codes as defined in <a href=\"CodeSystem-KHTS.A.html\"><code>https://intellisoft-consulting.github.io/igs/ChanjoKe-FHIR-IG/CodeSystem/KHTS.A</code></a><table class=\"none\"><tr><td style=\"white-space:nowrap\"><b>Code</b></td><td><b>Display</b></td><td><b>Definition</b></td></tr><tr><td><a href=\"CodeSystem-KHTS.A.html#KHTS.A-C-001\">C-001</a></td><td style=\"color: #cccccc\">Mombasa</td><td>County of Residence, Mombasa</td></tr><tr><td><a href=\"CodeSystem-KHTS.A.html#KHTS.A-C-002\">C-002</a></td><td style=\"color: #cccccc\">Kilifi</td><td>County of Residence, Kilifi</td></tr><tr><td><a href=\"CodeSystem-KHTS.A.html#KHTS.A-C-003\">C-003</a></td><td style=\"color: #cccccc\">Tana River\tHola</td><td>County of Residence, Tana River\tHola</td></tr><tr><td><a href=\"CodeSystem-KHTS.A.html#KHTS.A-C-004\">C-004</a></td><td style=\"color: #cccccc\">Lamu</td><td>County of Residence, Lamu</td></tr></table></li></ul></div>"},"url":"https://intellisoft-consulting.github.io/igs/ChanjoKe-FHIR-IG/ValueSet/kenyaCountiesVS","version":"0.1.0","name":"KHTS1VS","title":"Counties in Kenya","status":"draft","experimental":false,"date":"2024-08-27T20:30:12+00:00","publisher":"Intellisoft Consulting Ltd","contact":[{"name":"Intellisoft Consulting Ltd","telecom":[{"system":"url","value":"https://www.intellisoftkenya.com/"},{"system":"email","value":"info[at]intellisoftkenya.com"}]}],"description":"Counties in Kenya","compose":{"include":[{"system":"https://intellisoft-consulting.github.io/igs/ChanjoKe-FHIR-IG/CodeSystem/KHTS.A","concept":[{"code":"C-001"},{"code":"C-002"},{"code":"C-003"},{"code":"C-004"}]}]}}