{"resourceType":"ValueSet","id":"DDCQRFormatCodesVS","text":{"status":"extensions","div":"<div xmlns=\"http://www.w3.org/1999/xhtml\"><p class=\"res-header-id\"><b>Generated Narrative: ValueSet DDCQRFormatCodesVS</b></p><a name=\"DDCQRFormatCodesVS\"> </a><a name=\"hcDDCQRFormatCodesVS\"> </a><a name=\"DDCQRFormatCodesVS-en-US\"> </a><ul><li>Include these codes as defined in <a href=\"CodeSystem-DDCQRFormatCodes.html\"><code>https://intellisoft-consulting.github.io/igs/ChanjoKe-FHIR-IG/CodeSystem/DDCQRFormatCodes</code></a><table class=\"none\"><tr><td style=\"white-space:nowrap\"><b>Code</b></td><td><b>Display</b></td><td><b>Definition</b></td></tr><tr><td><a href=\"CodeSystem-DDCQRFormatCodes.html#DDCQRFormatCodes-image\">image</a></td><td style=\"color: #cccccc\">http://smart.who.int/ddcc/CodeSystem/DDCC-QR-Format-CodeSystem</td><td>image</td></tr><tr><td><a href=\"CodeSystem-DDCQRFormatCodes.html#DDCQRFormatCodes-serialized\">serialized</a></td><td style=\"color: #cccccc\">http://smart.who.int/ddcc/CodeSystem/DDCC-QR-Format-CodeSystem</td><td>serialized</td></tr><tr><td><a href=\"CodeSystem-DDCQRFormatCodes.html#DDCQRFormatCodes-pdf\">pdf</a></td><td style=\"color: #cccccc\">http://smart.who.int/ddcc/CodeSystem/DDCC-QR-Format-CodeSystem</td><td>pdf</td></tr></table></li></ul></div>"},"url":"https://intellisoft-consulting.github.io/igs/ChanjoKe-FHIR-IG/ValueSet/DDCQRFormatCodesVS","version":"0.1.0","name":"DDCQRFMTCodesVS","title":"Digital Certificate Formats","status":"draft","experimental":false,"date":"2024-08-27T20:30:12+00:00","publisher":"Intellisoft Consulting Ltd","contact":[{"name":"Intellisoft Consulting Ltd","telecom":[{"system":"url","value":"https://www.intellisoftkenya.com/"},{"system":"email","value":"info[at]intellisoftkenya.com"}]}],"description":"ValueSets for Digital Certificate Formats","compose":{"include":[{"system":"https://intellisoft-consulting.github.io/igs/ChanjoKe-FHIR-IG/CodeSystem/DDCQRFormatCodes","concept":[{"code":"image"},{"code":"serialized"},{"code":"pdf"}]}]}}