{"resourceType":"ValueSet","id":"PatientContactListVS","text":{"status":"generated","div":"<div xmlns=\"http://www.w3.org/1999/xhtml\"><p class=\"res-header-id\"><b>Generated Narrative: ValueSet PatientContactListVS</b></p><a name=\"PatientContactListVS\"> </a><a name=\"hcPatientContactListVS\"> </a><a name=\"PatientContactListVS-en-US\"> </a><ul><li>Include these codes as defined in <a href=\"CodeSystem-PatientContactList.html\"><code>https://intellisoft-consulting.github.io/igs/ChanjoKe-FHIR-IG/CodeSystem/PatientContactList</code></a><table class=\"none\"><tr><td style=\"white-space:nowrap\"><b>Code</b></td><td><b>Display</b></td></tr><tr><td><a href=\"CodeSystem-PatientContactList.html#PatientContactList-DE1\">DE1</a></td><td style=\"color: #cccccc\">Father</td></tr><tr><td><a href=\"CodeSystem-PatientContactList.html#PatientContactList-DE2\">DE2</a></td><td style=\"color: #cccccc\">Mother</td></tr><tr><td><a href=\"CodeSystem-PatientContactList.html#PatientContactList-DE3\">DE3</a></td><td style=\"color: #cccccc\">Guardian</td></tr></table></li></ul></div>"},"url":"https://intellisoft-consulting.github.io/igs/ChanjoKe-FHIR-IG/ValueSet/PatientContactListVS","version":"0.1.0","name":"PATCONTACTSLSTS","title":"Patient Contact List","status":"draft","experimental":false,"date":"2024-08-27T20:30:12+00:00","publisher":"Intellisoft Consulting Ltd","contact":[{"name":"Intellisoft Consulting Ltd","telecom":[{"system":"url","value":"https://www.intellisoftkenya.com/"},{"system":"email","value":"info[at]intellisoftkenya.com"}]}],"description":"Paytient Contact List","compose":{"include":[{"system":"https://intellisoft-consulting.github.io/igs/ChanjoKe-FHIR-IG/CodeSystem/PatientContactList","concept":[{"code":"DE1"},{"code":"DE2"},{"code":"DE3"}]}]}}