{"resourceType":"ValueSet","id":"aefiActionTakenVS","text":{"status":"generated","div":"<div xmlns=\"http://www.w3.org/1999/xhtml\"><p class=\"res-header-id\"><b>Generated Narrative: ValueSet aefiActionTakenVS</b></p><a name=\"aefiActionTakenVS\"> </a><a name=\"hcaefiActionTakenVS\"> </a><a name=\"aefiActionTakenVS-en-US\"> </a><ul><li>Include these codes as defined in <a href=\"CodeSystem-IMMZ.F.html\"><code>https://intellisoft-consulting.github.io/igs/ChanjoKe-FHIR-IG/CodeSystem/IMMZ.F</code></a><table class=\"none\"><tr><td style=\"white-space:nowrap\"><b>Code</b></td><td><b>Display</b></td></tr><tr><td><a href=\"CodeSystem-IMMZ.F.html#IMMZ.F-DE21\">DE21</a></td><td style=\"color: #cccccc\">Action taken</td></tr><tr><td><a href=\"CodeSystem-IMMZ.F.html#IMMZ.F-DE22\">DE22</a></td><td style=\"color: #cccccc\">Treatment given</td></tr><tr><td><a href=\"CodeSystem-IMMZ.F.html#IMMZ.F-DE23\">DE23</a></td><td style=\"color: #cccccc\">Specify</td></tr></table></li></ul></div>"},"url":"https://intellisoft-consulting.github.io/igs/ChanjoKe-FHIR-IG/ValueSet/aefiActionTakenVS","version":"0.1.0","name":"AEFIACTIONTAKEN","title":"AEFI Action Taken","status":"draft","experimental":false,"date":"2024-08-27T20:30:12+00:00","publisher":"Intellisoft Consulting Ltd","contact":[{"name":"Intellisoft Consulting Ltd","telecom":[{"system":"url","value":"https://www.intellisoftkenya.com/"},{"system":"email","value":"info[at]intellisoftkenya.com"}]}],"description":"AEFI Action Taken","compose":{"include":[{"system":"https://intellisoft-consulting.github.io/igs/ChanjoKe-FHIR-IG/CodeSystem/IMMZ.F","concept":[{"code":"DE21"},{"code":"DE22"},{"code":"DE23"}]}]}}