{"resourceType":"ValueSet","id":"PrimaryCareNetworkVS","text":{"status":"extensions","div":"<div xmlns=\"http://www.w3.org/1999/xhtml\"><p class=\"res-header-id\"><b>Generated Narrative: ValueSet PrimaryCareNetworkVS</b></p><a name=\"PrimaryCareNetworkVS\"> </a><a name=\"hcPrimaryCareNetworkVS\"> </a><a name=\"PrimaryCareNetworkVS-en-US\"> </a><ul><li>Include these codes as defined in <a href=\"CodeSystem-KNHTS.PCNS.html\"><code>https://shr.tiberbuapps.com/fhir/CodeSystem/KNHTS.PCNS</code></a><table class=\"none\"><tr><td style=\"white-space:nowrap\"><b>Code</b></td><td><b>Display</b></td><td><b>Definition</b></td></tr><tr><td><a href=\"CodeSystem-KNHTS.PCNS.html#KNHTS.PCNS-dagorettiNorth\">dagorettiNorth</a></td><td style=\"color: #cccccc\">Dagoretti North</td><td>Dagoretti North</td></tr><tr><td><a href=\"CodeSystem-KNHTS.PCNS.html#KNHTS.PCNS-dagorettiSouth\">dagorettiSouth</a></td><td style=\"color: #cccccc\">Dagoretti South</td><td>Dagoretti South</td></tr><tr><td><a href=\"CodeSystem-KNHTS.PCNS.html#KNHTS.PCNS-embakasiCentral\">embakasiCentral</a></td><td style=\"color: #cccccc\">Embakasi Central</td><td>Embakasi Central</td></tr><tr><td><a href=\"CodeSystem-KNHTS.PCNS.html#KNHTS.PCNS-embakasiEast\">embakasiEast</a></td><td style=\"color: #cccccc\">Embakasi East</td><td>Embakasi East</td></tr><tr><td><a href=\"CodeSystem-KNHTS.PCNS.html#KNHTS.PCNS-embakasiNorth\">embakasiNorth</a></td><td style=\"color: #cccccc\">Embakasi North</td><td>Embakasi North</td></tr><tr><td><a href=\"CodeSystem-KNHTS.PCNS.html#KNHTS.PCNS-embakasiSouth\">embakasiSouth</a></td><td style=\"color: #cccccc\">Embakasi North</td><td>Embakasi North</td></tr></table></li></ul></div>"},"url":"https://shr.tiberbuapps.com/fhir/ValueSet/PrimaryCareNetworkVS","version":"0.1.0","name":"PRIMARYCARENETWORKS","title":"Primary Care Networks","status":"draft","experimental":false,"date":"2024-08-23T12:29:17+03:00","publisher":"intellisoftkenya","contact":[{"name":"intellisoftkenya","telecom":[{"system":"url","value":"http://example.org/example-publisher"}]}],"description":"Primary Care Networks","compose":{"include":[{"system":"https://shr.tiberbuapps.com/fhir/CodeSystem/KNHTS.PCNS","concept":[{"code":"dagorettiNorth"},{"code":"dagorettiSouth"},{"code":"embakasiCentral"},{"code":"embakasiEast"},{"code":"embakasiNorth"},{"code":"embakasiSouth"}]}]}}