{"resourceType":"ValueSet","id":"kenyaAdministrativeGenderVS","text":{"status":"extensions","div":"<div xmlns=\"http://www.w3.org/1999/xhtml\"><p class=\"res-header-id\"><b>Generated Narrative: ValueSet kenyaAdministrativeGenderVS</b></p><a name=\"kenyaAdministrativeGenderVS\"> </a><a name=\"hckenyaAdministrativeGenderVS\"> </a><a name=\"kenyaAdministrativeGenderVS-en-US\"> </a><ul><li>Include these codes as defined in <a href=\"CodeSystem-IMMZ.A.html\"><code>https://intellisoft-consulting.github.io/igs/ChanjoKe-FHIR-IG/CodeSystem/IMMZ.A</code></a><table class=\"none\"><tr><td style=\"white-space:nowrap\"><b>Code</b></td><td><b>Display</b></td><td><b>Definition</b></td></tr><tr><td><a href=\"CodeSystem-IMMZ.A.html#IMMZ.A-DE6\">DE6</a></td><td style=\"color: #cccccc\">Male</td><td>Client's biological sex is male</td></tr><tr><td><a href=\"CodeSystem-IMMZ.A.html#IMMZ.A-DE7\">DE7</a></td><td style=\"color: #cccccc\">Female</td><td>Client's biological sex is female</td></tr></table></li></ul></div>"},"url":"https://intellisoft-consulting.github.io/igs/ChanjoKe-FHIR-IG/ValueSet/kenyaAdministrativeGenderVS","version":"0.1.0","name":"KHTSADMNGENDER","title":"Administrative Gender","status":"draft","experimental":false,"date":"2024-08-27T20:30:12+00:00","publisher":"Intellisoft Consulting Ltd","contact":[{"name":"Intellisoft Consulting Ltd","telecom":[{"system":"url","value":"https://www.intellisoftkenya.com/"},{"system":"email","value":"info[at]intellisoftkenya.com"}]}],"description":"Administrative Gender","compose":{"include":[{"system":"https://intellisoft-consulting.github.io/igs/ChanjoKe-FHIR-IG/CodeSystem/IMMZ.A","concept":[{"code":"DE6"},{"code":"DE7"}]}]}}