{"resourceType":"ValueSet","id":"SalutationVS","text":{"status":"extensions","div":"<div xmlns=\"http://www.w3.org/1999/xhtml\"><p class=\"res-header-id\"><b>Generated Narrative: ValueSet SalutationVS</b></p><a name=\"SalutationVS\"> </a><a name=\"hcSalutationVS\"> </a><a name=\"SalutationVS-en-US\"> </a><ul><li>Include these codes as defined in <a href=\"CodeSystem-KNHTS.PAT.TITLE.html\"><code>https://shr.tiberbuapps.com/fhir/CodeSystem/KNHTS.PAT.TITLE</code></a><table class=\"none\"><tr><td style=\"white-space:nowrap\"><b>Code</b></td><td><b>Display</b></td><td><b>Definition</b></td></tr><tr><td><a href=\"CodeSystem-KNHTS.PAT.TITLE.html#KNHTS.PAT.TITLE-mr\">mr</a></td><td style=\"color: #cccccc\">Mr</td><td>Mr</td></tr><tr><td><a href=\"CodeSystem-KNHTS.PAT.TITLE.html#KNHTS.PAT.TITLE-mrs\">mrs</a></td><td style=\"color: #cccccc\">Mrs</td><td>Mrs</td></tr><tr><td><a href=\"CodeSystem-KNHTS.PAT.TITLE.html#KNHTS.PAT.TITLE-miss\">miss</a></td><td style=\"color: #cccccc\">Miss</td><td>Miss</td></tr><tr><td><a href=\"CodeSystem-KNHTS.PAT.TITLE.html#KNHTS.PAT.TITLE-ms\">ms</a></td><td style=\"color: #cccccc\">Ms</td><td>Ms</td></tr></table></li></ul></div>"},"url":"https://shr.tiberbuapps.com/fhir/ValueSet/SalutationVS","version":"0.1.0","name":"PT_TITLE","title":"Salutation","status":"draft","experimental":false,"date":"2024-08-23T12:29:17+03:00","publisher":"intellisoftkenya","contact":[{"name":"intellisoftkenya","telecom":[{"system":"url","value":"http://example.org/example-publisher"}]}],"description":"Salutation","compose":{"include":[{"system":"https://shr.tiberbuapps.com/fhir/CodeSystem/KNHTS.PAT.TITLE","concept":[{"code":"mr"},{"code":"mrs"},{"code":"miss"},{"code":"ms"}]}]}}