{"resourceType":"ValueSet","id":"FacilityLevelVS","text":{"status":"extensions","div":"<div xmlns=\"http://www.w3.org/1999/xhtml\"><p class=\"res-header-id\"><b>Generated Narrative: ValueSet FacilityLevelVS</b></p><a name=\"FacilityLevelVS\"> </a><a name=\"hcFacilityLevelVS\"> </a><a name=\"FacilityLevelVS-en-US\"> </a><ul><li>Include these codes as defined in <a href=\"CodeSystem-KNHTS.FACILITYLEVEL.html\"><code>https://shr.tiberbuapps.com/fhir/CodeSystem/KNHTS.FACILITYLEVEL</code></a><table class=\"none\"><tr><td style=\"white-space:nowrap\"><b>Code</b></td><td><b>Display</b></td><td><b>Definition</b></td></tr><tr><td><a href=\"CodeSystem-KNHTS.FACILITYLEVEL.html#KNHTS.FACILITYLEVEL-l1\">l1</a></td><td style=\"color: #cccccc\">L1</td><td>L1</td></tr><tr><td><a href=\"CodeSystem-KNHTS.FACILITYLEVEL.html#KNHTS.FACILITYLEVEL-l2\">l2</a></td><td style=\"color: #cccccc\">L2</td><td>L2</td></tr><tr><td><a href=\"CodeSystem-KNHTS.FACILITYLEVEL.html#KNHTS.FACILITYLEVEL-l3\">l3</a></td><td style=\"color: #cccccc\">L3</td><td>L3</td></tr><tr><td><a href=\"CodeSystem-KNHTS.FACILITYLEVEL.html#KNHTS.FACILITYLEVEL-l4\">l4</a></td><td style=\"color: #cccccc\">L4</td><td>L4</td></tr><tr><td><a href=\"CodeSystem-KNHTS.FACILITYLEVEL.html#KNHTS.FACILITYLEVEL-l5\">l5</a></td><td style=\"color: #cccccc\">L5</td><td>L5</td></tr><tr><td><a href=\"CodeSystem-KNHTS.FACILITYLEVEL.html#KNHTS.FACILITYLEVEL-l6\">l6</a></td><td style=\"color: #cccccc\">L6</td><td>L6</td></tr></table></li></ul></div>"},"url":"https://shr.tiberbuapps.com/fhir/ValueSet/FacilityLevelVS","version":"0.1.0","name":"FACILITYCATEGORY","title":"Code Systems Facility Level","status":"draft","experimental":false,"date":"2024-08-23T12:29:17+03:00","publisher":"intellisoftkenya","contact":[{"name":"intellisoftkenya","telecom":[{"system":"url","value":"http://example.org/example-publisher"}]}],"description":"Code Systems Facility Level","compose":{"include":[{"system":"https://shr.tiberbuapps.com/fhir/CodeSystem/KNHTS.FACILITYLEVEL","concept":[{"code":"l1"},{"code":"l2"},{"code":"l3"},{"code":"l4"},{"code":"l5"},{"code":"l6"}]}]}}