{"resourceType":"ValueSet","id":"HivStatusVS","text":{"status":"generated","div":"<div xmlns=\"http://www.w3.org/1999/xhtml\"><p class=\"res-header-id\"><b>Generated Narrative: ValueSet HivStatusVS</b></p><a name=\"HivStatusVS\"> </a><a name=\"hcHivStatusVS\"> </a><a name=\"HivStatusVS-en-US\"> </a><ul><li>Include these codes as defined in <a href=\"CodeSystem-IMMZ.B.html\"><code>https://intellisoft-consulting.github.io/igs/ChanjoKe-FHIR-IG/CodeSystem/IMMZ.B</code></a><table class=\"none\"><tr><td style=\"white-space:nowrap\"><b>Code</b></td><td><b>Display</b></td></tr><tr><td><a href=\"CodeSystem-IMMZ.B.html#IMMZ.B-DE2\">DE2</a></td><td style=\"color: #cccccc\">Positive</td></tr><tr><td><a href=\"CodeSystem-IMMZ.B.html#IMMZ.B-DE3\">DE3</a></td><td style=\"color: #cccccc\">Negative</td></tr><tr><td><a href=\"CodeSystem-IMMZ.B.html#IMMZ.B-DE4\">DE4</a></td><td style=\"color: #cccccc\">Unknown</td></tr></table></li></ul></div>"},"url":"https://intellisoft-consulting.github.io/igs/ChanjoKe-FHIR-IG/ValueSet/HivStatusVS","version":"0.1.0","name":"IMMZB1DE1VS","title":"Client's HIV Status","status":"draft","experimental":false,"date":"2024-08-27T20:30:12+00:00","publisher":"Intellisoft Consulting Ltd","contact":[{"name":"Intellisoft Consulting Ltd","telecom":[{"system":"url","value":"https://www.intellisoftkenya.com/"},{"system":"email","value":"info[at]intellisoftkenya.com"}]}],"description":"Client's HIV Status","compose":{"include":[{"system":"https://intellisoft-consulting.github.io/igs/ChanjoKe-FHIR-IG/CodeSystem/IMMZ.B","concept":[{"code":"DE2"},{"code":"DE3"},{"code":"DE4"}]}]}}