{"resourceType":"ValueSet","id":"FacilityApprovalStatusVS","text":{"status":"extensions","div":"<div xmlns=\"http://www.w3.org/1999/xhtml\"><p class=\"res-header-id\"><b>Generated Narrative: ValueSet FacilityApprovalStatusVS</b></p><a name=\"FacilityApprovalStatusVS\"> </a><a name=\"hcFacilityApprovalStatusVS\"> </a><a name=\"FacilityApprovalStatusVS-en-US\"> </a><ul><li>Include these codes as defined in <a href=\"CodeSystem-KNHTS.FACILITYAPPROVALSTATUS.html\"><code>https://shr.tiberbuapps.com/fhir/CodeSystem/KNHTS.FACILITYAPPROVALSTATUS</code></a><table class=\"none\"><tr><td style=\"white-space:nowrap\"><b>Code</b></td><td><b>Display</b></td><td><b>Definition</b></td></tr><tr><td><a href=\"CodeSystem-KNHTS.FACILITYAPPROVALSTATUS.html#KNHTS.FACILITYAPPROVALSTATUS-yes\">yes</a></td><td style=\"color: #cccccc\">YES</td><td>YES</td></tr><tr><td><a href=\"CodeSystem-KNHTS.FACILITYAPPROVALSTATUS.html#KNHTS.FACILITYAPPROVALSTATUS-no\">no</a></td><td style=\"color: #cccccc\">NO</td><td>NO</td></tr><tr><td><a href=\"CodeSystem-KNHTS.FACILITYAPPROVALSTATUS.html#KNHTS.FACILITYAPPROVALSTATUS-none\">none</a></td><td style=\"color: #cccccc\">NONE</td><td>NONE</td></tr></table></li></ul></div>"},"url":"https://shr.tiberbuapps.com/fhir/ValueSet/FacilityApprovalStatusVS","version":"0.1.0","name":"FACILITYAPPROVALSTATUS","title":"Code Systems Facility Approval Status","status":"draft","experimental":false,"date":"2024-08-23T12:29:17+03:00","publisher":"intellisoftkenya","contact":[{"name":"intellisoftkenya","telecom":[{"system":"url","value":"http://example.org/example-publisher"}]}],"description":"Code Systems Facility Approval Status","compose":{"include":[{"system":"https://shr.tiberbuapps.com/fhir/CodeSystem/KNHTS.FACILITYAPPROVALSTATUS","concept":[{"code":"yes"},{"code":"no"},{"code":"none"}]}]}}