"Id","Path","Slice Name","Alias(s)","Label","Min","Max","Must Support?","Is Modifier?","Is Summary?","Type(s)","Short","Definition","Comments","Requirements","Default Value","Meaning When Missing","Fixed Value","Pattern","Example","Minimum Value","Maximum Value","Maximum Length","Binding Strength","Binding Description","Binding Value Set","Code","Slicing Discriminator","Slicing Description","Slicing Ordered","Slicing Rules","Base Path","Base Min","Base Max","Condition(s)","Constraint(s)","Mapping: Workflow Pattern","Mapping: HL7 v2 Mapping","Mapping: RIM Mapping","Mapping: FiveWs Pattern Mapping"
"SupplyRequest","SupplyRequest","","","",0,*,"","","","null {[]} {[]}
","Request for a medication, substance or device","A record of a request for a medication, substance or device used in the healthcare setting.","","","","","","","","","",,,,,"",,,,"SupplyRequest",0,*,"","dom-2:If the resource is contained in another resource, it SHALL NOT contain nested Resources {contained.contained.empty()}
dom-3:If the resource is contained in another resource, it SHALL be referred to from elsewhere in the resource or SHALL refer to the containing resource {contained.where((('#'+id in (%resource.descendants().reference | %resource.descendants().as(canonical) | %resource.descendants().as(uri) | %resource.descendants().as(url))) or descendants().where(reference = '#').exists() or descendants().where(as(canonical) = '#').exists() or descendants().where(as(canonical) = '#').exists()).not()).trace('unmatched', id).empty()}dom-4:If a resource is contained in another resource, it SHALL NOT have a meta.versionId or a meta.lastUpdated {contained.meta.versionId.empty() and contained.meta.lastUpdated.empty()}dom-5:If a resource is contained in another resource, it SHALL NOT have a security label {contained.meta.security.empty()}dom-6:A resource should have narrative for robust management {text.`div`.exists()}","Request","ORC","Entity. Role, or Act","Act[moodCode<=INT]"
"SupplyRequest.id","SupplyRequest.id","","","",0,1,"","","Y","id {[]} {[]}
","Logical id of this artifact","The logical id of the resource, as used in the URL for the resource. Once assigned, this value never changes.","The only time that a resource does not have an id is when it is being submitted to the server using a create operation.","","","","","","","","",,,,,"",,,,"Resource.id",0,1,"",""
"SupplyRequest.meta","SupplyRequest.meta","","","",0,1,"","","Y","Meta {[]} {[]}
","Metadata about the resource","The metadata about the resource. This is content that is maintained by the infrastructure. Changes to the content might not always be associated with version changes to the resource.","","","","","","","","","",,,,,"",,,,"Resource.meta",0,1,"","ele-1:All FHIR elements must have a @value or children {hasValue() or (children().count() > id.count())}
"
"SupplyRequest.implicitRules","SupplyRequest.implicitRules","","","",0,1,"","Y","Y","uri {[]} {[]}
","A set of rules under which this content was created","A reference to a set of rules that were followed when the resource was constructed, and which must be understood when processing the content. Often, this is a reference to an implementation guide that defines the special rules along with other profiles etc.","Asserting this rule set restricts the content to be only understood by a limited set of trading partners. This inherently limits the usefulness of the data in the long term. However, the existing health eco-system is highly fractured, and not yet ready to define, collect, and exchange data in a generally computable sense. Wherever possible, implementers and/or specification writers should avoid using this element. Often, when used, the URL is a reference to an implementation guide that defines these special rules as part of it's narrative along with other profiles, value sets, etc.","","","","","","","","",,,,,"",,,,"Resource.implicitRules",0,1,"","ele-1:All FHIR elements must have a @value or children {hasValue() or (children().count() > id.count())}
"
"SupplyRequest.language","SupplyRequest.language","","","",0,1,"","","","code {[]} {[]}
","Language of the resource content","The base language in which the resource is written.","Language is provided to support indexing and accessibility (typically, services such as text to speech use the language tag). The html language tag in the narrative applies  to the narrative. The language tag on the resource may be used to specify the language of other presentations generated from the data in the resource. Not all the content has to be in the base language. The Resource.language should not be assumed to apply to the narrative automatically. If a language is specified, it should it also be specified on the div element in the html (see rules in HTML5 for information about the relationship between xml:lang and the html lang attribute).","","","","","","","","",,"preferred","A human language.","http://hl7.org/fhir/ValueSet/languages","",,,,"Resource.language",0,1,"","ele-1:All FHIR elements must have a @value or children {hasValue() or (children().count() > id.count())}
"
"SupplyRequest.text","SupplyRequest.text","","narrative
htmlxhtmldisplay","",0,1,"","","","Narrative {[]} {[]}
","Text summary of the resource, for human interpretation","A human-readable narrative that contains a summary of the resource and can be used to represent the content of the resource to a human. The narrative need not encode all the structured data, but is required to contain sufficient detail to make it ""clinically safe"" for a human to just read the narrative. Resource definitions may define what content should be represented in the narrative to ensure clinical safety.","Contained resources do not have narrative. Resources that are not contained SHOULD have a narrative. In some cases, a resource may only have text with little or no additional discrete data (as long as all minOccurs=1 elements are satisfied).  This may be necessary for data from legacy systems where information is captured as a ""text blob"" or where text is additionally entered raw or narrated and encoded information is added later.","","","","","","","","",,,,,"",,,,"DomainResource.text",0,1,"","ele-1:All FHIR elements must have a @value or children {hasValue() or (children().count() > id.count())}
","Act.text?"
"SupplyRequest.contained","SupplyRequest.contained","","inline resources
anonymous resourcescontained resources","",0,*,"","","","Resource {[]} {[]}
","Contained, inline Resources","These resources do not have an independent existence apart from the resource that contains them - they cannot be identified independently, and nor can they have their own independent transaction scope.","This should never be done when the content can be identified properly, as once identification is lost, it is extremely difficult (and context dependent) to restore it again. Contained resources may have profiles and tags In their meta elements, but SHALL NOT have security labels.","","","","","","","","",,,,,"",,,,"DomainResource.contained",0,*,"","","N/A"
"SupplyRequest.extension","SupplyRequest.extension","","","",0,*,"","","","Extension {[]} {[]}
","Extension","An Extension","","","","","","","","","",,,,,"","value:url}
","",,"open","DomainResource.extension",0,*,"","ele-1:All FHIR elements must have a @value or children {hasValue() or (children().count() > id.count())}
ext-1:Must have either extensions or value[x], not both {extension.exists() != value.exists()}"
"SupplyRequest.extension:date-of-last-order","SupplyRequest.extension","date-of-last-order","","",0,1,"Y","","","Extension {[CanonicalType[https://intellisoft-consulting.github.io/igs/ChanjoKe-FHIR-IG/StructureDefinition/date-of-last-order]]} {[]}
","Extension for Date Of last Order","Extension for Date Of last Order","","","","","","","","","",,,,,"",,,,"DomainResource.extension",0,*,"ele-1
","ele-1:All FHIR elements must have a @value or children {hasValue() or (children().count() > id.count())}
ext-1:Must have either extensions or value[x], not both {extension.exists() != value.exists()}"
"SupplyRequest.extension:expected-date-of-next-order","SupplyRequest.extension","expected-date-of-next-order","","",0,1,"Y","","","Extension {[CanonicalType[https://intellisoft-consulting.github.io/igs/ChanjoKe-FHIR-IG/StructureDefinition/expected-date-of-next-order]]} {[]}
","Extension for  Expected Date of Next Order ","AExtension for Expected Date of Next Order","","","","","","","","","",,,,,"",,,,"DomainResource.extension",0,*,"ele-1
","ele-1:All FHIR elements must have a @value or children {hasValue() or (children().count() > id.count())}
ext-1:Must have either extensions or value[x], not both {extension.exists() != value.exists()}"
"SupplyRequest.extension:total-population","SupplyRequest.extension","total-population","","",0,1,"Y","","","Extension {[CanonicalType[https://intellisoft-consulting.github.io/igs/ChanjoKe-FHIR-IG/StructureDefinition/total-population]]} {[]}
","Extension for Total Population","Extension for Total Population","","","","","","","","","",,,,,"",,,,"DomainResource.extension",0,*,"ele-1
","ele-1:All FHIR elements must have a @value or children {hasValue() or (children().count() > id.count())}
ext-1:Must have either extensions or value[x], not both {extension.exists() != value.exists()}"
"SupplyRequest.extension:children","SupplyRequest.extension","children","","",0,1,"Y","","","Extension {[CanonicalType[https://intellisoft-consulting.github.io/igs/ChanjoKe-FHIR-IG/StructureDefinition/children]]} {[]}
","Extension for Children ","AExtension for Children","","","","","","","","","",,,,,"",,,,"DomainResource.extension",0,*,"ele-1
","ele-1:All FHIR elements must have a @value or children {hasValue() or (children().count() > id.count())}
ext-1:Must have either extensions or value[x], not both {extension.exists() != value.exists()}"
"SupplyRequest.extension:pregnant-women","SupplyRequest.extension","pregnant-women","","",0,1,"Y","","","Extension {[CanonicalType[https://intellisoft-consulting.github.io/igs/ChanjoKe-FHIR-IG/StructureDefinition/pregnant-women]]} {[]}
","Extension for Pregnant women ","AExtension for Pregnant women","","","","","","","","","",,,,,"",,,,"DomainResource.extension",0,*,"ele-1
","ele-1:All FHIR elements must have a @value or children {hasValue() or (children().count() > id.count())}
ext-1:Must have either extensions or value[x], not both {extension.exists() != value.exists()}"
"SupplyRequest.extension:doses-in-stock","SupplyRequest.extension","doses-in-stock","","",0,1,"Y","","","Extension {[CanonicalType[https://intellisoft-consulting.github.io/igs/ChanjoKe-FHIR-IG/StructureDefinition/doses-in-stock]]} {[]}
","Extension for Doses in stock","AExtension for Doses in stock","","","","","","","","","",,,,,"",,,,"DomainResource.extension",0,*,"ele-1
","ele-1:All FHIR elements must have a @value or children {hasValue() or (children().count() > id.count())}
ext-1:Must have either extensions or value[x], not both {extension.exists() != value.exists()}"
"SupplyRequest.extension:minimum","SupplyRequest.extension","minimum","","",0,1,"Y","","","Extension {[CanonicalType[https://intellisoft-consulting.github.io/igs/ChanjoKe-FHIR-IG/StructureDefinition/minimum]]} {[]}
","Extension for Minimum","AExtension for Minimum","","","","","","","","","",,,,,"",,,,"DomainResource.extension",0,*,"ele-1
","ele-1:All FHIR elements must have a @value or children {hasValue() or (children().count() > id.count())}
ext-1:Must have either extensions or value[x], not both {extension.exists() != value.exists()}"
"SupplyRequest.extension:maximum","SupplyRequest.extension","maximum","","",0,1,"Y","","","Extension {[CanonicalType[https://intellisoft-consulting.github.io/igs/ChanjoKe-FHIR-IG/StructureDefinition/maximum]]} {[]}
","Extension for Maximum","AExtension for Maximum","","","","","","","","","",,,,,"",,,,"DomainResource.extension",0,*,"ele-1
","ele-1:All FHIR elements must have a @value or children {hasValue() or (children().count() > id.count())}
ext-1:Must have either extensions or value[x], not both {extension.exists() != value.exists()}"
"SupplyRequest.extension:recommended-stock","SupplyRequest.extension","recommended-stock","","",0,1,"Y","","","Extension {[CanonicalType[https://intellisoft-consulting.github.io/igs/ChanjoKe-FHIR-IG/StructureDefinition/recommended-stock]]} {[]}
","Extension for Recommended Stock ","AExtension for Recommended Stock","","","","","","","","","",,,,,"",,,,"DomainResource.extension",0,*,"ele-1
","ele-1:All FHIR elements must have a @value or children {hasValue() or (children().count() > id.count())}
ext-1:Must have either extensions or value[x], not both {extension.exists() != value.exists()}"
"SupplyRequest.extension:ordered-amount","SupplyRequest.extension","ordered-amount","","",0,1,"Y","","","Extension {[CanonicalType[https://intellisoft-consulting.github.io/igs/ChanjoKe-FHIR-IG/StructureDefinition/ordered-amount]]} {[]}
","Extension for Ordered Amount ","AExtension for Ordered Amount","","","","","","","","","",,,,,"",,,,"DomainResource.extension",0,*,"ele-1
","ele-1:All FHIR elements must have a @value or children {hasValue() or (children().count() > id.count())}
ext-1:Must have either extensions or value[x], not both {extension.exists() != value.exists()}"
"SupplyRequest.modifierExtension","SupplyRequest.modifierExtension","","extensions
user content","",0,*,"","Y","","Extension {[]} {[]}
","Extensions that cannot be ignored","May be used to represent additional information that is not part of the basic definition of the resource and that modifies the understanding of the element that contains it and/or the understanding of the containing element's descendants. Usually modifier elements provide negation or qualification. To make the use of extensions safe and manageable, there is a strict set of governance applied to the definition and use of extensions. Though any implementer is allowed to define an extension, there is a set of requirements that SHALL be met as part of the definition of the extension. Applications processing a resource are required to check for modifier extensions.

Modifier extensions SHALL NOT change the meaning of any elements on Resource or DomainResource (including cannot change the meaning of modifierExtension itself).","There can be no stigma associated with the use of extensions by any application, project, or standard - regardless of the institution or jurisdiction that uses or defines the extensions.  The use of extensions is what allows the FHIR specification to retain a core level of simplicity for everyone.","Modifier extensions allow for extensions that *cannot* be safely ignored to be clearly distinguished from the vast majority of extensions which can be safely ignored.  This promotes interoperability by eliminating the need for implementers to prohibit the presence of extensions. For further information, see the [definition of modifier extensions](http://hl7.org/fhir/R4/extensibility.html#modifierExtension).","","","","","","","",,,,,"",,,,"DomainResource.modifierExtension",0,*,"","ele-1:All FHIR elements must have a @value or children {hasValue() or (children().count() > id.count())}
ext-1:Must have either extensions or value[x], not both {extension.exists() != value.exists()}","N/A"
"SupplyRequest.identifier","SupplyRequest.identifier","","","",0,*,"Y","","Y","Identifier {[]} {[]}
","Business Identifier for SupplyRequest","Business identifiers assigned to this SupplyRequest by the author and/or other systems. These identifiers remain constant as the resource is updated and propagates from server to server.","The identifier.type element is used to distinguish between the identifiers assigned by the requester/placer and the performer/filler.","Allows identification of the request as it is known by various participating systems and in a way that remains consistent across servers.","","","","","","","",,,,,"",,,,"SupplyRequest.identifier",0,*,"","ele-1:All FHIR elements must have a @value or children {hasValue() or (children().count() > id.count())}
","Request.identifier","ORC.2, ORC.3",".identifier","FiveWs.identifier"
"SupplyRequest.identifier.id","SupplyRequest.identifier.id","","","",0,1,"","","","string {[]} {[]}
","Unique id for inter-element referencing","Unique id for the element within a resource (for internal references). This may be any string value that does not contain spaces.","","","","","","","","","",,,,,"",,,,"Element.id",0,1,"","","n/a"
"SupplyRequest.identifier.extension","SupplyRequest.identifier.extension","","extensions
user content","",0,*,"","","","Extension {[]} {[]}
","Additional content defined by implementations","May be used to represent additional information that is not part of the basic definition of the element. To make the use of extensions safe and manageable, there is a strict set of governance  applied to the definition and use of extensions. Though any implementer can define an extension, there is a set of requirements that SHALL be met as part of the definition of the extension.","There can be no stigma associated with the use of extensions by any application, project, or standard - regardless of the institution or jurisdiction that uses or defines the extensions.  The use of extensions is what allows the FHIR specification to retain a core level of simplicity for everyone.","","","","","","","","",,,,,"","value:url}
","Extensions are always sliced by (at least) url",,"open","Element.extension",0,*,"","ele-1:All FHIR elements must have a @value or children {hasValue() or (children().count() > id.count())}
ext-1:Must have either extensions or value[x], not both {extension.exists() != value.exists()}","n/a"
"SupplyRequest.identifier.use","SupplyRequest.identifier.use","","","",0,1,"","Y","Y","code {[]} {[]}
","usual | official | temp | secondary | old (If known)","The purpose of this identifier.","Applications can assume that an identifier is permanent unless it explicitly says that it is temporary.","Allows the appropriate identifier for a particular context of use to be selected from among a set of identifiers.","","","","","","","",,"required","Identifies the purpose for this identifier, if known .","http://hl7.org/fhir/ValueSet/identifier-use|4.0.1","",,,,"Identifier.use",0,1,"","ele-1:All FHIR elements must have a @value or children {hasValue() or (children().count() > id.count())}
","N/A","Role.code or implied by context"
"SupplyRequest.identifier.type","SupplyRequest.identifier.type","","","",0,1,"","","Y","CodeableConcept {[]} {[]}
","Description of identifier","A coded type for the identifier that can be used to determine which identifier to use for a specific purpose.","This element deals only with general categories of identifiers.  It SHOULD not be used for codes that correspond 1..1 with the Identifier.system. Some identifiers may fall into multiple categories due to common usage.   Where the system is known, a type is unnecessary because the type is always part of the system definition. However systems often need to handle identifiers where the system is not known. There is not a 1:1 relationship between type and system, since many different systems have the same type.","Allows users to make use of identifiers when the identifier system is not known.","","","","","","","",,"extensible","A coded type for an identifier that can be used to determine which identifier to use for a specific purpose.","http://hl7.org/fhir/ValueSet/identifier-type","",,,,"Identifier.type",0,1,"","ele-1:All FHIR elements must have a @value or children {hasValue() or (children().count() > id.count())}
","CX.5","Role.code or implied by context"
"SupplyRequest.identifier.system","SupplyRequest.identifier.system","","","",0,1,"Y","","Y","uri {[]} {[]}
","The namespace for the identifier value","Establishes the namespace for the value - that is, a URL that describes a set values that are unique.","Identifier.system is always case sensitive.","There are many sets  of identifiers.  To perform matching of two identifiers, we need to know what set we're dealing with. The system identifies a particular set of unique identifiers.","","","","","<valueUri xmlns=""http://hl7.org/fhir"" value=""http://www.acme.com/identifiers/patient""/>","","",,,,,"",,,,"Identifier.system",0,1,"","ele-1:All FHIR elements must have a @value or children {hasValue() or (children().count() > id.count())}
","CX.4 / EI-2-4","II.root or Role.id.root"
"SupplyRequest.identifier.value","SupplyRequest.identifier.value","","","",0,1,"","","Y","string {[]} {[]}
","The value that is unique","The portion of the identifier typically relevant to the user and which is unique within the context of the system.","If the value is a full URI, then the system SHALL be urn:ietf:rfc:3986.  The value's primary purpose is computational mapping.  As a result, it may be normalized for comparison purposes (e.g. removing non-significant whitespace, dashes, etc.)  A value formatted for human display can be conveyed using the [Rendered Value extension](http://hl7.org/fhir/R4/extension-rendered-value.html). Identifier.value is to be treated as case sensitive unless knowledge of the Identifier.system allows the processer to be confident that non-case-sensitive processing is safe.","","","","","","<valueString xmlns=""http://hl7.org/fhir"" value=""123456""/>","","",,,,,"",,,,"Identifier.value",0,1,"","ele-1:All FHIR elements must have a @value or children {hasValue() or (children().count() > id.count())}
","CX.1 / EI.1","II.extension or II.root if system indicates OID or GUID (Or Role.id.extension or root)"
"SupplyRequest.identifier.period","SupplyRequest.identifier.period","","","",0,1,"","","Y","Period {[]} {[]}
","Time period when id is/was valid for use","Time period during which identifier is/was valid for use.","","","","","","","","","",,,,,"",,,,"Identifier.period",0,1,"","ele-1:All FHIR elements must have a @value or children {hasValue() or (children().count() > id.count())}
","CX.7 + CX.8","Role.effectiveTime or implied by context"
"SupplyRequest.identifier.assigner","SupplyRequest.identifier.assigner","","","",0,1,"","","Y","Reference {[]} {[CanonicalType[http://hl7.org/fhir/StructureDefinition/Organization]]}
","Organization that issued id (may be just text)","Organization that issued/manages the identifier.","The Identifier.assigner may omit the .reference element and only contain a .display element reflecting the name or other textual information about the assigning organization.","","","","","","","","",,,,,"",,,,"Identifier.assigner",0,1,"","ele-1:All FHIR elements must have a @value or children {hasValue() or (children().count() > id.count())}
","CX.4 / (CX.4,CX.9,CX.10)","II.assigningAuthorityName but note that this is an improper use by the definition of the field.  Also Role.scoper"
"SupplyRequest.status","SupplyRequest.status","","","",0,1,"","Y","Y","code {[]} {[]}
","draft | active | suspended +","Status of the supply request.","","","","","","","","","",,"required","Status of the supply request.","http://hl7.org/fhir/ValueSet/supplyrequest-status|4.0.1","",,,,"SupplyRequest.status",0,1,"","ele-1:All FHIR elements must have a @value or children {hasValue() or (children().count() > id.count())}
","Request.status","ORC.5",".status","FiveWs.status"
"SupplyRequest.category","SupplyRequest.category","","kind
","",0,1,"","","Y","CodeableConcept {[]} {[]}
","The kind of supply (central, non-stock, etc.)","Category of supply, e.g.  central, non-stock, etc. This is used to support work flows associated with the supply process.","","","","","","","","","",,"example","Category of supply request.","http://hl7.org/fhir/ValueSet/supplyrequest-kind","",,,,"SupplyRequest.category",0,1,"","ele-1:All FHIR elements must have a @value or children {hasValue() or (children().count() > id.count())}
","N/A",".code","FiveWs.class"
"SupplyRequest.priority","SupplyRequest.priority","","","",0,1,"","","Y","code {[]} {[]}
","routine | urgent | asap | stat","Indicates how quickly this SupplyRequest should be addressed with respect to other requests.","","","","If missing, this task should be performed with normal priority","","","","","",,"required","Identifies the level of importance to be assigned to actioning the request.","http://hl7.org/fhir/ValueSet/request-priority|4.0.1","",,,,"SupplyRequest.priority",0,1,"","ele-1:All FHIR elements must have a @value or children {hasValue() or (children().count() > id.count())}
","Request.priority","TQ1.9",".priorityCode","FiveWs.grade"
"SupplyRequest.item[x]","SupplyRequest.item[x]","","","",1,1,"","","Y","CodeableConcept {[]} {[]}
Reference {[]} {[CanonicalType[http://hl7.org/fhir/StructureDefinition/Medication], CanonicalType[http://hl7.org/fhir/StructureDefinition/Substance], CanonicalType[http://hl7.org/fhir/StructureDefinition/Device]]}","Medication, Substance, or Device requested to be supplied","The item that is requested to be supplied. This is either a link to a resource representing the details of the item or a code that identifies the item from a known list.","Note that there's a difference between a prescription - an instruction to take a medication, along with a (sometimes) implicit supply, and an explicit request to supply, with no explicit instructions.","","","","","","","","",,"example","The item that was requested.","http://hl7.org/fhir/ValueSet/supply-item","","type:$this}
","",,"open","SupplyRequest.item[x]",1,1,"","ele-1:All FHIR elements must have a @value or children {hasValue() or (children().count() > id.count())}
","Request.code",".code"
"SupplyRequest.item[x]:itemReference","SupplyRequest.item[x]","itemReference","","",0,1,"","","Y","Reference {[]} {[CanonicalType[http://hl7.org/fhir/StructureDefinition/Medication]]}
","Antigen","The item that is requested to be supplied. This is either a link to a resource representing the details of the item or a code that identifies the item from a known list.","Note that there's a difference between a prescription - an instruction to take a medication, along with a (sometimes) implicit supply, and an explicit request to supply, with no explicit instructions.","","","","","","","","",,,,,"",,,,"SupplyRequest.item[x]",1,1,"","ele-1:All FHIR elements must have a @value or children {hasValue() or (children().count() > id.count())}
","Request.code",".code"
"SupplyRequest.quantity","SupplyRequest.quantity","","","",1,1,"","","Y","Quantity {[]} {[]}
","The requested amount of the item indicated","The amount that is being ordered of the indicated item.","","","","","","","","","",,,,,"",,,,"SupplyRequest.quantity",1,1,"","ele-1:All FHIR elements must have a @value or children {hasValue() or (children().count() > id.count())}
",".quantity"
"SupplyRequest.parameter","SupplyRequest.parameter","","","",0,*,"","","","BackboneElement {[]} {[]}
","Ordered item details","Specific parameters for the ordered item.  For example, the size of the indicated item.","","","","","","","","","",,,,,"",,,,"SupplyRequest.parameter",0,*,"","ele-1:All FHIR elements must have a @value or children {hasValue() or (children().count() > id.count())}
","Varies by domain","FiveWs.what[x]"
"SupplyRequest.parameter.id","SupplyRequest.parameter.id","","","",0,1,"","","","string {[]} {[]}
","Unique id for inter-element referencing","Unique id for the element within a resource (for internal references). This may be any string value that does not contain spaces.","","","","","","","","","",,,,,"",,,,"Element.id",0,1,"","","n/a"
"SupplyRequest.parameter.extension","SupplyRequest.parameter.extension","","extensions
user content","",0,*,"","","","Extension {[]} {[]}
","Additional content defined by implementations","May be used to represent additional information that is not part of the basic definition of the element. To make the use of extensions safe and manageable, there is a strict set of governance  applied to the definition and use of extensions. Though any implementer can define an extension, there is a set of requirements that SHALL be met as part of the definition of the extension.","There can be no stigma associated with the use of extensions by any application, project, or standard - regardless of the institution or jurisdiction that uses or defines the extensions.  The use of extensions is what allows the FHIR specification to retain a core level of simplicity for everyone.","","","","","","","","",,,,,"",,,,"Element.extension",0,*,"","ele-1:All FHIR elements must have a @value or children {hasValue() or (children().count() > id.count())}
ext-1:Must have either extensions or value[x], not both {extension.exists() != value.exists()}","n/a"
"SupplyRequest.parameter.modifierExtension","SupplyRequest.parameter.modifierExtension","","extensions
user contentmodifiers","",0,*,"","Y","Y","Extension {[]} {[]}
","Extensions that cannot be ignored even if unrecognized","May be used to represent additional information that is not part of the basic definition of the element and that modifies the understanding of the element in which it is contained and/or the understanding of the containing element's descendants. Usually modifier elements provide negation or qualification. To make the use of extensions safe and manageable, there is a strict set of governance applied to the definition and use of extensions. Though any implementer can define an extension, there is a set of requirements that SHALL be met as part of the definition of the extension. Applications processing a resource are required to check for modifier extensions.

Modifier extensions SHALL NOT change the meaning of any elements on Resource or DomainResource (including cannot change the meaning of modifierExtension itself).","There can be no stigma associated with the use of extensions by any application, project, or standard - regardless of the institution or jurisdiction that uses or defines the extensions.  The use of extensions is what allows the FHIR specification to retain a core level of simplicity for everyone.","Modifier extensions allow for extensions that *cannot* be safely ignored to be clearly distinguished from the vast majority of extensions which can be safely ignored.  This promotes interoperability by eliminating the need for implementers to prohibit the presence of extensions. For further information, see the [definition of modifier extensions](http://hl7.org/fhir/R4/extensibility.html#modifierExtension).","","","","","","","",,,,,"",,,,"BackboneElement.modifierExtension",0,*,"","ele-1:All FHIR elements must have a @value or children {hasValue() or (children().count() > id.count())}
ext-1:Must have either extensions or value[x], not both {extension.exists() != value.exists()}","N/A"
"SupplyRequest.parameter.code","SupplyRequest.parameter.code","","","",0,1,"","","","CodeableConcept {[]} {[]}
","Item detail","A code or string that identifies the device detail being asserted.","","","","","","","","","",,"example","A code that identifies the device detail.","","",,,,"SupplyRequest.parameter.code",0,1,"","ele-1:All FHIR elements must have a @value or children {hasValue() or (children().count() > id.count())}
","Varies by domain",".code","FiveWs.what[x]"
"SupplyRequest.parameter.value[x]","SupplyRequest.parameter.value[x]","","","",0,1,"","","","CodeableConcept {[]} {[]}
Quantity {[]} {[]}Range {[]} {[]}boolean {[]} {[]}","Value of detail","The value of the device detail.","Range means device should have a value that falls somewhere within the specified range.","","","","","","","","",,,,,"",,,,"SupplyRequest.parameter.value[x]",0,1,"","ele-1:All FHIR elements must have a @value or children {hasValue() or (children().count() > id.count())}
","Varies by domain",".code","FiveWs.what[x]"
"SupplyRequest.occurrence[x]","SupplyRequest.occurrence[x]","","when
timing","",1,1,"","","Y","dateTime {[]} {[]}
","When the request should be fulfilled","When the request should be fulfilled.","","","","","","","","","",,,,,"","type:$this}
","",,"closed","SupplyRequest.occurrence[x]",0,1,"","ele-1:All FHIR elements must have a @value or children {hasValue() or (children().count() > id.count())}
","Request.occurrence[x]","Accompanying TQ1/TQ2 segments",".effectiveTime","FiveWs.planned"
"SupplyRequest.occurrence[x]:occurrenceDateTime","SupplyRequest.occurrence[x]","occurrenceDateTime","when
timing","",1,1,"Y","","Y","dateTime {[]} {[]}
","When the request should be fulfilled","When the request should be fulfilled.","","","","","","","","","",,,,,"",,,,"SupplyRequest.occurrence[x]",0,1,"","ele-1:All FHIR elements must have a @value or children {hasValue() or (children().count() > id.count())}
","Request.occurrence[x]","Accompanying TQ1/TQ2 segments",".effectiveTime","FiveWs.planned"
"SupplyRequest.authoredOn","SupplyRequest.authoredOn","","date
createdOnsignedOn","",1,1,"Y","","Y","dateTime {[]} {[]}
","When the request was made","When the request was made.","","","","","","","","","",,,,,"",,,,"SupplyRequest.authoredOn",0,1,"","ele-1:All FHIR elements must have a @value or children {hasValue() or (children().count() > id.count())}
","Request.authoredOn","ORC.9",".participation[typeCode=AUT].time","FiveWs.recorded"
"SupplyRequest.requester","SupplyRequest.requester","","author
source","",1,1,"Y","","Y","Reference {[]} {[CanonicalType[http://hl7.org/fhir/StructureDefinition/Practitioner], CanonicalType[http://hl7.org/fhir/StructureDefinition/PractitionerRole], CanonicalType[http://hl7.org/fhir/StructureDefinition/Organization], CanonicalType[http://hl7.org/fhir/StructureDefinition/Patient], CanonicalType[http://hl7.org/fhir/StructureDefinition/RelatedPerson], CanonicalType[http://hl7.org/fhir/StructureDefinition/Device]]}
","Individual making the request","The device, practitioner, etc. who initiated the request.","","","","","","","","","",,,,,"",,,,"SupplyRequest.requester",0,1,"","ele-1:All FHIR elements must have a @value or children {hasValue() or (children().count() > id.count())}
","Request.requester","ORC.12",".participation[typeCode=AUT].role","FiveWs.author"
"SupplyRequest.supplier","SupplyRequest.supplier","","performer
","",0,*,"","","Y","Reference {[]} {[CanonicalType[http://hl7.org/fhir/StructureDefinition/Organization], CanonicalType[http://hl7.org/fhir/StructureDefinition/HealthcareService]]}
","Who is intended to fulfill the request","Who is intended to fulfill the request.","","","","","","","","","",,,,,"",,,,"SupplyRequest.supplier",0,*,"","ele-1:All FHIR elements must have a @value or children {hasValue() or (children().count() > id.count())}
","Request.performer","PRT",".participation[typeCode=PRF].role[scoper.determinerCode=INSTANCE]","FiveWs.actor"
"SupplyRequest.reasonCode","SupplyRequest.reasonCode","","","",0,*,"","","","CodeableConcept {[]} {[]}
","The reason why the supply item was requested","The reason why the supply item was requested.","","","","","","","","","",,"example","The reason why the supply item was requested.","http://hl7.org/fhir/ValueSet/supplyrequest-reason","",,,,"SupplyRequest.reasonCode",0,*,"","ele-1:All FHIR elements must have a @value or children {hasValue() or (children().count() > id.count())}
","Request.reasonCode","ORC.16",".reasonCode","FiveWs.why[x]"
"SupplyRequest.reasonReference","SupplyRequest.reasonReference","","","",0,*,"","","","Reference {[]} {[CanonicalType[http://hl7.org/fhir/StructureDefinition/Condition], CanonicalType[http://hl7.org/fhir/StructureDefinition/Observation], CanonicalType[http://hl7.org/fhir/StructureDefinition/DiagnosticReport], CanonicalType[http://hl7.org/fhir/StructureDefinition/DocumentReference]]}
","The reason why the supply item was requested","The reason why the supply item was requested.","","","","","","","","","",,,,,"",,,,"SupplyRequest.reasonReference",0,*,"","ele-1:All FHIR elements must have a @value or children {hasValue() or (children().count() > id.count())}
","Request.reasonReference","ORC.16",".outboundRelationship[typeCode=RSON].target","FiveWs.why[x]"
"SupplyRequest.deliverFrom","SupplyRequest.deliverFrom","","","",0,1,"","","","Reference {[]} {[CanonicalType[http://hl7.org/fhir/StructureDefinition/Organization], CanonicalType[http://hl7.org/fhir/StructureDefinition/Location]]}
","The origin of the supply","Where the supply is expected to come from.","","","","","","","","","",,,,,"",,,,"SupplyRequest.deliverFrom",0,1,"","ele-1:All FHIR elements must have a @value or children {hasValue() or (children().count() > id.count())}
","PRT",".participation"
"SupplyRequest.deliverTo","SupplyRequest.deliverTo","","","",0,1,"","","","Reference {[]} {[CanonicalType[http://hl7.org/fhir/StructureDefinition/Organization], CanonicalType[http://hl7.org/fhir/StructureDefinition/Location], CanonicalType[http://hl7.org/fhir/StructureDefinition/Patient]]}
","The destination of the supply","Where the supply is destined to go.","","","","","","","","","",,,,,"",,,,"SupplyRequest.deliverTo",0,1,"","ele-1:All FHIR elements must have a @value or children {hasValue() or (children().count() > id.count())}
","PRT",".participation"
