<?xml version="1.0" encoding="UTF-8"?>

<CodeSystem xmlns="http://hl7.org/fhir">
  <id value="KNHTS.CLMSZONE"/>
  <text>
    <status value="generated"/><div xmlns="http://www.w3.org/1999/xhtml"><p class="res-header-id"><b>Generated Narrative: CodeSystem KNHTS.CLMSZONE</b></p><a name="KNHTS.CLMSZONE"> </a><a name="hcKNHTS.CLMSZONE"> </a><a name="KNHTS.CLMSZONE-en-US"> </a><p>This case-insensitive code system <code>https://shr.tiberbuapps.com/fhir/CodeSystem/KNHTS.CLMSZONE</code> defines the following codes:</p><table class="codes"><tr><td style="white-space:nowrap"><b>Code</b></td><td><b>Display</b></td><td><b>Definition</b></td></tr><tr><td style="white-space:nowrap">CLMSZONE01<a name="KNHTS.CLMSZONE-CLMSZONE01"> </a></td><td>Zone 1</td><td>Mandera, Samburu, Nairobi</td></tr><tr><td style="white-space:nowrap">CLMSZONE02<a name="KNHTS.CLMSZONE-CLMSZONE02"> </a></td><td>Zone 2</td><td>Kiambu, Nakuru, Muranga</td></tr><tr><td style="white-space:nowrap">CLMSZONE03<a name="KNHTS.CLMSZONE-CLMSZONE03"> </a></td><td>Zone 3</td><td>Trans Nzoia, Kakamega, Bungoma, Busia, Turkana</td></tr><tr><td style="white-space:nowrap">CLMSZONE04<a name="KNHTS.CLMSZONE-CLMSZONE04"> </a></td><td>Zone 4</td><td>Siaya, Meru, Embu, Isiolo, Tharaka Nithi, Garissa</td></tr><tr><td style="white-space:nowrap">CLMSZONE05<a name="KNHTS.CLMSZONE-CLMSZONE05"> </a></td><td>Zone 5</td><td>Nyeri, Wajir, Makueni, Kwale, Taita Taveta, Kajiado, Kisii, Nyamira, Bomet</td></tr><tr><td style="white-space:nowrap">CLMSZONE06<a name="KNHTS.CLMSZONE-CLMSZONE06"> </a></td><td>Zone 6</td><td>Kirinyaga, Kitui, Machakos, Nyandarua, Laikipia, Kisumu</td></tr><tr><td style="white-space:nowrap">CLMSZONE07<a name="KNHTS.CLMSZONE-CLMSZONE07"> </a></td><td>Zone 7</td><td>Marsabit, Narok,  Nandi,  Kericho, Baringo, Uasin Gishu, West Pokot, Elgeyo Marakwet, Vihiga</td></tr><tr><td style="white-space:nowrap">CLMSZONE08<a name="KNHTS.CLMSZONE-CLMSZONE08"> </a></td><td>Zone 8</td><td>Migori, Homabay, Lamu, Kilifi, Mombasa, Tana River</td></tr></table></div>
  </text>
  <url value="https://shr.tiberbuapps.com/fhir/CodeSystem/KNHTS.CLMSZONE"/>
  <version value="0.1.0"/>
  <name value="KNHTS_CLMS_ZONES"/>
  <title value="KNHTS.CLMSZONE CodeSystem for claim Zones"/>
  <status value="draft"/>
  <experimental value="false"/>
  <date value="2024-08-23T12:29:17+03:00"/>
  <publisher value="intellisoftkenya"/>
  <contact>
    <name value="intellisoftkenya"/>
    <telecom>
      <system value="url"/>
      <value value="http://example.org/example-publisher"/>
    </telecom>
  </contact>
  <description value="CodeSystem for KNHTS Claim Zones"/>
  <caseSensitive value="false"/>
  <content value="complete"/>
  <count value="8"/>
  <concept>
    <code value="CLMSZONE01"/>
    <display value="Zone 1"/>
    <definition value="Mandera, Samburu, Nairobi"/>
  </concept>
  <concept>
    <code value="CLMSZONE02"/>
    <display value="Zone 2"/>
    <definition value="Kiambu, Nakuru, Muranga"/>
  </concept>
  <concept>
    <code value="CLMSZONE03"/>
    <display value="Zone 3"/>
    <definition value="Trans Nzoia, Kakamega, Bungoma, Busia, Turkana"/>
  </concept>
  <concept>
    <code value="CLMSZONE04"/>
    <display value="Zone 4"/>
    <definition value="Siaya, Meru, Embu, Isiolo, Tharaka Nithi, Garissa"/>
  </concept>
  <concept>
    <code value="CLMSZONE05"/>
    <display value="Zone 5"/>
    <definition value="Nyeri, Wajir, Makueni, Kwale, Taita Taveta, Kajiado, Kisii, Nyamira, Bomet"/>
  </concept>
  <concept>
    <code value="CLMSZONE06"/>
    <display value="Zone 6"/>
    <definition value="Kirinyaga, Kitui, Machakos, Nyandarua, Laikipia, Kisumu"/>
  </concept>
  <concept>
    <code value="CLMSZONE07"/>
    <display value="Zone 7"/>
    <definition value="Marsabit, Narok,  Nandi,  Kericho, Baringo, Uasin Gishu, West Pokot, Elgeyo Marakwet, Vihiga"/>
  </concept>
  <concept>
    <code value="CLMSZONE08"/>
    <display value="Zone 8"/>
    <definition value="Migori, Homabay, Lamu, Kilifi, Mombasa, Tana River"/>
  </concept>
</CodeSystem>