<?xml version="1.0" encoding="UTF-8"?>

<CodeSystem xmlns="http://hl7.org/fhir">
  <id value="KNHTS.CLMSTYPS"/>
  <text>
    <status value="generated"/><div xmlns="http://www.w3.org/1999/xhtml"><p class="res-header-id"><b>Generated Narrative: CodeSystem KNHTS.CLMSTYPS</b></p><a name="KNHTS.CLMSTYPS"> </a><a name="hcKNHTS.CLMSTYPS"> </a><a name="KNHTS.CLMSTYPS-en-US"> </a><p>This case-insensitive code system <code>https://shr.tiberbuapps.com/fhir/CodeSystem/KNHTS.CLMSTYPS</code> defines the following codes:</p><table class="codes"><tr><td style="white-space:nowrap"><b>Code</b></td><td><b>Display</b></td><td><b>Definition</b></td></tr><tr><td style="white-space:nowrap">CLMTPS01<a name="KNHTS.CLMSTYPS-CLMTPS01"> </a></td><td>OUTPATIENT</td><td>Claim for outpatient services.</td></tr><tr><td style="white-space:nowrap">CLMTPS02<a name="KNHTS.CLMSTYPS-CLMTPS02"> </a></td><td>INPATIENT</td><td>Claim for in-patient services.</td></tr><tr><td style="white-space:nowrap">CLMTPS03<a name="KNHTS.CLMSTYPS-CLMTPS03"> </a></td><td>DAY_CASE</td><td>Claim for day case services e.g. day surgery.</td></tr></table></div>
  </text>
  <url value="https://shr.tiberbuapps.com/fhir/CodeSystem/KNHTS.CLMSTYPS"/>
  <version value="0.1.0"/>
  <name value="KNHTS_CLMS_TYPS"/>
  <title value="KNHTS.CLMSTPS CodeSystem for claim types"/>
  <status value="draft"/>
  <experimental value="false"/>
  <date value="2024-08-23T12:29:17+03:00"/>
  <publisher value="intellisoftkenya"/>
  <contact>
    <name value="intellisoftkenya"/>
    <telecom>
      <system value="url"/>
      <value value="http://example.org/example-publisher"/>
    </telecom>
  </contact>
  <description value="CodeSystem for KNHTS Claim types"/>
  <caseSensitive value="false"/>
  <content value="complete"/>
  <count value="3"/>
  <concept>
    <code value="CLMTPS01"/>
    <display value="OUTPATIENT"/>
    <definition value="Claim for outpatient services."/>
  </concept>
  <concept>
    <code value="CLMTPS02"/>
    <display value="INPATIENT"/>
    <definition value="Claim for in-patient services."/>
  </concept>
  <concept>
    <code value="CLMTPS03"/>
    <display value="DAY_CASE"/>
    <definition value="Claim for day case services e.g. day surgery."/>
  </concept>
</CodeSystem>