{
  "codeSystems" : [
    {
      "url" : "http://hl7.org/fhir/sid/cvx",
      "version" : "4.0.0",
      "status" : "active",
      "name" : "CVX",
      "title" : "Vaccine Administered Code Set (CVX)",
      "description" : "The CDC's National Center of Immunization and Respiratory Diseases (NCIRD - see [https://www.cdc.gov/ncird/](https://www.cdc.gov/ncird/)) developed and maintains the CVX (vaccine administered) code set. It includes both active and inactive vaccines available in the US. CVX codes for inactive vaccines allow transmission of historical immunization records. When a MVX (manufacturer) code is paired with a CVX (vaccine administered) code, the specific trade named vaccine may be indicated. These codes should be used for immunization messages using either HL7 Version 2.3.1 or HL7 Version 2.5.1. CVX is the underlying Master Code System for V2 table 0292 (Vaccines Administered). The machine readable name for CVX in PHIN VADS is PH_VaccinesAdministeredCVX_CDC_NIP. The version of the CVX code set for certification can be found on the archive page:[https://www2a.cdc.gov/vaccines/iis/iisstandards/mu3versioned_codes.asp](https://www2a.cdc.gov/vaccines/iis/iisstandards/mu3versioned_codes.asp) \r\n\r\nThe Status column indicates if the vaccine is currently available in the United States.\r\n\r\n*  Active: A currently available administrable vaccine \r\n\r\n*  Inactive: An administrable vaccine formulation that is no longer available for patient administration, but can be found in historical patient records OR A historical record of a vaccine administered where the exact formulation is unknown \r\n\r\n*  Pending: A vaccine that is expected to become active in the future \r\n\r\n*  Non-US: A vaccine that available outside the US only \r\n\r\n*  Never Active: A vaccine that was never available and is not in the pipeline of new vaccines \r\n\r\nThe Last Updated column indicates the last time this particular vaccine code was updated in this table.\r\n\r\nQuestions regarding this table should be directed to the IIS Technical Assistance Team via iisinfo@cdc.gov (or use mailing address via [https://www2a.cdc.gov/vaccines/iis/iisstandards/vaccines.asp?rpt=cvx#addr](https://www2a.cdc.gov/vaccines/iis/iisstandards/vaccines.asp?rpt=cvx#addr)) \r\n\r\nHL7 Implementers should note that 'Status' IS NOT CONCEPT STATUS as all codes are ACTIVE in this code system.\r\n\r\nThe current code system is available via [https://www2a.cdc.gov/vaccines/iis/iisstandards/vaccines.asp?rpt=cvx](https://www2a.cdc.gov/vaccines/iis/iisstandards/vaccines.asp?rpt=cvx)",
      "oids" : ["2.16.840.1.113883.12.292"],
      "uses" : {
      },
      "ValueSet-VaccinesValueSet.html" : "Combination Codes for vaccine"
    },
    {
      "url" : "http://www.whocc.no/atc",
      "version" : "2.0.1",
      "status" : "active",
      "name" : "WC",
      "title" : "WHO ATC",
      "description" : "WHO ATC",
      "oids" : ["2.16.840.1.113883.6.73"],
      "uses" : {
      },
      "ValueSet-VaccinesValueSet.html" : "Combination Codes for vaccine"
    },
    {
      "url" : "https://intellisoft-consulting.github.io/igs/ChanjoKe-FHIR-IG/CodeSystem/DDCQRFormatCodes",
      "version" : "0.1.0",
      "status" : "draft",
      "name" : "DDCQRFRMCDS",
      "title" : "DDCC QR Format Codes",
      "description" : "Format of the representation of QR code",
      "uses" : {
      },
      "ValueSet-DDCQRFormatCodesVS.html" : "Digital Certificate Formats"
    },
    {
      "url" : "https://intellisoft-consulting.github.io/igs/ChanjoKe-FHIR-IG/CodeSystem/IMMZ.A",
      "version" : "0.1.0",
      "status" : "draft",
      "name" : "IMMZ_A",
      "title" : "IMMZ.A CodeSystem for Data Elements",
      "description" : "CodeSystem for IMMZ.A Data Elements",
      "uses" : {
      },
      "ValueSet-kenyaAdministrativeGenderVS.html" : "Administrative Gender"
    },
    {
      "url" : "https://intellisoft-consulting.github.io/igs/ChanjoKe-FHIR-IG/CodeSystem/IMMZ.B",
      "version" : "0.1.0",
      "status" : "draft",
      "name" : "IMMZ_B",
      "title" : "IMMZ.B CodeSystem for Data Elements",
      "description" : "CodeSystem for IMMZ.B Data Elements",
      "uses" : {
      },
      "ValueSet-typeOfLastMeaslesRubellaDoseVS.html" : "Type of last Measles-Rubella dose",
      "ValueSet-maternalHIVStatusVS.html" : "Maternal HIV Status",
      "ValueSet-typeOfLastDPTHepBHibDoseVS.html" : "Type of last DPT-HepB+Hib dose",
      "ValueSet-typeOfLastPolioDose.html" : "Type of last Polio dose",
      "ValueSet-exposedToCloseContactWithTBVs.html" : "Exposed to close contact with TB",
      "ValueSet-typeOfLastPCV10DoseVS.html" : "Type of last PCV10 dose",
      "ValueSet-clientTSTTestResult.html" : "Client's TST Test Result",
      "ValueSet-maternalTSTTestResultVs.html" : "Maternal's TST Test Result",
      "ValueSet-typeOfLastRotavirusDoseVS.html" : "Type of last Rotavirus dose",
      "ValueSet-HivStatusVS.html" : "Client's HIV Status",
      "ValueSet-typeOfLastHPVDoseVS.html" : "Type of last HPV dose"
    },
    {
      "url" : "https://intellisoft-consulting.github.io/igs/ChanjoKe-FHIR-IG/CodeSystem/IMMZ.B1.DE13",
      "version" : "0.1.0",
      "status" : "draft",
      "name" : "IMMZ_DE8",
      "title" : "Place of Vaccination",
      "description" : "Place of Vaccination",
      "uses" : {
      },
      "ValueSet-placeOfVaccination.html" : "Place of Vaccination"
    },
    {
      "url" : "https://intellisoft-consulting.github.io/igs/ChanjoKe-FHIR-IG/CodeSystem/IMMZ.C",
      "version" : "0.1.0",
      "status" : "draft",
      "name" : "IMMZ_C",
      "title" : "IMMZ.C CodeSystem for Data Elements",
      "description" : "CodeSystem for IMMZ.C Data Elements",
      "uses" : {
      },
      "ValueSet-vaccineAdministeredVS.html" : "Vaccine administered",
      "ValueSet-contraindicationToVaccineVS.html" : "Contraindications to vaccine",
      "ValueSet-reasonVaccineNotdministeredVS.html" : "Reason vaccine was not administered"
    },
    {
      "url" : "https://intellisoft-consulting.github.io/igs/ChanjoKe-FHIR-IG/CodeSystem/IMMZ.D",
      "version" : "0.1.0",
      "status" : "draft",
      "name" : "IMMZ_D",
      "title" : "IMMZ.D CodeSystem for Defaulter Tracing",
      "description" : "CodeSystem for IMMZ.D Data Elements",
      "uses" : {
      },
      "ValueSet-childCanBeLocatedVS.html" : "Child can be located"
    },
    {
      "url" : "https://intellisoft-consulting.github.io/igs/ChanjoKe-FHIR-IG/CodeSystem/IMMZ.E",
      "version" : "0.1.0",
      "status" : "draft",
      "name" : "IMMZ_E",
      "title" : "IMMZ.E CodeSystem for Data Elements",
      "description" : "CodeSystem for IMMZ.E Data Elements",
      "uses" : {
      },
      "ValueSet-reportTypeVS.html" : "Report Type",
      "ValueSet-disaggregationGroupVS.html" : "Disaggregation Group",
      "ValueSet-improvementIndicatorVS.html" : "Improvement Indicator",
      "ValueSet-reportIndicatorCodeVS.html" : "Report Indicator Code",
      "ValueSet-reportStatusVS.html" : "Report Status"
    },
    {
      "url" : "https://intellisoft-consulting.github.io/igs/ChanjoKe-FHIR-IG/CodeSystem/IMMZ.F",
      "version" : "0.1.0",
      "status" : "draft",
      "name" : "IMMZ_F",
      "title" : "IMMZ.F CodeSystem for Data Elements",
      "description" : "CodeSystem for IMMZ.F Data Elements",
      "uses" : {
      },
      "ValueSet-reactionSeverityVS.html" : "Reaction Severity",
      "ValueSet-typeOfAEFIVS.html" : "Type of AEFI",
      "ValueSet-aefiOutcomeVS.html" : "AEFI Outcome",
      "ValueSet-aefiActionTakenVS.html" : "AEFI Action Taken"
    },
    {
      "url" : "https://intellisoft-consulting.github.io/igs/ChanjoKe-FHIR-IG/CodeSystem/IMMZ.Z1",
      "version" : "0.1.0",
      "status" : "draft",
      "name" : "IMMZ_Z1",
      "title" : "IMMZ.Z1 CodeSystem for Data Elements",
      "description" : "CodeSystem for IMMZ.Z1 Data Elements",
      "uses" : {
      },
      "ValueSet-vaccineLibraryVS.html" : "Vaccine Library"
    },
    {
      "url" : "https://intellisoft-consulting.github.io/igs/ChanjoKe-FHIR-IG/CodeSystem/IdentifierTypes",
      "version" : "0.1.0",
      "status" : "draft",
      "name" : "IDENTIFIERTYPES",
      "title" : "Identifier Types",
      "description" : "Defined Identifier Types for KenyanRegistryPatient",
      "uses" : {
      },
      "ValueSet-PatientIdentifierTypeVS.html" : "Patient Identifier type"
    },
    {
      "url" : "https://intellisoft-consulting.github.io/igs/ChanjoKe-FHIR-IG/CodeSystem/KHTS.A",
      "version" : "0.1.0",
      "status" : "draft",
      "name" : "KHTS_A",
      "title" : "KenyaCounties CodeSystem for Counties in Kenya",
      "description" : "CodeSystem for Counties in Kenya",
      "uses" : {
      },
      "ValueSet-kenyaCountiesVS.html" : "Counties in Kenya"
    },
    {
      "url" : "https://intellisoft-consulting.github.io/igs/ChanjoKe-FHIR-IG/CodeSystem/KenyaVaccineCodes",
      "version" : "0.1.0",
      "status" : "draft",
      "name" : "KenyaVaccineCodes",
      "title" : "Kenya Vaccine Codes",
      "description" : null,
      "uses" : {
      },
      "ValueSet-DueOROverdueVaccinationVS.html" : "Due OR Overdue Vaccination(s)"
    },
    {
      "url" : "https://intellisoft-consulting.github.io/igs/ChanjoKe-FHIR-IG/CodeSystem/PatientContactList",
      "version" : "0.1.0",
      "status" : "draft",
      "name" : "PATIENTCONTACTS",
      "title" : "Patient's Contact List",
      "description" : "Patient's family members, friends or others that can be contacted by healthcare providers onbahalf of the patient",
      "uses" : {
      },
      "ValueSet-PatientContactListVS.html" : "Patient Contact List"
    },
    {
      "url" : "https://intellisoft-consulting.github.io/igs/ChanjoKe-FHIR-IG/CodeSystem/STOCKADJUSTMENTTYPE",
      "version" : "0.1.0",
      "status" : "draft",
      "name" : "IMMZ_Z1",
      "title" : "codeSystem for Adjustment Type",
      "description" : "CodeSystem for Adjustment Type",
      "uses" : {
      },
      "ValueSet-StockAdjustmentVs.html" : "Stock Adjustment"
    },
    {
      "url" : "https://intellisoft-consulting.github.io/igs/ChanjoKe-FHIR-IG/CodeSystem/ServiceRequests",
      "version" : "0.1.0",
      "status" : "draft",
      "name" : "SVREQS_A",
      "title" : "Service Requests",
      "description" : "Service Reequests to be used within the Kenyan Contexts",
      "uses" : {
      },
      "ValueSet-kenyaServiceRequestsVS.html" : "Service Requests"
    }
  ]
}
