{
  "codeSystems" : [
    {
      "url" : "http://hl7.org/fhir/CodeSystem/medicationrequest-status",
      "version" : "4.0.1",
      "status" : "draft",
      "name" : "medicationrequest Status",
      "title" : "Medicationrequest  status",
      "description" : "MedicationRequest Status Codes",
      "oids" : ["2.16.840.1.113883.4.642.4.1377"],
      "uses" : {
      },
      "http://hl7.org/fhir/R4/valueset-medicationrequest-status.html" : "Medicationrequest  status"
    },
    {
      "url" : "http://hl7.org/fhir/composition-status",
      "version" : "4.0.1",
      "status" : "draft",
      "name" : "CompositionStatus",
      "title" : "CompositionStatus",
      "description" : "The workflow/clinical status of the composition.",
      "oids" : ["2.16.840.1.113883.4.642.4.242"],
      "uses" : {
      },
      "http://hl7.org/fhir/R4/valueset-composition-status.html" : "CompositionStatus"
    },
    {
      "url" : "http://hl7.org/fhir/fm-status",
      "version" : "4.0.1",
      "status" : "draft",
      "name" : "FinancialResourceStatusCodes",
      "title" : "Financial Resource Status Codes",
      "description" : "This value set includes Status codes.",
      "oids" : ["2.16.840.1.113883.4.642.4.593"],
      "uses" : {
      },
      "http://hl7.org/fhir/R4/valueset-fm-status.html" : "Financial Resource Status Codes"
    },
    {
      "url" : "http://hl7.org/fhir/note-type",
      "version" : "4.0.1",
      "status" : "draft",
      "name" : "NoteType",
      "title" : "NoteType",
      "description" : "The presentation types of notes.",
      "oids" : ["2.16.840.1.113883.4.642.4.16"],
      "uses" : {
      },
      "http://hl7.org/fhir/R4/valueset-note-type.html" : "NoteType"
    },
    {
      "url" : "http://hl7.org/fhir/observation-status",
      "version" : "4.0.1",
      "status" : "active",
      "name" : "ObservationStatus",
      "title" : "ObservationStatus",
      "description" : "Codes providing the status of an observation.",
      "oids" : ["2.16.840.1.113883.4.642.4.401"],
      "uses" : {
      },
      "http://hl7.org/fhir/R4/valueset-observation-status.html" : "ObservationStatus"
    },
    {
      "url" : "http://hl7.org/fhir/remittance-outcome",
      "version" : "4.0.1",
      "status" : "draft",
      "name" : "ClaimProcessingCodes",
      "title" : "Claim Processing Codes",
      "description" : "This value set includes Claim Processing Outcome codes.",
      "oids" : ["2.16.840.1.113883.4.642.4.14"],
      "uses" : {
      },
      "http://hl7.org/fhir/R4/valueset-remittance-outcome.html" : "Claim Processing Codes"
    },
    {
      "url" : "http://hl7.org/fhir/request-priority",
      "version" : "4.0.1",
      "status" : "draft",
      "name" : "RequestPriority",
      "title" : "RequestPriority",
      "description" : "Identifies the level of importance to be assigned to actioning the request.",
      "oids" : ["2.16.840.1.113883.4.642.4.116"],
      "uses" : {
      },
      "http://hl7.org/fhir/R4/valueset-request-priority.html" : "Request priority"
    },
    {
      "url" : "http://hl7.org/fhir/request-status",
      "version" : "4.0.1",
      "status" : "draft",
      "name" : "RequestStatus",
      "title" : "RequestStatus",
      "description" : "Codes identifying the lifecycle stage of a request.",
      "oids" : ["2.16.840.1.113883.4.642.4.112"],
      "uses" : {
      },
      "http://hl7.org/fhir/R4/valueset-request-status.html" : "RequestStatus"
    },
    {
      "url" : "http://loinc.org",
      "version" : "3.1.0",
      "status" : "active",
      "name" : "LOINC",
      "title" : "Logical Observation Identifiers, Names and Codes (LOINC)",
      "description" : "LOINC provides a set of universal names and ID codes for identifying laboratory and clinical test results.1,2 LOINC facilitates the exchange and pooling of results, such as blood hemoglobin, serum potassium, or vital signs, for clinical care, outcomes management, and research. LOINC's universal identifiers (names and codes) can be used in the context of order and observation exchanges between information systems that use syntax standards such as HL73, CEN TC251, ISO TC215, ASTM4, and DICOM. Specifically, the identifier can be used as the coded value for an observation in any other standard that uses the observation/observation value paradigm, whether messages, documents, application programming interface (API), etc. For example, LOINC codes are used widely in the OBX segment Observation Identifier field (OBX-3) of an ORU HL7 (HL7 version 2.x or ASTM 1238-9410) message that may be sent between a Clinical Laboratory Information Management Systems (LIMS) and Electronic Health Record Systems (EHR).5, 6 In this way, LOINC codes provide universal identifiers that allow the exchange of clinical data between heterogeneous computing environments.",
      "oids" : ["2.16.840.1.113883.6.1"],
      "uses" : {
      },
      "http://hl7.org/fhir/R4/valueset-document-classcodes.html" : "Document Class Value Set",
      "http://hl7.org/fhir/R4/valueset-observation-codes.html" : "LOINC Codes",
      "http://hl7.org/fhir/R4/valueset-doc-typecodes.html" : "FHIR Document Type Codes"
    },
    {
      "url" : "http://snomed.info/sct",
      "version" : null,
      "status" : "active",
      "name" : "SNOMED_CT",
      "title" : "SNOMED CT (all versions)",
      "description" : "SNOMED CT is the most comprehensive and precise clinical health terminology product in the world, owned and distributed around the world by The International Health Terminology Standards Development Organisation (IHTSDO).",
      "oids" : ["2.16.840.1.113883.6.96"],
      "uses" : {
      },
      "http://hl7.org/fhir/R4/valueset-medication-codes.html" : "SNOMED CT Medication Codes",
      "http://hl7.org/fhir/R4/valueset-condition-severity.html" : "Condition/Diagnosis Severity",
      "http://hl7.org/fhir/R4/valueset-body-site.html" : "SNOMED CT Body Structures",
      "http://hl7.org/fhir/R4/valueset-procedure-reason.html" : "Procedure Reason Codes",
      "http://hl7.org/fhir/R4/valueset-condition-code.html" : "Condition/Problem/Diagnosis Codes",
      "http://hl7.org/fhir/R4/valueset-encounter-reason.html" : "Encounter Reason Codes",
      "http://hl7.org/fhir/R4/valueset-servicerequest-category.html" : "Service Request Category Codes",
      "http://hl7.org/fhir/R4/valueset-procedure-code.html" : "Procedure Codes (SNOMED CT)",
      "http://hl7.org/fhir/R4/valueset-participant-role.html" : "Participant Roles"
    },
    {
      "url" : "http://terminology.hl7.org/CodeSystem/adjudication",
      "version" : "1.0.1",
      "status" : "active",
      "name" : "AdjudicationValueCodes",
      "title" : "Adjudication Value Codes",
      "description" : "This value set includes a smattering of Adjudication Value codes which includes codes to indicate the amounts eligible under the plan, the amount of benefit, copays etc.",
      "oids" : ["2.16.840.1.113883.4.642.1.1171"],
      "uses" : {
      },
      "http://hl7.org/fhir/R4/valueset-adjudication.html" : "Adjudication Value Codes"
    },
    {
      "url" : "http://terminology.hl7.org/CodeSystem/adjudication-reason",
      "version" : "1.0.1",
      "status" : "active",
      "name" : "AdjudicationReasonCodes",
      "title" : "Adjudication Reason Codes",
      "description" : "This value set includes smattering of Adjudication Reason codes.",
      "oids" : ["2.16.840.1.113883.4.642.1.1172"],
      "uses" : {
      },
      "http://hl7.org/fhir/R4/valueset-adjudication-reason.html" : "Adjudication Reason Codes"
    },
    {
      "url" : "http://terminology.hl7.org/CodeSystem/claim-type",
      "version" : "1.0.1",
      "status" : "active",
      "name" : "ClaimTypeCodes",
      "title" : "Claim Type Codes",
      "description" : "This value set includes Claim Type codes.",
      "oids" : ["2.16.840.1.113883.4.642.1.1156"],
      "uses" : {
      },
      "http://hl7.org/fhir/R4/valueset-claim-type.html" : "Claim Type Codes"
    },
    {
      "url" : "http://terminology.hl7.org/CodeSystem/condition-category",
      "version" : "1.0.1",
      "status" : "active",
      "name" : "ConditionCategoryCodes",
      "title" : "Condition Category Codes",
      "description" : "Preferred value set for Condition Categories.",
      "oids" : ["2.16.840.1.113883.4.642.1.1073"],
      "uses" : {
      },
      "http://hl7.org/fhir/R4/valueset-condition-category.html" : "Condition Category Codes"
    },
    {
      "url" : "http://terminology.hl7.org/CodeSystem/data-absent-reason",
      "version" : "1.0.0",
      "status" : "active",
      "name" : "DataAbsentReason",
      "title" : "DataAbsentReason",
      "description" : "Used to specify why the normally expected content of the data element is missing.",
      "oids" : ["2.16.840.1.113883.4.642.4.1048"],
      "uses" : {
      },
      "http://hl7.org/fhir/R4/valueset-data-absent-reason.html" : "DataAbsentReason"
    },
    {
      "url" : "http://terminology.hl7.org/CodeSystem/encounter-type",
      "version" : "1.0.1",
      "status" : "active",
      "name" : "EncounterType",
      "title" : "Encounter type",
      "description" : "This example value set defines a set of codes that can be used to indicate the type of encounter: a specific code indicating type of service provided.",
      "oids" : ["2.16.840.1.113883.4.642.1.1088"],
      "uses" : {
      },
      "http://hl7.org/fhir/R4/valueset-encounter-type.html" : "Encounter type"
    },
    {
      "url" : "http://terminology.hl7.org/CodeSystem/ex-claimsubtype",
      "version" : "1.0.1",
      "status" : "active",
      "name" : "ExampleClaimSubTypeCodes",
      "title" : "Example Claim SubType Codes",
      "description" : "This value set includes sample Claim SubType codes which are used to distinguish the claim types for example within type institutional there may be subtypes for emergency services, bed stay and transportation.",
      "oids" : ["2.16.840.1.113883.4.642.1.1158"],
      "uses" : {
      },
      "http://hl7.org/fhir/R4/valueset-claim-subtype.html" : "Example Claim SubType Codes"
    },
    {
      "url" : "http://terminology.hl7.org/CodeSystem/medicationrequest-course-of-therapy",
      "version" : "1.0.1",
      "status" : "active",
      "name" : "MedicationRequestCourseOfTherapyCodes",
      "title" : "MedicationRequest Course of Therapy Codes",
      "description" : "MedicationRequest Course of Therapy Codes",
      "oids" : ["2.16.840.1.113883.4.642.1.1327"],
      "uses" : {
      },
      "http://hl7.org/fhir/R4/valueset-medicationrequest-course-of-therapy.html" : "Medication request  course of  therapy  codes"
    },
    {
      "url" : "http://terminology.hl7.org/CodeSystem/observation-category",
      "version" : "1.0.1",
      "status" : "active",
      "name" : "ObservationCategoryCodes",
      "title" : "Observation Category Codes",
      "description" : "Observation Category codes.",
      "oids" : ["2.16.840.1.113883.4.642.1.1125"],
      "uses" : {
      },
      "http://hl7.org/fhir/R4/valueset-observation-category.html" : "Observation Category Codes"
    },
    {
      "url" : "http://terminology.hl7.org/CodeSystem/participant-type",
      "version" : "1.0.1",
      "status" : "active",
      "name" : "ParticipantType",
      "title" : "Participant type",
      "description" : "This value set defines a set of codes that can be used to indicate how an individual participates in an encounter.",
      "oids" : ["2.16.840.1.113883.4.642.1.1089"],
      "uses" : {
      },
      "http://hl7.org/fhir/R4/valueset-encounter-participant-type.html" : "Participant type"
    },
    {
      "url" : "http://terminology.hl7.org/CodeSystem/payeetype",
      "version" : "1.0.1",
      "status" : "active",
      "name" : "ClaimPayeeTypeCodes",
      "title" : "Payee Type Codes",
      "description" : "Codes indicating the type of party to be reimbursed for cost of products and services.",
      "oids" : ["2.16.840.1.113883.4.642.1.1050"],
      "uses" : {
      },
      "http://hl7.org/fhir/R4/valueset-payeetype.html" : "PayeeType"
    },
    {
      "url" : "http://terminology.hl7.org/CodeSystem/referencerange-meaning",
      "version" : "1.0.1",
      "status" : "active",
      "name" : "ObservationReferenceRangeMeaningCodes",
      "title" : "Observation Reference Range Meaning Codes",
      "description" : "This value set defines a set of codes that can be used to indicate the meaning/use of a reference range for a particular target population.",
      "oids" : ["2.16.840.1.113883.4.642.1.1124"],
      "uses" : {
      },
      "http://hl7.org/fhir/R4/valueset-referencerange-meaning.html" : "Observation Reference Range Meaning Codes"
    },
    {
      "url" : "http://terminology.hl7.org/CodeSystem/v3-ActCode",
      "version" : "9.0.0",
      "status" : "active",
      "name" : "ActCode",
      "title" : "ActCode",
      "description" : "A code specifying the particular kind of Act that the Act-instance represents within its class.\r\n\r\n*Constraints:* The kind of Act (e.g. physical examination, serum potassium, inpatient encounter, charge financial transaction, etc.) is specified with a code from one of several, typically external, coding systems. The coding system will depend on the class of Act, such as LOINC for observations, etc.\r\n\r\nConceptually, the Act.code must be a specialization of the Act.classCode. This is why the structure of ActClass domain should be reflected in the superstructure of the ActCode domain and then individual codes or externally referenced vocabularies subordinated under these domains that reflect the ActClass structure.\r\n\r\nAct.classCode and Act.code are not modifiers of each other but the Act.code concept should really imply the Act.classCode concept. For a negative example, it is not appropriate to use an Act.code \"potassium\" together with and Act.classCode for \"laboratory observation\" to somehow mean \"potassium laboratory observation\" and then use the same Act.code for \"potassium\" together with Act.classCode for \"medication\" to mean \"substitution of potassium\". This mutually modifying use of Act.code and Act.classCode is not permitted.",
      "oids" : ["2.16.840.1.113883.5.4"],
      "uses" : {
      },
      "http://terminology.hl7.org/6.0.2/ValueSet-v3-ActCode.html" : "v3 Code System ActCode",
      "http://terminology.hl7.org/6.0.2/ValueSet-v3-ActEncounterCode.html" : "ActEncounterCode"
    },
    {
      "url" : "http://terminology.hl7.org/CodeSystem/v3-ActPriority",
      "version" : "3.0.0",
      "status" : "active",
      "name" : "ActPriority",
      "title" : "ActPriority",
      "description" : "A set of codes (e.g., for routine, emergency), specifying the urgency under which the Act happened, can happen, is happening, is intended to happen, or is requested/demanded to happen.",
      "oids" : ["2.16.840.1.113883.5.7"],
      "uses" : {
      },
      "http://terminology.hl7.org/6.0.2/ValueSet-v3-ActPriority.html" : "ActPriority"
    },
    {
      "url" : "http://terminology.hl7.org/CodeSystem/v3-ActReason",
      "version" : "3.1.0",
      "status" : "active",
      "name" : "ActReason",
      "title" : "ActReason",
      "description" : "A set of codes specifying the motivation, cause, or rationale of an Act, when such rationale is not reasonably represented as an ActRelationship of type \"has reason\" linking to another Act.\r\n\r\n*Examples:* Example reasons that might qualify for being coded in this field might be: \"routine requirement\", \"infectious disease reporting requirement\", \"on patient request\", \"required by law\".",
      "oids" : ["2.16.840.1.113883.5.8"],
      "uses" : {
      },
      "http://terminology.hl7.org/6.0.2/ValueSet-v3-SubstanceAdminSubstitutionReason.html" : "SubstanceAdminSubstitutionReason"
    },
    {
      "url" : "http://terminology.hl7.org/CodeSystem/v3-ObservationInterpretation",
      "version" : "3.0.0",
      "status" : "active",
      "name" : "ObservationInterpretation",
      "title" : "ObservationInterpretation",
      "description" : "One or more codes providing a rough qualitative interpretation of the observation, such as \"normal\" / \"abnormal\", \"low\" / \"high\", \"better\" / \"worse\", \"resistant\" / \"susceptible\", \"expected\" / \"not expected\". The value set is intended to be for ANY use where coded representation of an interpretation is needed.",
      "oids" : ["2.16.840.1.113883.5.83"],
      "uses" : {
      },
      "http://hl7.org/fhir/R4/valueset-observation-interpretation.html" : "Observation Interpretation Codes"
    },
    {
      "url" : "http://terminology.hl7.org/CodeSystem/v3-ParticipationType",
      "version" : "5.0.0",
      "status" : "active",
      "name" : "ParticipationType",
      "title" : "ParticipationType",
      "description" : "A code specifying the meaning and purpose of every Participation instance. Each of its values implies specific constraints on the Roles undertaking the participation.",
      "oids" : ["2.16.840.1.113883.5.90"],
      "uses" : {
      },
      "http://hl7.org/fhir/R4/valueset-encounter-participant-type.html" : "Participant type"
    },
    {
      "url" : "http://terminology.hl7.org/CodeSystem/v3-substanceAdminSubstitution",
      "version" : "3.0.0",
      "status" : "active",
      "name" : "SubstanceAdminSubstitution",
      "title" : "Substance Admin Substitution",
      "description" : "Identifies what sort of change is permitted or has occurred between the therapy that was ordered and the therapy that was/will be provided.",
      "oids" : ["2.16.840.1.113883.5.1070"],
      "uses" : {
      },
      "http://terminology.hl7.org/6.0.2/ValueSet-v3-ActSubstanceAdminSubstitutionCode.html" : "ActSubstanceAdminSubstitutionCode"
    },
    {
      "url" : "https://shr.tiberbuapps.com/fhir/CodeSystem/KHTS.A",
      "version" : "0.1.0",
      "status" : "draft",
      "name" : "KHTS_A",
      "title" : "KHTS.A CodeSystem for Counties in Kenya",
      "description" : "CodeSystem for KHTS.A Counties in Kenya",
      "uses" : {
      },
      "ValueSet-KenyaCountiesVS.html" : "Counties in Kenya"
    },
    {
      "url" : "https://shr.tiberbuapps.com/fhir/CodeSystem/KNHTS.CIIZENSHIP",
      "version" : "0.1.0",
      "status" : "draft",
      "name" : "PATIENT_CITIZENSHIP",
      "title" : "CodeSystem for Patient's Citizenship",
      "description" : "CodeSystem for Patient's Citizenship",
      "uses" : {
      },
      "ValueSet-CitizenshipVS.html" : "Patient's Citizenship ValueSet"
    },
    {
      "url" : "https://shr.tiberbuapps.com/fhir/CodeSystem/KNHTS.CLMSRSPSTS",
      "version" : "0.1.0",
      "status" : "draft",
      "name" : "KNHTS_CLMS_RSP",
      "title" : "KNHTS.CLMSRSP CodeSystem for claim response status",
      "description" : "CodeSystem for KNHTS Claim status",
      "uses" : {
      },
      "ValueSet-ClaimsResponseVS.html" : "Claims Response status"
    },
    {
      "url" : "https://shr.tiberbuapps.com/fhir/CodeSystem/KNHTS.CLMSTS",
      "version" : "0.1.0",
      "status" : "draft",
      "name" : "KNHTS_CLMS",
      "title" : "KNHTS.CLMS CodeSystem for claim status",
      "description" : "CodeSystem for KNHTS Claim status",
      "uses" : {
      },
      "ValueSet-ClaimsStatusVS.html" : "Claims status"
    },
    {
      "url" : "https://shr.tiberbuapps.com/fhir/CodeSystem/KNHTS.CODESYSTEMS",
      "version" : "0.1.0",
      "status" : "draft",
      "name" : "PAT_CODESYSTEMS",
      "title" : "CodeSystem for Code systems",
      "description" : "CodeSystem for Code systems",
      "uses" : {
      },
      "ValueSet-CodeSystemsVS.html" : "Code Systems ValueSet"
    },
    {
      "url" : "https://shr.tiberbuapps.com/fhir/CodeSystem/KNHTS.CONTACTRELATIONSHIP",
      "version" : "0.1.0",
      "status" : "draft",
      "name" : "PT_CONTACTRELATIONSHIP",
      "title" : "CodeSystem for Contact Relationship",
      "description" : "CodeSystem for Contact Relationship",
      "uses" : {
      },
      "ValueSet-PatientContactRlshipVS.html" : "Patient Contact Relationship ValueSet"
    },
    {
      "url" : "https://shr.tiberbuapps.com/fhir/CodeSystem/KNHTS.CURRENCY",
      "version" : "0.1.0",
      "status" : "draft",
      "name" : "CURRENCY",
      "title" : "CodeSystem for currency",
      "description" : "CodeSystem for currency",
      "uses" : {
      },
      "ValueSet-CurrencyVS.html" : "Currency ValueSet"
    },
    {
      "url" : "https://shr.tiberbuapps.com/fhir/CodeSystem/KNHTS.CURRENTRENEWALDURATION",
      "version" : "0.1.0",
      "status" : "draft",
      "name" : "CURRENTRENEWALTYPE",
      "title" : "CodeSystem for Practitioner's License Current Renewal type",
      "description" : "CodeSystem for Practitioner's License Current Renewal type",
      "uses" : {
      },
      "ValueSet-LicenseRenewalDurationVS.html" : "Practitioner's License Current Renewal Duration"
    },
    {
      "url" : "https://shr.tiberbuapps.com/fhir/CodeSystem/KNHTS.EMPLOYMENTTYPE",
      "version" : "0.1.0",
      "status" : "draft",
      "name" : "EMPLOYMENTTYPE",
      "title" : "CodeSystem for Employment Type",
      "description" : "CodeSystem for Employment Type",
      "uses" : {
      },
      "ValueSet-EmploymentTypeVS.html" : "Patient Employment Type"
    },
    {
      "url" : "https://shr.tiberbuapps.com/fhir/CodeSystem/KNHTS.FACILITYAPPROVALSTATUS",
      "version" : "0.1.0",
      "status" : "draft",
      "name" : "FACILITYAPPROVALSTATUS",
      "title" : "CodeSystem for Facility Approval Status",
      "description" : "CodeSystem for Facility Approval Status",
      "uses" : {
      },
      "ValueSet-FacilityApprovalStatusVS.html" : "Code Systems Facility Approval Status"
    },
    {
      "url" : "https://shr.tiberbuapps.com/fhir/CodeSystem/KNHTS.FACILITYCATEGORY",
      "version" : "0.1.0",
      "status" : "draft",
      "name" : "FACILITYCATEGORY",
      "title" : "CodeSystem for Facility Category",
      "description" : "CodeSystem for Facility Category/Facility Owner Type",
      "uses" : {
      },
      "ValueSet-FacilityCategoryVS.html" : "Code Systems Facility Category"
    },
    {
      "url" : "https://shr.tiberbuapps.com/fhir/CodeSystem/KNHTS.FACILITYLEVEL",
      "version" : "0.1.0",
      "status" : "draft",
      "name" : "FACILITYLEVEL",
      "title" : "CodeSystem for Facility level",
      "description" : "CodeSystem for Facility level",
      "uses" : {
      },
      "ValueSet-FacilityLevelVS.html" : "Code Systems Facility Level"
    },
    {
      "url" : "https://shr.tiberbuapps.com/fhir/CodeSystem/KNHTS.IDENTIFIERTYPES",
      "version" : "0.1.0",
      "status" : "draft",
      "name" : "PAT_IDENTIFIERTYPES",
      "title" : "CodeSystem for patient's identifier Types",
      "description" : "CodeSystem for patient's identifier Types",
      "uses" : {
      },
      "ValueSet-PatientIdentifierTypesVS.html" : "Patient Identifier Types ValueSet"
    },
    {
      "url" : "https://shr.tiberbuapps.com/fhir/CodeSystem/KNHTS.IDENTIFIERUSE",
      "version" : "0.1.0",
      "status" : "draft",
      "name" : "IDENTIFIERUSE",
      "title" : "CodeSystem for identifier use",
      "description" : "CodeSystem for  identifier use",
      "uses" : {
      },
      "ValueSet-IdentifierUseVs.html" : "Patient identifier usage valueSet"
    },
    {
      "url" : "https://shr.tiberbuapps.com/fhir/CodeSystem/KNHTS.MARITALSTATUS",
      "version" : "0.1.0",
      "status" : "draft",
      "name" : "MARITAL_STATUS",
      "title" : "CodeSystem for Patient's Marital (Civil) Status",
      "description" : "CodeSystem for Patient's Marital (Civil) Status",
      "uses" : {
      },
      "ValueSet-MaritalStatusVS.html" : "Patient's Marital (Civil) Status"
    },
    {
      "url" : "https://shr.tiberbuapps.com/fhir/CodeSystem/KNHTS.OPERATIONALSTATUS",
      "version" : "0.1.0",
      "status" : "draft",
      "name" : "OPERATIONALSTATUS",
      "title" : "CodeSystem for Practitioner's Operational Status",
      "description" : "CodeSystem for Practitioner's Operational Status",
      "uses" : {
      },
      "ValueSet-PractitionerOperationalStatusVS.html" : "Practitioner's Operational Status"
    },
    {
      "url" : "https://shr.tiberbuapps.com/fhir/CodeSystem/KNHTS.PAT.TITLE",
      "version" : "0.1.0",
      "status" : "draft",
      "name" : "PT_TITLE",
      "title" : "CodeSystem for patient's title",
      "description" : "CodeSystem for patient's title",
      "uses" : {
      },
      "ValueSet-SalutationVS.html" : "Salutation"
    },
    {
      "url" : "https://shr.tiberbuapps.com/fhir/CodeSystem/KNHTS.PCNS",
      "version" : "0.1.0",
      "status" : "draft",
      "name" : "PRIMARYCARENETWORKS",
      "title" : "CodeSystem for Primary Care Networks",
      "description" : "CodeSystem for Primary Care Networks",
      "uses" : {
      },
      "ValueSet-PrimaryCareNetworkVS.html" : "Primary Care Networks"
    },
    {
      "url" : "https://shr.tiberbuapps.com/fhir/CodeSystem/KNHTS.QUALIFICATIONTYPE",
      "version" : "0.1.0",
      "status" : "draft",
      "name" : "QUALIFICATIONTYPE",
      "title" : "CodeSystem for Practitioner's qualification type",
      "description" : "CodeSystem for Practitioner's qualification type",
      "uses" : {
      },
      "ValueSet-PractitionerQualificationTypeVS.html" : "Practitioner's Qualifification Type"
    },
    {
      "url" : "https://shr.tiberbuapps.com/fhir/CodeSystem/Patient.Employment",
      "version" : "0.1.0",
      "status" : "draft",
      "name" : "Patient_Employment",
      "title" : "Patient's Employment CodeSystem",
      "description" : "CodeSystem for Patient's Employment",
      "uses" : {
      },
      "ValueSet-patientEmploymentVs.html" : "Patient's employment Options"
    },
    {
      "url" : "urn:ietf:bcp:47",
      "version" : "2.0.1",
      "status" : "active",
      "name" : "Ietf3066",
      "title" : "Tags for the Identification of Languages",
      "description" : "Older value from OID registry.  Superceded; see recommendations in BCP-47.",
      "oids" : ["2.16.840.1.113883.6.121"],
      "uses" : {
      },
      "http://hl7.org/fhir/R4/valueset-languages.html" : "Common Languages"
    }
  ]
}
