<?xml version="1.0" encoding="UTF-8"?>

<CodeSystem xmlns="http://hl7.org/fhir">
  <id value="ServiceRequestsExample"/>
  <text>
    <status value="generated"/><div xmlns="http://www.w3.org/1999/xhtml"><p class="res-header-id"><b>Generated Narrative: CodeSystem ServiceRequestsExample</b></p><a name="ServiceRequestsExample"> </a><a name="hcServiceRequestsExample"> </a><a name="ServiceRequestsExample-en-US"> </a><p>This case-insensitive code system <code>https://intellisoft-consulting.github.io/igs/ChanjoKe-FHIR-IG/CodeSystem/ServiceRequestsExample</code> defines the following codes:</p><table class="codes"><tr><td style="white-space:nowrap"><b>Code</b></td><td><b>Display</b></td></tr><tr><td style="white-space:nowrap">108252007<a name="ServiceRequestsExample-108252007"> </a></td><td>Laboratory procedure</td></tr><tr><td style="white-space:nowrap">363679005<a name="ServiceRequestsExample-363679005"> </a></td><td>Imaging</td></tr><tr><td style="white-space:nowrap">409063005<a name="ServiceRequestsExample-409063005"> </a></td><td>Counselling</td></tr><tr><td style="white-space:nowrap">409073007<a name="ServiceRequestsExample-409073007"> </a></td><td>Education</td></tr><tr><td style="white-space:nowrap">387713003<a name="ServiceRequestsExample-387713003"> </a></td><td>Surgical procedure</td></tr><tr><td style="white-space:nowrap">KNHTS-001<a name="ServiceRequestsExample-KNHTS-001"> </a></td><td>Defaulter Tracing</td></tr></table></div>
  </text>
  <url value="https://intellisoft-consulting.github.io/igs/ChanjoKe-FHIR-IG/CodeSystem/ServiceRequestsExample"/>
  <version value="0.1.0"/>
  <name value="SVREQS_A"/>
  <title value="Service Requests"/>
  <status value="active"/>
  <experimental value="false"/>
  <date value="2024-08-27T20:30:12+00:00"/>
  <publisher value="Intellisoft Consulting Ltd"/>
  <contact>
    <name value="Intellisoft Consulting Ltd"/>
    <telecom>
      <system value="url"/>
      <value value="https://www.intellisoftkenya.com/"/>
    </telecom>
    <telecom>
      <system value="email"/>
      <value value="info[at]intellisoftkenya.com"/>
    </telecom>
  </contact>
  <description value="Service Requests to be used within the Kenyan Contexts"/>
  <caseSensitive value="false"/>
  <content value="complete"/>
  <concept>
    <code value="108252007"/>
    <display value="Laboratory procedure"/>
  </concept>
  <concept>
    <code value="363679005"/>
    <display value="Imaging"/>
  </concept>
  <concept>
    <code value="409063005"/>
    <display value="Counselling"/>
  </concept>
  <concept>
    <code value="409073007"/>
    <display value="Education"/>
  </concept>
  <concept>
    <code value="387713003"/>
    <display value="Surgical procedure"/>
  </concept>
  <concept>
    <code value="KNHTS-001"/>
    <display value="Defaulter Tracing"/>
  </concept>
</CodeSystem>