{
  "resourceType" : "Condition",
  "id" : "ConditionExample",
  "text" : {
    "status" : "generated",
    "div" : "<div xmlns=\"http://www.w3.org/1999/xhtml\"><p class=\"res-header-id\"><b>Generated Narrative: Condition ConditionExample</b></p><a name=\"ConditionExample\"> </a><a name=\"hcConditionExample\"> </a><a name=\"ConditionExample-en-US\"> </a><p><b>subject</b>: <a href=\"Patient-PatientExample.html\">Grahame Grieve Male, DoB: 1969-04-13</a></p></div>"
  },
  "subject" : {
    "reference" : "Patient/PatientExample"
  }
}