{
  "resourceType" : "Condition",
  "id" : "ConditionExample",
  "text" : {
    "status" : "generated",
    "div" : "<div xmlns=\"http://www.w3.org/1999/xhtml\"><p class=\"res-header-id\"><b>Generated Narrative: Condition ConditionExample</b></p><a name=\"ConditionExample\"> </a><a name=\"hcConditionExample\"> </a><a name=\"ConditionExample-en-US\"> </a><p><b>subject</b>: <a href=\"Patient-SHAPatientExample.html\">Eliud Kipchoge Kiptun Male, DoB: 1984-11-05 ( Unique Patient Identifier: 123456\u00a0(use:\u00a0official,\u00a0))</a></p></div>"
  },
  "subject" : {
    "reference" : "Patient/SHAPatientExample"
  }
}