<?xml version="1.0" encoding="UTF-8"?>

<Organization xmlns="http://hl7.org/fhir">
  <id value="SHAOrganizationExample"/>
  <text>
    <status value="generated"/><div xmlns="http://www.w3.org/1999/xhtml"><p class="res-header-id"><b>Generated Narrative: Organization SHAOrganizationExample</b></p><a name="SHAOrganizationExample"> </a><a name="hcSHAOrganizationExample"> </a><a name="SHAOrganizationExample-en-US"> </a><p><b>identifier</b>: Facility Identifier/KMFL12345 (use: official, )</p><p><b>active</b>: true</p><p><b>type</b>: <span title="Codes:{http://example.org/fhir/organization-type hospital}">Hospital</span></p><p><b>name</b>: Kenyatta National Hospital</p><p><b>address</b>: </p><h3>Contacts</h3><table class="grid"><tr><td style="display: none">-</td><td><b>Telecom</b></td></tr><tr><td style="display: none">*</td><td><a href="tel:+123456789">+123456789</a></td></tr></table></div>
  </text>
  <extension url="http://example.org/fhir/StructureDefinition/owner-id-number">
    <valueString value="OWNER123"/>
  </extension>
  <extension url="http://example.org/fhir/StructureDefinition/owner-board-registration-number">
    <valueString value="BOARD123"/>
  </extension>
  <extension url="http://example.org/fhir/StructureDefinition/owner-current-license-number">
    <valueString value="LICENSE123"/>
  </extension>
  <extension url="http://example.org/fhir/StructureDefinition/facility-registration-number">
    <valueString value="KMFL123"/>
  </extension>
  <extension url="http://example.org/fhir/StructureDefinition/current-license-type">
    <valueString value="once"/>
  </extension>
  <extension url="http://example.org/fhir/StructureDefinition/current-license-number">
    <valueString value="LICNUM123"/>
  </extension>
  <extension url="http://example.org/fhir/StructureDefinition/current-license-renewal-date">
    <valueDate value="2025-01-01"/>
  </extension>
  <extension url="http://example.org/fhir/StructureDefinition/approved">
    <valueBoolean value="true"/>
  </extension>
  <extension url="http://example.org/fhir/StructureDefinition/regulatory-body">
    <valueString value="Regulatory Authority"/>
  </extension>
  <extension url="http://example.org/fhir/StructureDefinition/pcn">
    <valueString value="PCN123"/>
  </extension>
  <extension url="http://example.org/fhir/StructureDefinition/parent-facility-code">
    <valueString value="PARENT123"/>
  </extension>
  <extension url="http://example.org/fhir/StructureDefinition/facility-level">
    <valueString value="l1"/>
  </extension>
  <extension url="http://example.org/fhir/StructureDefinition/facility-type-category">
    <valueString value="General"/>
  </extension>
  <extension url="http://example.org/fhir/StructureDefinition/facility-category">
    <valueString value="moh"/>
  </extension>
  <extension url="http://example.org/fhir/StructureDefinition/facility-owner">
    <valueString value="MoH - Kenya"/>
  </extension>
  <extension url="http://example.org/fhir/StructureDefinition/number-of-beds">
    <valueInteger value="100"/>
  </extension>
  <extension url="http://example.org/fhir/StructureDefinition/maximum-bed-allocation">
    <valueInteger value="120"/>
  </extension>
  <extension url="http://example.org/fhir/StructureDefinition/number-of-cots">
    <valueInteger value="50"/>
  </extension>
  <extension url="http://example.org/fhir/StructureDefinition/admission-types">
    <valueString value="emmergency"/>
  </extension>
  <extension url="http://example.org/fhir/StructureDefinition/open-whole-day">
    <valueBoolean value="true"/>
  </extension>
  <extension url="http://example.org/fhir/StructureDefinition/open-public-holiday">
    <valueBoolean value="true"/>
  </extension>
  <extension url="http://example.org/fhir/StructureDefinition/open-weekends">
    <valueBoolean value="true"/>
  </extension>
  <extension url="http://example.org/fhir/StructureDefinition/open-late-night">
    <valueBoolean value="true"/>
  </extension>
  <extension url="http://example.org/fhir/StructureDefinition/fund">
    <valueString value="Public"/>
  </extension>
  <identifier>
    <use value="official"/>
    <type>
      <coding>
        <system value="http://example.org/fhir/identifier-type"/>
        <code value="passport"/>
        <display value="Facility Identifier"/>
      </coding>
    </type>
    <value value="KMFL12345"/>
  </identifier>
  <active value="true"/>
  <type>
    <coding>
      <system value="http://example.org/fhir/organization-type"/>
      <code value="hospital"/>
      <display value="Hospital"/>
    </coding>
  </type>
  <name value="Kenyatta National Hospital"/>
  <address>
    <extension url="http://example.org/fhir/StructureDefinition/latitude">
      <valueString value="-1.30054"/>
    </extension>
    <extension url="http://example.org/fhir/StructureDefinition/longitude">
      <valueString value="36.80695"/>
    </extension>
    <extension url="http://example.org/fhir/StructureDefinition/ward">
      <valueCode value="mombasa"/>
    </extension>
    <extension url="http://example.org/fhir/StructureDefinition/constituency">
      <valueString value="Starehe"/>
    </extension>
    <extension url="http://example.org/fhir/StructureDefinition/sub-county">
      <valueCode value="mombasa"/>
    </extension>
    <extension url="http://example.org/fhir/StructureDefinition/county">
      <valueCode value="mombasa"/>
    </extension>
    <extension url="http://example.org/fhir/StructureDefinition/physical-address">
      <valueString value="Nairobi upperhill"/>
    </extension>
  </address>
  <contact>
    <telecom>
      <system value="phone"/>
      <value value="+123456789"/>
      <use value="work"/>
    </telecom>
  </contact>
</Organization>