{
  "package": "fhir.chanjoKe",
  "version": "0.1.0",
  "fhirVersion": "4.0.1",
  "extensions": [
    {
      "url": "https://intellisoft-consulting.github.io/igs/ChanjoKe-FHIR-IG/StructureDefinition/action-taken",
      "title": "Extension for Action Taken",
      "types": [
        "code"
      ]
    },
    {
      "url": "https://intellisoft-consulting.github.io/igs/ChanjoKe-FHIR-IG/StructureDefinition/adjustment-type",
      "title": "Extension for Stock Adjustment Type",
      "types": [
        "code"
      ]
    },
    {
      "url": "https://intellisoft-consulting.github.io/igs/ChanjoKe-FHIR-IG/StructureDefinition/aefi-outcome",
      "title": "AefiOutcomeExtension",
      "types": [
        "code"
      ]
    },
    {
      "url": "https://intellisoft-consulting.github.io/igs/ChanjoKe-FHIR-IG/StructureDefinition/allocated-quantity",
      "title": "Extension for Allocated Quantity",
      "types": [
        "integer"
      ]
    },
    {
      "url": "https://intellisoft-consulting.github.io/igs/ChanjoKe-FHIR-IG/StructureDefinition/batch-number",
      "title": "Extension for Batch Number ",
      "types": [
        "string"
      ]
    },
    {
      "url": "https://intellisoft-consulting.github.io/igs/ChanjoKe-FHIR-IG/StructureDefinition/body-weight-extension",
      "title": "Body Weight extension",
      "types": [
        "decimal"
      ]
    },
    {
      "url": "https://intellisoft-consulting.github.io/igs/ChanjoKe-FHIR-IG/StructureDefinition/certificate-Issue-Date",
      "title": "Certificate Issue Date",
      "types": [
        "dateTime"
      ]
    },
    {
      "url": "https://intellisoft-consulting.github.io/igs/ChanjoKe-FHIR-IG/StructureDefinition/certificate-Issued",
      "title": "Certificate Issued",
      "types": [
        "boolean"
      ]
    },
    {
      "url": "https://intellisoft-consulting.github.io/igs/ChanjoKe-FHIR-IG/StructureDefinition/children",
      "title": "Extension for Children ",
      "types": [
        "integer"
      ]
    },
    {
      "url": "https://intellisoft-consulting.github.io/igs/ChanjoKe-FHIR-IG/StructureDefinition/contraindication-to-vaccine",
      "title": "ContraIndication to Vaccine",
      "types": [
        "boolean"
      ]
    },
    {
      "url": "https://intellisoft-consulting.github.io/igs/ChanjoKe-FHIR-IG/StructureDefinition/date-of-last-order",
      "title": "Extension for Date Of last Order",
      "types": [
        "date"
      ]
    },
    {
      "url": "https://intellisoft-consulting.github.io/igs/ChanjoKe-FHIR-IG/StructureDefinition/date-received",
      "title": "Extension for Date Received",
      "types": [
        "date"
      ]
    },
    {
      "url": "https://intellisoft-consulting.github.io/igs/ChanjoKe-FHIR-IG/StructureDefinition/doses-in-stock",
      "title": "Extension for Doses in stock",
      "types": [
        "integer"
      ]
    },
    {
      "url": "https://intellisoft-consulting.github.io/igs/ChanjoKe-FHIR-IG/StructureDefinition/event-details",
      "title": "Extension for Event Details",
      "types": [
        "string"
      ]
    },
    {
      "url": "https://intellisoft-consulting.github.io/igs/ChanjoKe-FHIR-IG/StructureDefinition/expected-date-of-next-order",
      "title": "Extension for  Expected Date of Next Order ",
      "types": [
        "date"
      ]
    },
    {
      "url": "https://intellisoft-consulting.github.io/igs/ChanjoKe-FHIR-IG/StructureDefinition/expiry-date",
      "title": "Extension for ExpiryDate ",
      "types": [
        "date"
      ]
    },
    {
      "url": "https://intellisoft-consulting.github.io/igs/ChanjoKe-FHIR-IG/StructureDefinition/facility-reported",
      "title": "Extension for Facility Reported",
      "types": [
        "string"
      ]
    },
    {
      "url": "https://intellisoft-consulting.github.io/igs/ChanjoKe-FHIR-IG/StructureDefinition/inventory-items",
      "title": "InventoryItems",
      "types": [
        "base64Binary",
        "boolean",
        "canonical",
        "code",
        "date",
        "dateTime",
        "decimal",
        "id",
        "instant",
        "integer",
        "markdown",
        "oid",
        "positiveInt",
        "string",
        "time",
        "unsignedInt",
        "uri",
        "url",
        "uuid",
        "Address",
        "Age",
        "Annotation",
        "Attachment",
        "CodeableConcept",
        "Coding",
        "ContactPoint",
        "Count",
        "Distance",
        "Duration",
        "HumanName",
        "Identifier",
        "Money",
        "Period",
        "Quantity",
        "Range",
        "Ratio",
        "Reference",
        "SampledData",
        "Signature",
        "Timing",
        "ContactDetail",
        "Contributor",
        "DataRequirement",
        "Expression",
        "ParameterDefinition",
        "RelatedArtifact",
        "TriggerDefinition",
        "UsageContext",
        "Dosage",
        "Meta",
        "base64Binary",
        "boolean",
        "canonical",
        "code",
        "date",
        "dateTime",
        "decimal",
        "id",
        "instant",
        "integer",
        "markdown",
        "oid",
        "positiveInt",
        "string",
        "time",
        "unsignedInt",
        "uri",
        "url",
        "uuid",
        "Address",
        "Age",
        "Annotation",
        "Attachment",
        "CodeableConcept",
        "Coding",
        "ContactPoint",
        "Count",
        "Distance",
        "Duration",
        "HumanName",
        "Identifier",
        "Money",
        "Period",
        "Quantity",
        "Range",
        "Ratio",
        "Reference",
        "SampledData",
        "Signature",
        "Timing",
        "ContactDetail",
        "Contributor",
        "DataRequirement",
        "Expression",
        "ParameterDefinition",
        "RelatedArtifact",
        "TriggerDefinition",
        "UsageContext",
        "Dosage",
        "Meta"
      ]
    },
    {
      "url": "https://intellisoft-consulting.github.io/igs/ChanjoKe-FHIR-IG/StructureDefinition/issue-date",
      "title": "Extension for Issue Date",
      "types": [
        "date"
      ]
    },
    {
      "url": "https://intellisoft-consulting.github.io/igs/ChanjoKe-FHIR-IG/StructureDefinition/kenya-administrative-gender-extension",
      "title": "KenyaAdministrativeGenderExtension",
      "types": [
        "code"
      ]
    },
    {
      "url": "https://intellisoft-consulting.github.io/igs/ChanjoKe-FHIR-IG/StructureDefinition/kenya-counties-extension",
      "title": "Extension for Kenya counties",
      "types": [
        "code"
      ]
    },
    {
      "url": "https://intellisoft-consulting.github.io/igs/ChanjoKe-FHIR-IG/StructureDefinition/kenya-health-worker-extension",
      "title": "Healthworker extension",
      "types": [
        "boolean"
      ]
    },
    {
      "url": "https://intellisoft-consulting.github.io/igs/ChanjoKe-FHIR-IG/StructureDefinition/manufacturer-details",
      "title": "Extension for Manufacturer Details ",
      "types": [
        "string"
      ]
    },
    {
      "url": "https://intellisoft-consulting.github.io/igs/ChanjoKe-FHIR-IG/StructureDefinition/maximum",
      "title": "Extension for Maximum",
      "types": [
        "integer"
      ]
    },
    {
      "url": "https://intellisoft-consulting.github.io/igs/ChanjoKe-FHIR-IG/StructureDefinition/minimum",
      "title": "Extension for Minimum",
      "types": [
        "integer"
      ]
    },
    {
      "url": "https://intellisoft-consulting.github.io/igs/ChanjoKe-FHIR-IG/StructureDefinition/new-vvm",
      "title": "Extension for Reason For New VVM",
      "types": [
        "string"
      ]
    },
    {
      "url": "https://intellisoft-consulting.github.io/igs/ChanjoKe-FHIR-IG/StructureDefinition/order-number",
      "title": "Extension for Order number",
      "types": [
        "integer"
      ]
    },
    {
      "url": "https://intellisoft-consulting.github.io/igs/ChanjoKe-FHIR-IG/StructureDefinition/ordered-amount",
      "title": "Extension for Ordered Amount ",
      "types": [
        "integer"
      ]
    },
    {
      "url": "https://intellisoft-consulting.github.io/igs/ChanjoKe-FHIR-IG/StructureDefinition/origin",
      "title": "Extension for Origin",
      "types": [
        "string"
      ]
    },
    {
      "url": "https://intellisoft-consulting.github.io/igs/ChanjoKe-FHIR-IG/StructureDefinition/physical-count",
      "title": "Extension for Physical Count",
      "types": [
        "integer"
      ]
    },
    {
      "url": "https://intellisoft-consulting.github.io/igs/ChanjoKe-FHIR-IG/StructureDefinition/pregnant-women",
      "title": "Extension for Pregnant women ",
      "types": [
        "integer"
      ]
    },
    {
      "url": "https://intellisoft-consulting.github.io/igs/ChanjoKe-FHIR-IG/StructureDefinition/previous-vvm",
      "title": "Extension for Reason For Previous VVM",
      "types": [
        "string"
      ]
    },
    {
      "url": "https://intellisoft-consulting.github.io/igs/ChanjoKe-FHIR-IG/StructureDefinition/products",
      "title": "Extension for Products ",
      "types": [
        "code"
      ]
    },
    {
      "url": "https://intellisoft-consulting.github.io/igs/ChanjoKe-FHIR-IG/StructureDefinition/quantity-issued",
      "title": "Extension for Quantity Issued",
      "types": [
        "integer"
      ]
    },
    {
      "url": "https://intellisoft-consulting.github.io/igs/ChanjoKe-FHIR-IG/StructureDefinition/reaction-severity",
      "title": "ReactionSeverityExtension",
      "types": [
        "code"
      ]
    },
    {
      "url": "https://intellisoft-consulting.github.io/igs/ChanjoKe-FHIR-IG/StructureDefinition/reason-for-adjustment",
      "title": "Extension for Reason For Adjustment ",
      "types": [
        "string"
      ]
    },
    {
      "url": "https://intellisoft-consulting.github.io/igs/ChanjoKe-FHIR-IG/StructureDefinition/recommended-stock",
      "title": "Extension for Recommended Stock ",
      "types": [
        "integer"
      ]
    },
    {
      "url": "https://intellisoft-consulting.github.io/igs/ChanjoKe-FHIR-IG/StructureDefinition/remaining-quantity",
      "title": "Extension for Remaining Quantity ",
      "types": [
        "integer"
      ]
    },
    {
      "url": "https://intellisoft-consulting.github.io/igs/ChanjoKe-FHIR-IG/StructureDefinition/specimen-collected",
      "title": "Extension for Specimen collected for investigation",
      "types": [
        "string"
      ]
    },
    {
      "url": "https://intellisoft-consulting.github.io/igs/ChanjoKe-FHIR-IG/StructureDefinition/specimen-details",
      "title": "Extension for Specimen Details",
      "types": [
        "string"
      ]
    },
    {
      "url": "https://intellisoft-consulting.github.io/igs/ChanjoKe-FHIR-IG/StructureDefinition/stock-adjustment-date",
      "title": "Extension for Stock Adjustment Date",
      "types": [
        "date"
      ]
    },
    {
      "url": "https://intellisoft-consulting.github.io/igs/ChanjoKe-FHIR-IG/StructureDefinition/stock-location",
      "title": "Extension for Stock Location ",
      "types": [
        "string"
      ]
    },
    {
      "url": "https://intellisoft-consulting.github.io/igs/ChanjoKe-FHIR-IG/StructureDefinition/stock-origin",
      "title": "Extension for Reason For Stock Origin",
      "types": [
        "string"
      ]
    },
    {
      "url": "https://intellisoft-consulting.github.io/igs/ChanjoKe-FHIR-IG/StructureDefinition/stock-quantity",
      "title": "Extension for Stock Quantity",
      "types": [
        "integer"
      ]
    },
    {
      "url": "https://intellisoft-consulting.github.io/igs/ChanjoKe-FHIR-IG/StructureDefinition/total-population",
      "title": "Extension for Total Population",
      "types": [
        "integer"
      ]
    },
    {
      "url": "https://intellisoft-consulting.github.io/igs/ChanjoKe-FHIR-IG/StructureDefinition/treatment-details",
      "title": "Extension for Treatment Details",
      "types": [
        "string"
      ]
    },
    {
      "url": "https://intellisoft-consulting.github.io/igs/ChanjoKe-FHIR-IG/StructureDefinition/treatment-given",
      "title": "Extension for Treatment Given",
      "types": [
        "string"
      ]
    },
    {
      "url": "https://intellisoft-consulting.github.io/igs/ChanjoKe-FHIR-IG/StructureDefinition/types-of-aefi",
      "title": "Extension for types of AEFI",
      "types": [
        "code"
      ]
    },
    {
      "url": "https://intellisoft-consulting.github.io/igs/ChanjoKe-FHIR-IG/StructureDefinition/vaccine",
      "title": "Extension for Vaccine",
      "types": [
        "code"
      ]
    },
    {
      "url": "https://intellisoft-consulting.github.io/igs/ChanjoKe-FHIR-IG/StructureDefinition/vaccine-brand",
      "title": "Vaccine Brand",
      "types": [
        "string"
      ]
    },
    {
      "url": "https://intellisoft-consulting.github.io/igs/ChanjoKe-FHIR-IG/StructureDefinition/validity-endDate-certificate",
      "title": "Validity end date of the certificate.",
      "types": [
        "dateTime"
      ]
    },
    {
      "url": "https://intellisoft-consulting.github.io/igs/ChanjoKe-FHIR-IG/StructureDefinition/validity-startdate-certificate",
      "title": "Validity start date of the certificate.",
      "types": [
        "dateTime"
      ]
    },
    {
      "url": "https://intellisoft-consulting.github.io/igs/ChanjoKe-FHIR-IG/StructureDefinition/vvm-status",
      "title": "Extension for VVM Status ",
      "types": [
        "string"
      ]
    }
  ],
  "profiles": {
    "AdverseEvent": [
      {
        "url": "https://intellisoft-consulting.github.io/igs/ChanjoKe-FHIR-IG/StructureDefinition/AdverseEventProfile",
        "title": "AdverseEventProfile"
      }
    ],
    "ServiceRequest": [
      {
        "url": "https://intellisoft-consulting.github.io/igs/ChanjoKe-FHIR-IG/StructureDefinition/DefaulterTracingRequest",
        "title": "DefaulterTracingRequest"
      }
    ],
    "Composition": [
      {
        "url": "https://intellisoft-consulting.github.io/igs/ChanjoKe-FHIR-IG/StructureDefinition/DigitalCertificateComposition",
        "title": "DigitalCertificateComposition"
      },
      {
        "url": "https://intellisoft-consulting.github.io/igs/ChanjoKe-FHIR-IG/StructureDefinition/DigitalCertificateCompositionVaccinationStatus",
        "title": "DigitalCertificateCompositionVaccinationStatus"
      }
    ],
    "Bundle": [
      {
        "url": "https://intellisoft-consulting.github.io/igs/ChanjoKe-FHIR-IG/StructureDefinition/DigitalCertificateDocument",
        "title": "DigitalCertificateDocument"
      }
    ],
    "List": [
      {
        "url": "https://intellisoft-consulting.github.io/igs/ChanjoKe-FHIR-IG/StructureDefinition/DigitalCertificateDocumentFolder",
        "title": "DigitalCertificateDocumentFolder"
      }
    ],
    "DocumentReference": [
      {
        "url": "https://intellisoft-consulting.github.io/igs/ChanjoKe-FHIR-IG/StructureDefinition/DigitalCertificateDocumentReference",
        "title": "DigitalCertificateDocumentReference"
      },
      {
        "url": "https://intellisoft-consulting.github.io/igs/ChanjoKe-FHIR-IG/StructureDefinition/DigitalCertificateDocumentReferenceQR",
        "title": "DigitalCertificateDocumentReferenceQR"
      }
    ],
    "Organization": [
      {
        "url": "https://intellisoft-consulting.github.io/igs/ChanjoKe-FHIR-IG/StructureDefinition/DigitalCertificateOrganization",
        "title": "DigitalCertificateOrganization"
      }
    ],
    "Patient": [
      {
        "url": "https://intellisoft-consulting.github.io/igs/ChanjoKe-FHIR-IG/StructureDefinition/KenyanImmunizationRegistryPatient",
        "title": "KenyanImmunizationRegistryPatient"
      }
    ],
    "Immunization": [
      {
        "url": "https://intellisoft-consulting.github.io/igs/ChanjoKe-FHIR-IG/StructureDefinition/KenyanImmunization",
        "title": "KenyanImmunization"
      }
    ],
    "ImmunizationRecommendation": [
      {
        "url": "https://intellisoft-consulting.github.io/igs/ChanjoKe-FHIR-IG/StructureDefinition/KenyanImmunizationRecommendation",
        "title": "KenyanImmunizationRecommendation"
      }
    ],
    "Practitioner": [
      {
        "url": "https://intellisoft-consulting.github.io/igs/ChanjoKe-FHIR-IG/StructureDefinition/KenyanPractitioner",
        "title": "KenyanPractitioner"
      }
    ],
    "SupplyDelivery": [
      {
        "url": "https://intellisoft-consulting.github.io/igs/ChanjoKe-FHIR-IG/StructureDefinition/SupplyDeliveryProfile",
        "title": "SupplyDeliveryProfile"
      }
    ],
    "SupplyRequest": [
      {
        "url": "https://intellisoft-consulting.github.io/igs/ChanjoKe-FHIR-IG/StructureDefinition/SupplyRequestProfile",
        "title": "SupplyRequestProfile"
      }
    ],
    "Task": [
      {
        "url": "https://intellisoft-consulting.github.io/igs/ChanjoKe-FHIR-IG/StructureDefinition/TaskProfile",
        "title": "TaskProfile"
      }
    ],
    "Basic": [
      {
        "url": "https://intellisoft-consulting.github.io/igs/ChanjoKe-FHIR-IG/StructureDefinition/basic-profile",
        "title": "BasicProfile"
      }
    ]
  },
  "usage": {
    "http://hl7.org/fhir/StructureDefinition/elementdefinition-bestpractice": [
      "StructureDefinition.snapshot.element.constraint"
    ],
    "http://hl7.org/fhir/StructureDefinition/elementdefinition-bestpractice-explanation": [
      "StructureDefinition.snapshot.element.constraint"
    ],
    "http://hl7.org/fhir/StructureDefinition/elementdefinition-bindingName": [
      "StructureDefinition.snapshot.element.binding"
    ],
    "http://hl7.org/fhir/StructureDefinition/elementdefinition-identifier": [
      "vaccination-certificate-core-data-set",
      "vaccination-certificate-core-data-set.certificate",
      "vaccination-certificate-core-data-set.vaccination",
      "vaccination-certificate-vs",
      "vaccination-certificate-vs.certificate",
      "vaccination-certificate-vs.vaccination"
    ],
    "http://hl7.org/fhir/StructureDefinition/elementdefinition-maxValueSet": [
      "StructureDefinition.snapshot.element.binding"
    ],
    "http://hl7.org/fhir/StructureDefinition/elementdefinition-translatable": [
      "StructureDefinition.snapshot.element"
    ],
    "http://hl7.org/fhir/StructureDefinition/organization-period": [
      "vaccination-certificate-core-data-set.certificate",
      "vaccination-certificate-vs.certificate"
    ],
    "http://hl7.org/fhir/StructureDefinition/questionnaireresponse-signature": [
      "vaccination-certificate-core-data-set.vaccination",
      "vaccination-certificate-vs.vaccination"
    ],
    "http://hl7.org/fhir/StructureDefinition/structuredefinition-fhir-type": [
      "StructureDefinition.snapshot.element.type"
    ],
    "http://hl7.org/fhir/StructureDefinition/structuredefinition-hierarchy": [
      "StructureDefinition.snapshot.element.type"
    ],
    "http://hl7.org/fhir/tools/StructureDefinition/ig-internal-dependency": [
      "ImplementationGuide.definition"
    ],
    "http://hl7.org/fhir/tools/StructureDefinition/ig-page-name": [
      "ImplementationGuide.definition.page",
      "ImplementationGuide.definition.page.page"
    ],
    "http://hl7.org/fhir/tools/StructureDefinition/ig-parameter": [
      "ImplementationGuide.definition"
    ],
    "http://hl7.org/fhir/tools/StructureDefinition/implementationguide-dependency-comment": [
      "ImplementationGuide.dependsOn"
    ],
    "http://hl7.org/fhir/tools/StructureDefinition/implementationguide-resource-format": [
      "ImplementationGuide.definition.resource"
    ],
    "http://hl7.org/fhir/tools/StructureDefinition/logical-target": [
      "StructureDefinition"
    ],
    "http://hl7.org/fhir/tools/StructureDefinition/resource-information": [
      "ImplementationGuide.definition.resource"
    ],
    "https://intellisoft-consulting.github.io/igs/ChanjoKe-FHIR-IG/StructureDefinition/action-taken": [
      "AdverseEvent"
    ],
    "https://intellisoft-consulting.github.io/igs/ChanjoKe-FHIR-IG/StructureDefinition/aefi-outcome": [
      "AdverseEvent"
    ],
    "https://intellisoft-consulting.github.io/igs/ChanjoKe-FHIR-IG/StructureDefinition/allocated-quantity": [
      "SupplyDelivery"
    ],
    "https://intellisoft-consulting.github.io/igs/ChanjoKe-FHIR-IG/StructureDefinition/batch-number": [
      "SupplyDelivery"
    ],
    "https://intellisoft-consulting.github.io/igs/ChanjoKe-FHIR-IG/StructureDefinition/body-weight-extension": [
      "Immunization"
    ],
    "https://intellisoft-consulting.github.io/igs/ChanjoKe-FHIR-IG/StructureDefinition/certificate-Issue-Date": [
      "Immunization"
    ],
    "https://intellisoft-consulting.github.io/igs/ChanjoKe-FHIR-IG/StructureDefinition/certificate-Issued": [
      "Immunization"
    ],
    "https://intellisoft-consulting.github.io/igs/ChanjoKe-FHIR-IG/StructureDefinition/children": [
      "SupplyRequest"
    ],
    "https://intellisoft-consulting.github.io/igs/ChanjoKe-FHIR-IG/StructureDefinition/contraindication-to-vaccine": [
      "Immunization"
    ],
    "https://intellisoft-consulting.github.io/igs/ChanjoKe-FHIR-IG/StructureDefinition/date-of-last-order": [
      "SupplyRequest"
    ],
    "https://intellisoft-consulting.github.io/igs/ChanjoKe-FHIR-IG/StructureDefinition/date-received": [
      "SupplyDelivery"
    ],
    "https://intellisoft-consulting.github.io/igs/ChanjoKe-FHIR-IG/StructureDefinition/doses-in-stock": [
      "SupplyRequest"
    ],
    "https://intellisoft-consulting.github.io/igs/ChanjoKe-FHIR-IG/StructureDefinition/event-details": [
      "AdverseEvent"
    ],
    "https://intellisoft-consulting.github.io/igs/ChanjoKe-FHIR-IG/StructureDefinition/expected-date-of-next-order": [
      "SupplyRequest"
    ],
    "https://intellisoft-consulting.github.io/igs/ChanjoKe-FHIR-IG/StructureDefinition/expiry-date": [
      "SupplyDelivery"
    ],
    "https://intellisoft-consulting.github.io/igs/ChanjoKe-FHIR-IG/StructureDefinition/facility-reported": [
      "AdverseEvent"
    ],
    "https://intellisoft-consulting.github.io/igs/ChanjoKe-FHIR-IG/StructureDefinition/inventory-items": [
      "Basic"
    ],
    "https://intellisoft-consulting.github.io/igs/ChanjoKe-FHIR-IG/StructureDefinition/issue-date": [
      "SupplyDelivery"
    ],
    "https://intellisoft-consulting.github.io/igs/ChanjoKe-FHIR-IG/StructureDefinition/kenya-administrative-gender-extension": [
      "Practitioner"
    ],
    "https://intellisoft-consulting.github.io/igs/ChanjoKe-FHIR-IG/StructureDefinition/kenya-counties-extension": [
      "Patient",
      "Practitioner"
    ],
    "https://intellisoft-consulting.github.io/igs/ChanjoKe-FHIR-IG/StructureDefinition/kenya-health-worker-extension": [
      "Immunization"
    ],
    "https://intellisoft-consulting.github.io/igs/ChanjoKe-FHIR-IG/StructureDefinition/manufacturer-details": [
      "SupplyDelivery"
    ],
    "https://intellisoft-consulting.github.io/igs/ChanjoKe-FHIR-IG/StructureDefinition/maximum": [
      "SupplyRequest"
    ],
    "https://intellisoft-consulting.github.io/igs/ChanjoKe-FHIR-IG/StructureDefinition/minimum": [
      "SupplyRequest"
    ],
    "https://intellisoft-consulting.github.io/igs/ChanjoKe-FHIR-IG/StructureDefinition/new-vvm": [
      "SupplyDelivery"
    ],
    "https://intellisoft-consulting.github.io/igs/ChanjoKe-FHIR-IG/StructureDefinition/order-number": [
      "SupplyDelivery"
    ],
    "https://intellisoft-consulting.github.io/igs/ChanjoKe-FHIR-IG/StructureDefinition/ordered-amount": [
      "SupplyRequest"
    ],
    "https://intellisoft-consulting.github.io/igs/ChanjoKe-FHIR-IG/StructureDefinition/origin": [
      "SupplyDelivery"
    ],
    "https://intellisoft-consulting.github.io/igs/ChanjoKe-FHIR-IG/StructureDefinition/physical-count": [
      "SupplyDelivery"
    ],
    "https://intellisoft-consulting.github.io/igs/ChanjoKe-FHIR-IG/StructureDefinition/pregnant-women": [
      "SupplyRequest"
    ],
    "https://intellisoft-consulting.github.io/igs/ChanjoKe-FHIR-IG/StructureDefinition/previous-vvm": [
      "SupplyDelivery"
    ],
    "https://intellisoft-consulting.github.io/igs/ChanjoKe-FHIR-IG/StructureDefinition/products": [
      "Task"
    ],
    "https://intellisoft-consulting.github.io/igs/ChanjoKe-FHIR-IG/StructureDefinition/quantity-issued": [
      "SupplyDelivery"
    ],
    "https://intellisoft-consulting.github.io/igs/ChanjoKe-FHIR-IG/StructureDefinition/reaction-severity": [
      "AdverseEvent"
    ],
    "https://intellisoft-consulting.github.io/igs/ChanjoKe-FHIR-IG/StructureDefinition/reason-for-adjustment": [
      "SupplyDelivery"
    ],
    "https://intellisoft-consulting.github.io/igs/ChanjoKe-FHIR-IG/StructureDefinition/recommended-stock": [
      "SupplyRequest"
    ],
    "https://intellisoft-consulting.github.io/igs/ChanjoKe-FHIR-IG/StructureDefinition/remaining-quantity": [
      "SupplyDelivery"
    ],
    "https://intellisoft-consulting.github.io/igs/ChanjoKe-FHIR-IG/StructureDefinition/specimen-collected": [
      "AdverseEvent"
    ],
    "https://intellisoft-consulting.github.io/igs/ChanjoKe-FHIR-IG/StructureDefinition/specimen-details": [
      "AdverseEvent"
    ],
    "https://intellisoft-consulting.github.io/igs/ChanjoKe-FHIR-IG/StructureDefinition/stock-adjustment-date": [
      "SupplyDelivery"
    ],
    "https://intellisoft-consulting.github.io/igs/ChanjoKe-FHIR-IG/StructureDefinition/stock-location": [
      "SupplyDelivery"
    ],
    "https://intellisoft-consulting.github.io/igs/ChanjoKe-FHIR-IG/StructureDefinition/stock-origin": [
      "SupplyDelivery"
    ],
    "https://intellisoft-consulting.github.io/igs/ChanjoKe-FHIR-IG/StructureDefinition/stock-quantity": [
      "SupplyDelivery"
    ],
    "https://intellisoft-consulting.github.io/igs/ChanjoKe-FHIR-IG/StructureDefinition/total-population": [
      "SupplyRequest"
    ],
    "https://intellisoft-consulting.github.io/igs/ChanjoKe-FHIR-IG/StructureDefinition/treatment-details": [
      "AdverseEvent"
    ],
    "https://intellisoft-consulting.github.io/igs/ChanjoKe-FHIR-IG/StructureDefinition/treatment-given": [
      "AdverseEvent"
    ],
    "https://intellisoft-consulting.github.io/igs/ChanjoKe-FHIR-IG/StructureDefinition/types-of-aefi": [
      "AdverseEvent"
    ],
    "https://intellisoft-consulting.github.io/igs/ChanjoKe-FHIR-IG/StructureDefinition/vaccine": [
      "SupplyDelivery"
    ],
    "https://intellisoft-consulting.github.io/igs/ChanjoKe-FHIR-IG/StructureDefinition/vaccine-brand": [
      "Immunization"
    ],
    "https://intellisoft-consulting.github.io/igs/ChanjoKe-FHIR-IG/StructureDefinition/validity-endDate-certificate": [
      "Immunization"
    ],
    "https://intellisoft-consulting.github.io/igs/ChanjoKe-FHIR-IG/StructureDefinition/validity-startdate-certificate": [
      "Immunization"
    ],
    "https://intellisoft-consulting.github.io/igs/ChanjoKe-FHIR-IG/StructureDefinition/vvm-status": [
      "SupplyDelivery"
    ]
  }
}