<?xml version="1.0" encoding="UTF-8"?>

<ValueSet xmlns="http://hl7.org/fhir">
  <id value="DDCQRFormatCodesVS"/>
  <text>
    <status value="extensions"/><div xmlns="http://www.w3.org/1999/xhtml"><p class="res-header-id"><b>Generated Narrative: ValueSet DDCQRFormatCodesVS</b></p><a name="DDCQRFormatCodesVS"> </a><a name="hcDDCQRFormatCodesVS"> </a><a name="DDCQRFormatCodesVS-en-US"> </a><ul><li>Include these codes as defined in <a href="CodeSystem-DDCQRFormatCodes.html"><code>https://intellisoft-consulting.github.io/igs/ChanjoKe-FHIR-IG/CodeSystem/DDCQRFormatCodes</code></a><table class="none"><tr><td style="white-space:nowrap"><b>Code</b></td><td><b>Display</b></td><td><b>Definition</b></td></tr><tr><td><a href="CodeSystem-DDCQRFormatCodes.html#DDCQRFormatCodes-image">image</a></td><td style="color: #cccccc">http://smart.who.int/ddcc/CodeSystem/DDCC-QR-Format-CodeSystem</td><td>image</td></tr><tr><td><a href="CodeSystem-DDCQRFormatCodes.html#DDCQRFormatCodes-serialized">serialized</a></td><td style="color: #cccccc">http://smart.who.int/ddcc/CodeSystem/DDCC-QR-Format-CodeSystem</td><td>serialized</td></tr><tr><td><a href="CodeSystem-DDCQRFormatCodes.html#DDCQRFormatCodes-pdf">pdf</a></td><td style="color: #cccccc">http://smart.who.int/ddcc/CodeSystem/DDCC-QR-Format-CodeSystem</td><td>pdf</td></tr></table></li></ul></div>
  </text>
  <url value="https://intellisoft-consulting.github.io/igs/ChanjoKe-FHIR-IG/ValueSet/DDCQRFormatCodesVS"/>
  <version value="0.1.0"/>
  <name value="DDCQRFMTCodesVS"/>
  <title value="Digital Certificate Formats"/>
  <status value="draft"/>
  <experimental value="false"/>
  <date value="2024-08-27T20:30:12+00:00"/>
  <publisher value="Intellisoft Consulting Ltd"/>
  <contact>
    <name value="Intellisoft Consulting Ltd"/>
    <telecom>
      <system value="url"/>
      <value value="https://www.intellisoftkenya.com/"/>
    </telecom>
    <telecom>
      <system value="email"/>
      <value value="info[at]intellisoftkenya.com"/>
    </telecom>
  </contact>
  <description value="ValueSets for Digital Certificate Formats"/>
  <compose>
    <include>
      <system value="https://intellisoft-consulting.github.io/igs/ChanjoKe-FHIR-IG/CodeSystem/DDCQRFormatCodes"/>
      <concept>
        <code value="image"/>
      </concept>
      <concept>
        <code value="serialized"/>
      </concept>
      <concept>
        <code value="pdf"/>
      </concept>
    </include>
  </compose>
</ValueSet>