{
  "codeSystems" : [
    {
      "url" : "http://hl7.org/fhir/ValueSet/administrative-gender",
      "version" : "4.0.1",
      "status" : "active",
      "name" : "AdministrativeGender",
      "title" : "AdministrativeGender",
      "description" : "The gender of a person used for administrative purposes.",
      "systems" : ["http://hl7.org/fhir/administrative-gender"],
      "oids" : ["2.16.840.1.113883.4.642.3.1"],
      "sources" : ["2.16.840.1.113883.4.642.3.1"],
      "uses" : {
      },
      "StructureDefinition-DigitalCertificatePatient.html" : "DigitalCertificatePatient",
      "StructureDefinition-KenyanImmunizationRegistryPatient.html" : "KenyanImmunizationRegistryPatient",
      "StructureDefinition-KenyanPractitioner.html" : "KenyanPractitioner"
    },
    {
      "url" : "http://hl7.org/fhir/ValueSet/adverse-event-actuality",
      "version" : "4.0.1",
      "status" : "draft",
      "name" : "AdverseEventActuality",
      "title" : "AdverseEventActuality",
      "description" : "Overall nature of the adverse event, e.g. real or potential.",
      "systems" : ["http://hl7.org/fhir/adverse-event-actuality"],
      "oids" : ["2.16.840.1.113883.4.642.3.831"],
      "sources" : ["2.16.840.1.113883.4.642.3.831"],
      "uses" : {
      },
      "StructureDefinition-AdverseEventProfile.html" : "AdverseEventProfile"
    },
    {
      "url" : "http://hl7.org/fhir/ValueSet/adverse-event-category",
      "version" : "4.0.1",
      "status" : "draft",
      "name" : "AdverseEventCategory",
      "title" : "AdverseEventCategory",
      "description" : "Overall categorization of the event, e.g. product-related or situational.",
      "systems" : [
        "http://terminology.hl7.org/CodeSystem/adverse-event-category"
      ],
      "oids" : ["2.16.840.1.113883.4.642.3.833"],
      "sources" : ["2.16.840.1.113883.4.642.3.833"],
      "uses" : {
      },
      "StructureDefinition-AdverseEventProfile.html" : "AdverseEventProfile"
    },
    {
      "url" : "http://hl7.org/fhir/ValueSet/adverse-event-causality-assess",
      "version" : "4.0.1",
      "status" : "draft",
      "name" : "AdverseEventCausalityAssessment",
      "title" : "AdverseEventCausalityAssessment",
      "description" : "Codes for the assessment of whether the entity caused the event.",
      "systems" : [
        "http://terminology.hl7.org/CodeSystem/adverse-event-causality-assess"
      ],
      "oids" : ["2.16.840.1.113883.4.642.3.840"],
      "sources" : ["2.16.840.1.113883.4.642.3.840"],
      "uses" : {
      },
      "StructureDefinition-AdverseEventProfile.html" : "AdverseEventProfile"
    },
    {
      "url" : "http://hl7.org/fhir/ValueSet/adverse-event-causality-method",
      "version" : "4.0.1",
      "status" : "draft",
      "name" : "AdverseEventCausalityMethod",
      "title" : "AdverseEventCausalityMethod",
      "description" : "TODO.",
      "systems" : [
        "http://terminology.hl7.org/CodeSystem/adverse-event-causality-method"
      ],
      "oids" : ["2.16.840.1.113883.4.642.3.842"],
      "sources" : ["2.16.840.1.113883.4.642.3.842"],
      "uses" : {
      },
      "StructureDefinition-AdverseEventProfile.html" : "AdverseEventProfile"
    },
    {
      "url" : "http://hl7.org/fhir/ValueSet/adverse-event-outcome",
      "version" : "4.0.1",
      "status" : "draft",
      "name" : "AdverseEventOutcome",
      "title" : "AdverseEventOutcome",
      "description" : "TODO (and should this be required?).",
      "systems" : [
        "http://terminology.hl7.org/CodeSystem/adverse-event-outcome"
      ],
      "oids" : ["2.16.840.1.113883.4.642.3.836"],
      "sources" : ["2.16.840.1.113883.4.642.3.836"],
      "uses" : {
      },
      "StructureDefinition-AdverseEventProfile.html" : "AdverseEventProfile"
    },
    {
      "url" : "http://hl7.org/fhir/ValueSet/adverse-event-seriousness",
      "version" : "4.0.1",
      "status" : "draft",
      "name" : "AdverseEventSeriousness",
      "title" : "AdverseEventSeriousness",
      "description" : "Overall seriousness of this event for the patient.",
      "systems" : [
        "http://terminology.hl7.org/CodeSystem/adverse-event-seriousness"
      ],
      "oids" : ["2.16.840.1.113883.4.642.3.838"],
      "sources" : ["2.16.840.1.113883.4.642.3.838"],
      "uses" : {
      },
      "StructureDefinition-AdverseEventProfile.html" : "AdverseEventProfile"
    },
    {
      "url" : "http://hl7.org/fhir/ValueSet/adverse-event-severity",
      "version" : "4.0.1",
      "status" : "draft",
      "name" : "AdverseEventSeverity",
      "title" : "AdverseEventSeverity",
      "description" : "The severity of the adverse event itself, in direct relation to the subject.",
      "systems" : [
        "http://terminology.hl7.org/CodeSystem/adverse-event-severity"
      ],
      "oids" : ["2.16.840.1.113883.4.642.3.844"],
      "sources" : ["2.16.840.1.113883.4.642.3.844"],
      "uses" : {
      },
      "StructureDefinition-AdverseEventProfile.html" : "AdverseEventProfile"
    },
    {
      "url" : "http://hl7.org/fhir/ValueSet/adverse-event-type",
      "version" : "4.0.1",
      "status" : "draft",
      "name" : "SNOMEDCTClinicalFindings",
      "title" : "SNOMED CT Clinical Findings",
      "description" : "This value set includes all SNOMED CT Clinical Findings.",
      "systems" : ["http://snomed.info/sct"],
      "oids" : ["2.16.840.1.113883.4.642.3.835"],
      "sources" : ["2.16.840.1.113883.4.642.3.835"],
      "uses" : {
      },
      "StructureDefinition-AdverseEventProfile.html" : "AdverseEventProfile"
    },
    {
      "url" : "http://hl7.org/fhir/ValueSet/basic-resource-type",
      "version" : "4.0.1",
      "status" : "draft",
      "name" : "BasicResourceTypes",
      "title" : "Basic Resource Types",
      "description" : "This value set defines codes for resources not yet supported by (or which will never be supported by) FHIR.  Many of the codes listed here will eventually be turned into official resources.  However, there is no guarantee that any particular resource will be created nor that the scope will be exactly as defined by the codes presented here.  Codes in this set will be deprecated if/when formal resources are defined that encompass these concepts.",
      "systems" : ["http://terminology.hl7.org/CodeSystem/basic-resource-type"],
      "oids" : ["2.16.840.1.113883.4.642.3.138"],
      "sources" : ["2.16.840.1.113883.4.642.3.138"],
      "uses" : {
      },
      "StructureDefinition-basic-profile.html" : "BasicProfile"
    },
    {
      "url" : "http://hl7.org/fhir/ValueSet/body-site",
      "version" : "4.0.1",
      "status" : "draft",
      "name" : "SNOMEDCTBodyStructures",
      "title" : "SNOMED CT Body Structures",
      "description" : "This value set includes all codes from [SNOMED CT](http://snomed.info/sct) where concept is-a 442083009 (Anatomical or acquired body site (body structure)).",
      "systems" : ["http://snomed.info/sct"],
      "oids" : ["2.16.840.1.113883.4.642.3.141"],
      "sources" : ["2.16.840.1.113883.4.642.3.141"],
      "uses" : {
      },
      "StructureDefinition-DefaulterTracingRequest.html" : "DefaulterTracingRequest"
    },
    {
      "url" : "http://hl7.org/fhir/ValueSet/bundle-type",
      "version" : "4.0.1",
      "status" : "active",
      "name" : "BundleType",
      "title" : "BundleType",
      "description" : "Indicates the purpose of a bundle - how it is intended to be used.",
      "systems" : ["http://hl7.org/fhir/bundle-type"],
      "oids" : ["2.16.840.1.113883.4.642.3.620"],
      "sources" : ["2.16.840.1.113883.4.642.3.620"],
      "uses" : {
      },
      "StructureDefinition-DigitalCertificateDocument.html" : "DigitalCertificateDocument"
    },
    {
      "url" : "http://hl7.org/fhir/ValueSet/c80-doc-typecodes",
      "version" : "4.0.1",
      "status" : "active",
      "name" : "DocumentTypeValueSet",
      "title" : "Document Type Value Set",
      "description" : "This is the code specifying the precise type of document (e.g. Pulmonary History and  Physical, Discharge Summary, Ultrasound Report, etc.). The Document Type value set includes all LOINC  values listed in HITSP C80 Table 2-144 Document Class Value Set Definition above used for Document Class,  and all LOINC values whose SCALE is DOC in the LOINC database.",
      "systems" : ["http://loinc.org"],
      "oids" : ["2.16.840.1.113883.3.88.12.80.47"],
      "sources" : ["2.16.840.1.113883.3.88.12.80.47"],
      "uses" : {
      },
      "StructureDefinition-DigitalCertificateDocumentReference.html" : "DigitalCertificateDocumentReference",
      "StructureDefinition-DigitalCertificateDocumentReferenceQR.html" : "DigitalCertificateDocumentReferenceQR"
    },
    {
      "url" : "http://hl7.org/fhir/ValueSet/c80-facilitycodes",
      "version" : "4.0.1",
      "status" : "active",
      "name" : "FacilityTypeCodeValueSet",
      "title" : "Facility Type Code Value Set",
      "description" : "This is the code representing the type of organizational setting where the clinical encounter, service, interaction, or treatment occurred. The value set used for Healthcare Facility Type has been defined by HITSP to be the value set reproduced from HITSP C80 Table 2-147.",
      "systems" : ["http://snomed.info/sct"],
      "oids" : ["2.16.840.1.113883.3.88.12.80.67"],
      "sources" : ["2.16.840.1.113883.3.88.12.80.67"],
      "uses" : {
      },
      "StructureDefinition-DigitalCertificateDocumentReference.html" : "DigitalCertificateDocumentReference",
      "StructureDefinition-DigitalCertificateDocumentReferenceQR.html" : "DigitalCertificateDocumentReferenceQR"
    },
    {
      "url" : "http://hl7.org/fhir/ValueSet/c80-practice-codes",
      "version" : "4.0.1",
      "status" : "active",
      "name" : "PracticeSettingCodeValueSet",
      "title" : "Practice Setting Code Value Set",
      "description" : "This is the code representing the clinical specialty of the clinician or provider who interacted with, treated, or provided a service to/for the patient. The value set used for clinical specialty has been limited by HITSP to the value set reproduced from HITSP C80 Table 2-149 Clinical Specialty Value Set Definition.",
      "systems" : ["http://snomed.info/sct"],
      "oids" : ["2.16.840.1.113883.3.88.12.80.72"],
      "sources" : ["2.16.840.1.113883.3.88.12.80.72"],
      "uses" : {
      },
      "StructureDefinition-DigitalCertificateDocumentReference.html" : "DigitalCertificateDocumentReference",
      "StructureDefinition-DigitalCertificateDocumentReferenceQR.html" : "DigitalCertificateDocumentReferenceQR"
    },
    {
      "url" : "http://hl7.org/fhir/ValueSet/composition-attestation-mode",
      "version" : "4.0.1",
      "status" : "draft",
      "name" : "CompositionAttestationMode",
      "title" : "CompositionAttestationMode",
      "description" : "The way in which a person authenticated a composition.",
      "systems" : ["http://hl7.org/fhir/composition-attestation-mode"],
      "oids" : ["2.16.840.1.113883.4.642.3.238"],
      "sources" : ["2.16.840.1.113883.4.642.3.238"],
      "uses" : {
      },
      "StructureDefinition-DigitalCertificateComposition.html" : "DigitalCertificateComposition",
      "StructureDefinition-DigitalCertificateCompositionVaccinationStatus.html" : "DigitalCertificateCompositionVaccinationStatus"
    },
    {
      "url" : "http://hl7.org/fhir/ValueSet/composition-status",
      "version" : "4.0.1",
      "status" : "draft",
      "name" : "CompositionStatus",
      "title" : "CompositionStatus",
      "description" : "The workflow/clinical status of the composition.",
      "systems" : ["http://hl7.org/fhir/composition-status"],
      "oids" : ["2.16.840.1.113883.4.642.3.241"],
      "sources" : ["2.16.840.1.113883.4.642.3.241"],
      "uses" : {
      },
      "StructureDefinition-DigitalCertificateComposition.html" : "DigitalCertificateComposition",
      "StructureDefinition-DigitalCertificateDocumentReference.html" : "DigitalCertificateDocumentReference",
      "StructureDefinition-DigitalCertificateDocumentReferenceQR.html" : "DigitalCertificateDocumentReferenceQR",
      "StructureDefinition-DigitalCertificateCompositionVaccinationStatus.html" : "DigitalCertificateCompositionVaccinationStatus"
    },
    {
      "url" : "http://hl7.org/fhir/ValueSet/contact-point-system",
      "version" : "4.0.1",
      "status" : "active",
      "name" : "ContactPointSystem",
      "title" : "ContactPointSystem",
      "description" : "Telecommunications form for contact point.",
      "systems" : ["http://hl7.org/fhir/contact-point-system"],
      "oids" : ["2.16.840.1.113883.4.642.3.71"],
      "sources" : ["2.16.840.1.113883.4.642.3.71"],
      "uses" : {
      },
      "StructureDefinition-KenyanPractitioner.html" : "KenyanPractitioner"
    },
    {
      "url" : "http://hl7.org/fhir/ValueSet/contact-point-use",
      "version" : "4.0.1",
      "status" : "active",
      "name" : "ContactPointUse",
      "title" : "ContactPointUse",
      "description" : "Use of contact point.",
      "systems" : ["http://hl7.org/fhir/contact-point-use"],
      "oids" : ["2.16.840.1.113883.4.642.3.73"],
      "sources" : ["2.16.840.1.113883.4.642.3.73"],
      "uses" : {
      },
      "StructureDefinition-KenyanPractitioner.html" : "KenyanPractitioner"
    },
    {
      "url" : "http://hl7.org/fhir/ValueSet/contactentity-type",
      "version" : "4.0.1",
      "status" : "draft",
      "name" : "ContactEntityType",
      "title" : "Contact entity type",
      "description" : "This example value set defines a set of codes that can be used to indicate the purpose for which you would contact a contact party.",
      "systems" : ["http://terminology.hl7.org/CodeSystem/contactentity-type"],
      "oids" : ["2.16.840.1.113883.4.642.3.416"],
      "sources" : ["2.16.840.1.113883.4.642.3.416"],
      "uses" : {
      },
      "StructureDefinition-DigitalCertificateOrganization.html" : "DigitalCertificateOrganization"
    },
    {
      "url" : "http://hl7.org/fhir/ValueSet/doc-section-codes",
      "version" : "4.0.1",
      "status" : "draft",
      "name" : "DocumentSectionCodes",
      "title" : "Document Section Codes",
      "description" : "Document section codes (LOINC codes used in CCDA sections).",
      "systems" : ["http://loinc.org"],
      "oids" : ["2.16.840.1.113883.4.642.3.237"],
      "sources" : ["2.16.840.1.113883.4.642.3.237"],
      "uses" : {
      },
      "StructureDefinition-DigitalCertificateComposition.html" : "DigitalCertificateComposition",
      "StructureDefinition-DigitalCertificateCompositionVaccinationStatus.html" : "DigitalCertificateCompositionVaccinationStatus"
    },
    {
      "url" : "http://hl7.org/fhir/ValueSet/doc-typecodes",
      "version" : "4.0.1",
      "status" : "draft",
      "name" : "FHIRDocumentTypeCodes",
      "title" : "FHIR Document Type Codes",
      "description" : "FHIR Document Codes - all LOINC codes where scale type = 'DOC'.",
      "systems" : ["http://loinc.org"],
      "oids" : ["2.16.840.1.113883.4.642.3.240"],
      "sources" : ["2.16.840.1.113883.4.642.3.240"],
      "uses" : {
      },
      "StructureDefinition-DigitalCertificateComposition.html" : "DigitalCertificateComposition",
      "StructureDefinition-DigitalCertificateCompositionVaccinationStatus.html" : "DigitalCertificateCompositionVaccinationStatus"
    },
    {
      "url" : "http://hl7.org/fhir/ValueSet/document-classcodes",
      "version" : "4.0.1",
      "status" : "active",
      "name" : "DocumentClassValueSet",
      "title" : "Document Class Value Set",
      "description" : "This is the code specifying the high-level kind of document (e.g. Prescription, Discharge Summary, Report, etc.). Note: Class code for documents comes from LOINC, and is based upon one of the following:The type of service described by the document. It is described at a very high level in Section 7.3 of the LOINC Manual. The type study performed. It was determined by identifying modalities for study reports. The section of the chart where the document is placed. It was determined from the SETs created for Claims Attachment requests.",
      "systems" : ["http://loinc.org"],
      "oids" : ["2.16.840.1.113883.3.88.12.80.46"],
      "sources" : ["2.16.840.1.113883.3.88.12.80.46"],
      "uses" : {
      },
      "StructureDefinition-DigitalCertificateComposition.html" : "DigitalCertificateComposition",
      "StructureDefinition-DigitalCertificateDocumentReference.html" : "DigitalCertificateDocumentReference",
      "StructureDefinition-DigitalCertificateDocumentReferenceQR.html" : "DigitalCertificateDocumentReferenceQR",
      "StructureDefinition-DigitalCertificateCompositionVaccinationStatus.html" : "DigitalCertificateCompositionVaccinationStatus"
    },
    {
      "url" : "http://hl7.org/fhir/ValueSet/document-reference-status",
      "version" : "4.0.1",
      "status" : "draft",
      "name" : "DocumentReferenceStatus",
      "title" : "DocumentReferenceStatus",
      "description" : "The status of the document reference.",
      "systems" : ["http://hl7.org/fhir/document-reference-status"],
      "oids" : ["2.16.840.1.113883.4.642.3.7"],
      "sources" : ["2.16.840.1.113883.4.642.3.7"],
      "uses" : {
      },
      "StructureDefinition-DigitalCertificateDocumentReference.html" : "DigitalCertificateDocumentReference",
      "StructureDefinition-DigitalCertificateDocumentReferenceQR.html" : "DigitalCertificateDocumentReferenceQR"
    },
    {
      "url" : "http://hl7.org/fhir/ValueSet/document-relationship-type",
      "version" : "4.0.1",
      "status" : "draft",
      "name" : "DocumentRelationshipType",
      "title" : "DocumentRelationshipType",
      "description" : "The type of relationship between documents.",
      "systems" : ["http://hl7.org/fhir/document-relationship-type"],
      "oids" : ["2.16.840.1.113883.4.642.3.244"],
      "sources" : ["2.16.840.1.113883.4.642.3.244"],
      "uses" : {
      },
      "StructureDefinition-DigitalCertificateComposition.html" : "DigitalCertificateComposition",
      "StructureDefinition-DigitalCertificateDocumentReference.html" : "DigitalCertificateDocumentReference",
      "StructureDefinition-DigitalCertificateDocumentReferenceQR.html" : "DigitalCertificateDocumentReferenceQR",
      "StructureDefinition-DigitalCertificateCompositionVaccinationStatus.html" : "DigitalCertificateCompositionVaccinationStatus"
    },
    {
      "url" : "http://hl7.org/fhir/ValueSet/formatcodes",
      "version" : "4.0.1",
      "status" : "active",
      "name" : "DocumentReferenceFormatCodeSet",
      "title" : "DocumentReference Format Code Set",
      "description" : "The value set is defined to be the set of format codes defined by the IHE Technical Framework, and also including additional format codes defined by the    HL7. The value set is listed in HITSP C80 Table 2-153 Format Code Value Set Definition,    with additions published later by IHE as published    at http://wiki.ihe.net/index.php?title=IHE_Format_Codes   and with additions published later by HL7 as published at https://confluence.hl7.org/display/SD/Format+Codes+for+IHE+XDS.   This is the code specifying the technical format of the document. Along with the typeCode,    it should provide sufficient information to allow any potential document consumer to know    if it will be able to process the document. The code shall be sufficiently specific to    ensure processing/display by identifying a document encoding, structure and template. The actual list of codes here is incomplete",
      "systems" : ["http://ihe.net/fhir/ValueSet/IHE.FormatCode.codesystem"],
      "oids" : ["1.3.6.1.4.1.19376.1.2.7.1"],
      "sources" : ["1.3.6.1.4.1.19376.1.2.7.1"],
      "uses" : {
      },
      "StructureDefinition-DigitalCertificateDocumentReference.html" : "DigitalCertificateDocumentReference",
      "StructureDefinition-DigitalCertificateDocumentReferenceQR.html" : "DigitalCertificateDocumentReferenceQR"
    },
    {
      "url" : "http://hl7.org/fhir/ValueSet/http-verb",
      "version" : "4.0.1",
      "status" : "active",
      "name" : "HTTPVerb",
      "title" : "HTTPVerb",
      "description" : "HTTP verbs (in the HTTP command line). See [HTTP rfc](https://tools.ietf.org/html/rfc7231) for details.",
      "systems" : ["http://hl7.org/fhir/http-verb"],
      "oids" : ["2.16.840.1.113883.4.642.3.624"],
      "sources" : ["2.16.840.1.113883.4.642.3.624"],
      "uses" : {
      },
      "StructureDefinition-DigitalCertificateDocument.html" : "DigitalCertificateDocument"
    },
    {
      "url" : "http://hl7.org/fhir/ValueSet/identifier-type",
      "version" : "4.0.1",
      "status" : "active",
      "name" : "Identifier Type Codes",
      "title" : "IdentifierType",
      "description" : "A coded type for an identifier that can be used to determine which identifier to use for a specific purpose.",
      "systems" : ["http://terminology.hl7.org/CodeSystem/v2-0203"],
      "oids" : ["2.16.840.1.113883.4.642.3.45"],
      "sources" : ["2.16.840.1.113883.4.642.3.45"],
      "uses" : {
      },
      "StructureDefinition-SupplyRequestProfile.html" : "SupplyRequestProfile",
      "StructureDefinition-DigitalCertificatePatient.html" : "DigitalCertificatePatient",
      "StructureDefinition-KenyanImmunizationRegistryPatient.html" : "KenyanImmunizationRegistryPatient",
      "StructureDefinition-DigitalCertificateComposition.html" : "DigitalCertificateComposition",
      "StructureDefinition-KenyanPractitioner.html" : "KenyanPractitioner"
    },
    {
      "url" : "http://hl7.org/fhir/ValueSet/identifier-use",
      "version" : "4.0.1",
      "status" : "active",
      "name" : "IdentifierUse",
      "title" : "IdentifierUse",
      "description" : "Identifies the purpose for this identifier, if known .",
      "systems" : ["http://hl7.org/fhir/identifier-use"],
      "oids" : ["2.16.840.1.113883.4.642.3.57"],
      "sources" : ["2.16.840.1.113883.4.642.3.57"],
      "uses" : {
      },
      "StructureDefinition-SupplyRequestProfile.html" : "SupplyRequestProfile",
      "StructureDefinition-DigitalCertificatePatient.html" : "DigitalCertificatePatient",
      "StructureDefinition-KenyanImmunizationRegistryPatient.html" : "KenyanImmunizationRegistryPatient",
      "StructureDefinition-DigitalCertificateComposition.html" : "DigitalCertificateComposition",
      "StructureDefinition-KenyanPractitioner.html" : "KenyanPractitioner"
    },
    {
      "url" : "http://hl7.org/fhir/ValueSet/immunization-function",
      "version" : "4.0.1",
      "status" : "draft",
      "name" : "ImmunizationFunctionCodes",
      "title" : "Immunization Function Codes",
      "description" : "The value set to instantiate this attribute should be drawn from a terminologically robust code system that consists of or contains concepts to support describing the function a practitioner or organization may play in the immunization event. This value set is provided as a suggestive example.",
      "systems" : ["http://terminology.hl7.org/CodeSystem/v2-0443"],
      "oids" : ["2.16.840.1.113883.4.642.3.995"],
      "sources" : ["2.16.840.1.113883.4.642.3.995"],
      "uses" : {
      },
      "StructureDefinition-KenyanImmunization.html" : "KenyanImmunization"
    },
    {
      "url" : "http://hl7.org/fhir/ValueSet/immunization-funding-source",
      "version" : "4.0.1",
      "status" : "draft",
      "name" : "ImmunizationFundingSource",
      "title" : "Immunization Funding Source",
      "description" : "The value set to instantiate this attribute should be drawn from a terminologically robust code system that consists of or contains concepts to support describing the source of the vaccine administered. This value set is provided as a suggestive example.",
      "systems" : [
        "http://terminology.hl7.org/CodeSystem/immunization-funding-source"
      ],
      "oids" : ["2.16.840.1.113883.4.642.3.293"],
      "sources" : ["2.16.840.1.113883.4.642.3.293"],
      "uses" : {
      },
      "StructureDefinition-KenyanImmunization.html" : "KenyanImmunization"
    },
    {
      "url" : "http://hl7.org/fhir/ValueSet/immunization-origin",
      "version" : "4.0.1",
      "status" : "draft",
      "name" : "ImmunizationOriginCodes",
      "title" : "Immunization Origin Codes",
      "description" : "The value set to instantiate this attribute should be drawn from a terminologically robust code system that consists of or contains concepts to support describing the source of the data when the report of the immunization event is not based on information from the person, entity or organization who administered the vaccine. This value set is provided as a suggestive example.",
      "systems" : ["http://terminology.hl7.org/CodeSystem/immunization-origin"],
      "oids" : ["2.16.840.1.113883.4.642.3.296"],
      "sources" : ["2.16.840.1.113883.4.642.3.296"],
      "uses" : {
      },
      "StructureDefinition-KenyanImmunization.html" : "KenyanImmunization"
    },
    {
      "url" : "http://hl7.org/fhir/ValueSet/immunization-program-eligibility",
      "version" : "4.0.1",
      "status" : "draft",
      "name" : "ImmunizationProgramEligibility",
      "title" : "Immunization Program Eligibility",
      "description" : "The value set to instantiate this attribute should be drawn from a terminologically robust code system that consists of or contains concepts to support describing the patient's eligibility for a vaccination program. This value set is provided as a suggestive example.",
      "systems" : [
        "http://terminology.hl7.org/CodeSystem/immunization-program-eligibility"
      ],
      "oids" : ["2.16.840.1.113883.4.642.3.291"],
      "sources" : ["2.16.840.1.113883.4.642.3.291"],
      "uses" : {
      },
      "StructureDefinition-KenyanImmunization.html" : "KenyanImmunization"
    },
    {
      "url" : "http://hl7.org/fhir/ValueSet/immunization-reason",
      "version" : "4.0.1",
      "status" : "draft",
      "name" : "ImmunizationReasonCodes",
      "title" : "Immunization Reason Codes",
      "description" : "The value set to instantiate this attribute should be drawn from a terminologically robust code system that consists of or contains concepts to support describing the reason why a dose of vaccine was administered. This value set is provided as a suggestive example.",
      "systems" : ["http://snomed.info/sct"],
      "oids" : ["2.16.840.1.113883.4.642.3.290"],
      "sources" : ["2.16.840.1.113883.4.642.3.290"],
      "uses" : {
      },
      "StructureDefinition-KenyanImmunization.html" : "KenyanImmunization"
    },
    {
      "url" : "http://hl7.org/fhir/ValueSet/immunization-recommendation-date-criterion",
      "version" : "4.0.1",
      "status" : "draft",
      "name" : "ImmunizationRecommendationDateCriterionCodes",
      "title" : "Immunization Recommendation Date Criterion Codes",
      "description" : "The value set to instantiate this attribute should be drawn from a terminologically robust code system that consists of or contains concepts to support the definition of dates relevant to recommendations for future doses of vaccines. This value set is provided as a suggestive example.",
      "systems" : ["http://loinc.org"],
      "oids" : ["2.16.840.1.113883.4.642.3.308"],
      "sources" : ["2.16.840.1.113883.4.642.3.308"],
      "uses" : {
      },
      "StructureDefinition-KenyanImmunizationRecommendation.html" : "KenyanImmunizationRecommendation"
    },
    {
      "url" : "http://hl7.org/fhir/ValueSet/immunization-recommendation-reason",
      "version" : "4.0.1",
      "status" : "draft",
      "name" : "ImmunizationRecommendationReasonCodes",
      "title" : "Immunization Recommendation Reason Codes",
      "description" : "The value set to instantiate this attribute should be drawn from a terminologically robust code system that consists of or contains concepts to support describing the reasons why a given recommendation status is assigned. This value set is provided as a suggestive example and includes SNOMED CT concepts.",
      "systems" : ["http://snomed.info/sct"],
      "oids" : ["2.16.840.1.113883.4.642.3.307"],
      "sources" : ["2.16.840.1.113883.4.642.3.307"],
      "uses" : {
      },
      "StructureDefinition-KenyanImmunizationRecommendation.html" : "KenyanImmunizationRecommendation"
    },
    {
      "url" : "http://hl7.org/fhir/ValueSet/immunization-recommendation-status",
      "version" : "4.0.1",
      "status" : "draft",
      "name" : "ImmunizationRecommendationStatusCodes",
      "title" : "Immunization Recommendation Status Codes",
      "description" : "The value set to instantiate this attribute should be drawn from a terminologically robust code system that consists of or contains concepts to support describing the status of the patient towards perceived immunity against a vaccine preventable disease. This value set is provided as a suggestive example.",
      "systems" : [
        "http://terminology.hl7.org/CodeSystem/immunization-recommendation-status"
      ],
      "oids" : ["2.16.840.1.113883.4.642.3.305"],
      "sources" : ["2.16.840.1.113883.4.642.3.305"],
      "uses" : {
      },
      "StructureDefinition-KenyanImmunizationRecommendation.html" : "KenyanImmunizationRecommendation"
    },
    {
      "url" : "http://hl7.org/fhir/ValueSet/immunization-recommendation-target-disease",
      "version" : "4.0.1",
      "status" : "draft",
      "name" : "ImmunizationRecommendationTargetDiseaseCodes",
      "title" : "Immunization Recommendation Target Disease Codes",
      "description" : "The value set to instantiate this attribute should be drawn from a terminologically robust code system that consists of or contains concepts to support describing the disease targeted by a vaccination recommendation. This value set is provided as a suggestive example and includes the SNOMED CT concepts from the 64572001 (Disease) hierarchy.",
      "systems" : ["http://snomed.info/sct"],
      "oids" : ["2.16.840.1.113883.4.642.3.309"],
      "sources" : ["2.16.840.1.113883.4.642.3.309"],
      "uses" : {
      },
      "StructureDefinition-KenyanImmunizationRecommendation.html" : "KenyanImmunizationRecommendation"
    },
    {
      "url" : "http://hl7.org/fhir/ValueSet/immunization-route",
      "version" : "4.0.1",
      "status" : "draft",
      "name" : "ImmunizationRouteCodes",
      "title" : "Immunization Route Codes",
      "description" : "The value set to instantiate this attribute should be drawn from a terminologically robust code system that consists of or contains concepts to support describing the administrative routes used during vaccination. This value set is provided as a suggestive example.",
      "systems" : [
        "http://terminology.hl7.org/CodeSystem/v3-RouteOfAdministration"
      ],
      "oids" : ["2.16.840.1.113883.4.642.3.289"],
      "sources" : ["2.16.840.1.113883.4.642.3.289"],
      "uses" : {
      },
      "StructureDefinition-KenyanImmunization.html" : "KenyanImmunization"
    },
    {
      "url" : "http://hl7.org/fhir/ValueSet/immunization-site",
      "version" : "4.0.1",
      "status" : "draft",
      "name" : "CodesForImmunizationSiteOfAdministration",
      "title" : "Codes for Immunization Site of Administration",
      "description" : "The value set to instantiate this attribute should be drawn from a terminologically robust code system that consists of or contains concepts to support describing the body site where the vaccination occurred. This value set is provided as a suggestive example.",
      "systems" : ["http://terminology.hl7.org/CodeSystem/v3-ActSite"],
      "oids" : ["2.16.840.1.113883.4.642.3.288"],
      "sources" : ["2.16.840.1.113883.4.642.3.288"],
      "uses" : {
      },
      "StructureDefinition-KenyanImmunization.html" : "KenyanImmunization"
    },
    {
      "url" : "http://hl7.org/fhir/ValueSet/immunization-status",
      "version" : "4.0.1",
      "status" : "draft",
      "name" : "ImmunizationStatusCodes",
      "title" : "Immunization Status Codes",
      "description" : "The value set to instantiate this attribute should be drawn from a terminologically robust code system that consists of or contains concepts to support describing the current status of the administered dose of vaccine.",
      "systems" : ["http://hl7.org/fhir/event-status"],
      "oids" : ["2.16.840.1.113883.4.642.3.295"],
      "sources" : ["2.16.840.1.113883.4.642.3.295"],
      "uses" : {
      },
      "StructureDefinition-KenyanImmunization.html" : "KenyanImmunization"
    },
    {
      "url" : "http://hl7.org/fhir/ValueSet/immunization-subpotent-reason",
      "version" : "4.0.1",
      "status" : "draft",
      "name" : "ImmunizationSubpotentReason",
      "title" : "Immunization Subpotent Reason",
      "description" : "The value set to instantiate this attribute should be drawn from a terminologically robust code system that consists of or contains concepts to support describing the reason why a dose is considered to be subpotent. This value set is provided as a suggestive example.",
      "systems" : [
        "http://terminology.hl7.org/CodeSystem/immunization-subpotent-reason"
      ],
      "oids" : ["2.16.840.1.113883.4.642.3.993"],
      "sources" : ["2.16.840.1.113883.4.642.3.993"],
      "uses" : {
      },
      "StructureDefinition-KenyanImmunization.html" : "KenyanImmunization"
    },
    {
      "url" : "http://hl7.org/fhir/ValueSet/immunization-target-disease",
      "version" : "4.0.1",
      "status" : "draft",
      "name" : "ImmunizationTargetDiseaseCodes",
      "title" : "Immunization Target Disease Codes",
      "description" : "The value set to instantiate this attribute should be drawn from a terminologically robust code system that consists of or contains concepts to support describing the disease that the dose is being administered against. This value set is provided as a suggestive example and includes the SNOMED CT concepts from the 64572001 (Disease) hierarchy.",
      "systems" : ["http://snomed.info/sct"],
      "oids" : ["2.16.840.1.113883.4.642.3.1047"],
      "sources" : ["2.16.840.1.113883.4.642.3.1047"],
      "uses" : {
      },
      "StructureDefinition-KenyanImmunization.html" : "KenyanImmunization"
    },
    {
      "url" : "http://hl7.org/fhir/ValueSet/languages",
      "version" : "4.0.1",
      "status" : "draft",
      "name" : "CommonLanguages",
      "title" : "Common Languages",
      "description" : "This value set includes common codes from BCP-47 (http://tools.ietf.org/html/bcp47)",
      "systems" : ["urn:ietf:bcp:47"],
      "oids" : ["2.16.840.1.113883.4.642.3.20"],
      "sources" : ["2.16.840.1.113883.4.642.3.20"],
      "uses" : {
      },
      "StructureDefinition-DigitalCertificateDocumentFolder.html" : "DigitalCertificateDocumentFolder",
      "StructureDefinition-DigitalCertificateOrganization.html" : "DigitalCertificateOrganization",
      "StructureDefinition-DigitalCertificatePatient.html" : "DigitalCertificatePatient",
      "StructureDefinition-AdverseEventProfile.html" : "AdverseEventProfile",
      "StructureDefinition-KenyanImmunizationRegistryPatient.html" : "KenyanImmunizationRegistryPatient",
      "StructureDefinition-DefaulterTracingRequest.html" : "DefaulterTracingRequest",
      "StructureDefinition-DigitalCertificateComposition.html" : "DigitalCertificateComposition",
      "StructureDefinition-SupplyDeliveryProfile.html" : "SupplyDeliveryProfile",
      "StructureDefinition-KenyanPractitioner.html" : "KenyanPractitioner",
      "StructureDefinition-DigitalCertificateDocument.html" : "DigitalCertificateDocument",
      "StructureDefinition-DigitalCertificateDocumentReferenceQR.html" : "DigitalCertificateDocumentReferenceQR",
      "StructureDefinition-SupplyRequestProfile.html" : "SupplyRequestProfile",
      "StructureDefinition-KenyanImmunizationRecommendation.html" : "KenyanImmunizationRecommendation",
      "StructureDefinition-KenyanImmunization.html" : "KenyanImmunization",
      "StructureDefinition-TaskProfile.html" : "TaskProfile",
      "StructureDefinition-DigitalCertificateDocumentReference.html" : "DigitalCertificateDocumentReference",
      "StructureDefinition-basic-profile.html" : "BasicProfile",
      "StructureDefinition-DigitalCertificateCompositionVaccinationStatus.html" : "DigitalCertificateCompositionVaccinationStatus"
    },
    {
      "url" : "http://hl7.org/fhir/ValueSet/link-type",
      "version" : "4.0.1",
      "status" : "active",
      "name" : "LinkType",
      "title" : "LinkType",
      "description" : "The type of link between this patient resource and another patient resource.",
      "systems" : ["http://hl7.org/fhir/link-type"],
      "oids" : ["2.16.840.1.113883.4.642.3.423"],
      "sources" : ["2.16.840.1.113883.4.642.3.423"],
      "uses" : {
      },
      "StructureDefinition-DigitalCertificatePatient.html" : "DigitalCertificatePatient",
      "StructureDefinition-KenyanImmunizationRegistryPatient.html" : "KenyanImmunizationRegistryPatient"
    },
    {
      "url" : "http://hl7.org/fhir/ValueSet/list-empty-reason",
      "version" : "4.0.1",
      "status" : "draft",
      "name" : "ListEmptyReasons",
      "title" : "List Empty Reasons",
      "description" : "General reasons for a list to be empty. Reasons are either related to a summary list (i.e. problem or medication list) or to a workflow related list (i.e. consultation list).",
      "systems" : ["http://terminology.hl7.org/CodeSystem/list-empty-reason"],
      "oids" : ["2.16.840.1.113883.4.642.3.322"],
      "sources" : ["2.16.840.1.113883.4.642.3.322"],
      "uses" : {
      },
      "StructureDefinition-DigitalCertificateDocumentFolder.html" : "DigitalCertificateDocumentFolder",
      "StructureDefinition-DigitalCertificateComposition.html" : "DigitalCertificateComposition",
      "StructureDefinition-DigitalCertificateCompositionVaccinationStatus.html" : "DigitalCertificateCompositionVaccinationStatus"
    },
    {
      "url" : "http://hl7.org/fhir/ValueSet/list-example-codes",
      "version" : "4.0.1",
      "status" : "draft",
      "name" : "ExampleUseCodesForList",
      "title" : "Example Use Codes for List",
      "description" : "Example use codes for the List resource - typical kinds of use.",
      "systems" : [
        "http://terminology.hl7.org/CodeSystem/list-example-use-codes"
      ],
      "oids" : ["2.16.840.1.113883.4.642.3.316"],
      "sources" : ["2.16.840.1.113883.4.642.3.316"],
      "uses" : {
      },
      "StructureDefinition-DigitalCertificateDocumentFolder.html" : "DigitalCertificateDocumentFolder"
    },
    {
      "url" : "http://hl7.org/fhir/ValueSet/list-item-flag",
      "version" : "4.0.1",
      "status" : "draft",
      "name" : "PatientMedicineChangeTypes",
      "title" : "Patient Medicine Change Types",
      "description" : "Example Item Flags for the List Resource. In this case, these are the kind of flags that would be used on a medication list at the end of a consultation.",
      "systems" : ["urn:oid:1.2.36.1.2001.1001.101.104.16592"],
      "oids" : ["2.16.840.1.113883.4.642.3.320"],
      "sources" : ["2.16.840.1.113883.4.642.3.320"],
      "uses" : {
      },
      "StructureDefinition-DigitalCertificateDocumentFolder.html" : "DigitalCertificateDocumentFolder"
    },
    {
      "url" : "http://hl7.org/fhir/ValueSet/list-mode",
      "version" : "4.0.1",
      "status" : "draft",
      "name" : "ListMode",
      "title" : "ListMode",
      "description" : "The processing mode that applies to this list.",
      "systems" : ["http://hl7.org/fhir/list-mode"],
      "oids" : ["2.16.840.1.113883.4.642.3.318"],
      "sources" : ["2.16.840.1.113883.4.642.3.318"],
      "uses" : {
      },
      "StructureDefinition-DigitalCertificateDocumentFolder.html" : "DigitalCertificateDocumentFolder",
      "StructureDefinition-DigitalCertificateComposition.html" : "DigitalCertificateComposition",
      "StructureDefinition-DigitalCertificateCompositionVaccinationStatus.html" : "DigitalCertificateCompositionVaccinationStatus"
    },
    {
      "url" : "http://hl7.org/fhir/ValueSet/list-order",
      "version" : "4.0.1",
      "status" : "draft",
      "name" : "ListOrderCodes",
      "title" : "List Order Codes",
      "description" : "Base values for the order of the items in a list resource.",
      "systems" : ["http://terminology.hl7.org/CodeSystem/list-order"],
      "oids" : ["2.16.840.1.113883.4.642.3.324"],
      "sources" : ["2.16.840.1.113883.4.642.3.324"],
      "uses" : {
      },
      "StructureDefinition-DigitalCertificateDocumentFolder.html" : "DigitalCertificateDocumentFolder",
      "StructureDefinition-DigitalCertificateComposition.html" : "DigitalCertificateComposition",
      "StructureDefinition-DigitalCertificateCompositionVaccinationStatus.html" : "DigitalCertificateCompositionVaccinationStatus"
    },
    {
      "url" : "http://hl7.org/fhir/ValueSet/list-status",
      "version" : "4.0.1",
      "status" : "draft",
      "name" : "ListStatus",
      "title" : "ListStatus",
      "description" : "The current state of the list.",
      "systems" : ["http://hl7.org/fhir/list-status"],
      "oids" : ["2.16.840.1.113883.4.642.3.326"],
      "sources" : ["2.16.840.1.113883.4.642.3.326"],
      "uses" : {
      },
      "StructureDefinition-DigitalCertificateDocumentFolder.html" : "DigitalCertificateDocumentFolder"
    },
    {
      "url" : "http://hl7.org/fhir/ValueSet/marital-status",
      "version" : "4.0.1",
      "status" : "active",
      "name" : "Marital Status Codes",
      "title" : "MaritalStatus",
      "description" : "This value set defines the set of codes that can be used to indicate the marital status of a person.",
      "systems" : [
        "http://terminology.hl7.org/CodeSystem/v3-MaritalStatus",
        "http://terminology.hl7.org/CodeSystem/v3-NullFlavor"
      ],
      "oids" : ["2.16.840.1.113883.4.642.3.29"],
      "sources" : ["2.16.840.1.113883.4.642.3.29"],
      "uses" : {
      },
      "StructureDefinition-DigitalCertificatePatient.html" : "DigitalCertificatePatient",
      "StructureDefinition-KenyanImmunizationRegistryPatient.html" : "KenyanImmunizationRegistryPatient"
    },
    {
      "url" : "http://hl7.org/fhir/ValueSet/medication-as-needed-reason",
      "version" : "4.0.1",
      "status" : "draft",
      "name" : "SNOMEDCTMedicationAsNeededReasonCodes",
      "title" : "SNOMED CT Medication As Needed Reason Codes",
      "description" : "This value set includes all clinical findings from SNOMED CT - provided as an exemplar value set.",
      "systems" : ["http://snomed.info/sct"],
      "oids" : ["2.16.840.1.113883.4.642.3.96"],
      "sources" : ["2.16.840.1.113883.4.642.3.96"],
      "uses" : {
      },
      "StructureDefinition-DefaulterTracingRequest.html" : "DefaulterTracingRequest"
    },
    {
      "url" : "http://hl7.org/fhir/ValueSet/mimetypes",
      "version" : "4.0.1",
      "status" : "active",
      "name" : "Mime Types",
      "title" : "MimeType",
      "description" : "This value set includes all possible codes from BCP-13 (http://tools.ietf.org/html/bcp13)",
      "systems" : ["urn:ietf:bcp:13"],
      "oids" : ["2.16.840.1.113883.4.642.3.1024"],
      "sources" : ["2.16.840.1.113883.4.642.3.1024"],
      "uses" : {
      },
      "StructureDefinition-DigitalCertificateDocumentReference.html" : "DigitalCertificateDocumentReference",
      "StructureDefinition-DigitalCertificateDocumentReferenceQR.html" : "DigitalCertificateDocumentReferenceQR"
    },
    {
      "url" : "http://hl7.org/fhir/ValueSet/name-use",
      "version" : "4.0.1",
      "status" : "active",
      "name" : "NameUse",
      "title" : "NameUse",
      "description" : "The use of a human name.",
      "systems" : ["http://hl7.org/fhir/name-use"],
      "oids" : ["2.16.840.1.113883.4.642.3.65"],
      "sources" : ["2.16.840.1.113883.4.642.3.65"],
      "uses" : {
      },
      "StructureDefinition-DigitalCertificatePatient.html" : "DigitalCertificatePatient",
      "StructureDefinition-KenyanImmunizationRegistryPatient.html" : "KenyanImmunizationRegistryPatient",
      "StructureDefinition-KenyanPractitioner.html" : "KenyanPractitioner"
    },
    {
      "url" : "http://hl7.org/fhir/ValueSet/organization-type",
      "version" : "4.0.1",
      "status" : "draft",
      "name" : "OrganizationType",
      "title" : "Organization type",
      "description" : "This example value set defines a set of codes that can be used to indicate a type of organization.",
      "systems" : ["http://terminology.hl7.org/CodeSystem/organization-type"],
      "oids" : ["2.16.840.1.113883.4.642.3.414"],
      "sources" : ["2.16.840.1.113883.4.642.3.414"],
      "uses" : {
      },
      "StructureDefinition-DigitalCertificateOrganization.html" : "DigitalCertificateOrganization"
    },
    {
      "url" : "http://hl7.org/fhir/ValueSet/participant-role",
      "version" : "4.0.1",
      "status" : "draft",
      "name" : "ParticipantRoles",
      "title" : "Participant Roles",
      "description" : "Roles of participants that may be included in a care team.  Defined as: Is a Person, Healthcare professional (occupation) or Healthcare related organization (qualifier value).",
      "systems" : ["http://snomed.info/sct"],
      "oids" : ["2.16.840.1.113883.4.642.3.152"],
      "sources" : ["2.16.840.1.113883.4.642.3.152"],
      "uses" : {
      },
      "StructureDefinition-DefaulterTracingRequest.html" : "DefaulterTracingRequest"
    },
    {
      "url" : "http://hl7.org/fhir/ValueSet/patient-contactrelationship",
      "version" : "4.0.1",
      "status" : "active",
      "name" : "PatientContactRelationship",
      "title" : "Patient Contact Relationship ",
      "description" : "The nature of the relationship between the patient and the contact person.",
      "systems" : ["http://terminology.hl7.org/CodeSystem/v2-0131"],
      "oids" : ["2.16.840.1.113883.4.642.3.1130"],
      "sources" : ["2.16.840.1.113883.4.642.3.1130"],
      "uses" : {
      },
      "StructureDefinition-DigitalCertificatePatient.html" : "DigitalCertificatePatient"
    },
    {
      "url" : "http://hl7.org/fhir/ValueSet/performer-role",
      "version" : "4.0.1",
      "status" : "draft",
      "name" : "ProcedurePerformerRoleCodes",
      "title" : "Procedure Performer Role Codes",
      "description" : "This example value set defines the set of codes that can be used to indicate a role of a procedure performer.",
      "systems" : ["http://snomed.info/sct"],
      "oids" : ["2.16.840.1.113883.4.642.3.433"],
      "sources" : ["2.16.840.1.113883.4.642.3.433"],
      "uses" : {
      },
      "StructureDefinition-TaskProfile.html" : "TaskProfile"
    },
    {
      "url" : "http://hl7.org/fhir/ValueSet/procedure-code",
      "version" : "4.0.1",
      "status" : "draft",
      "name" : "ProcedureCodes(SNOMEDCT)",
      "title" : "Procedure Codes (SNOMED CT)",
      "description" : "Procedure Code: All SNOMED CT procedure codes.",
      "systems" : ["http://snomed.info/sct"],
      "oids" : ["2.16.840.1.113883.4.642.3.427"],
      "sources" : ["2.16.840.1.113883.4.642.3.427"],
      "uses" : {
      },
      "StructureDefinition-DefaulterTracingRequest.html" : "DefaulterTracingRequest"
    },
    {
      "url" : "http://hl7.org/fhir/ValueSet/procedure-reason",
      "version" : "4.0.1",
      "status" : "draft",
      "name" : "ProcedureReasonCodes",
      "title" : "Procedure Reason Codes",
      "description" : "This example value set defines the set of codes that can be used to indicate a reason for a procedure.",
      "systems" : ["http://snomed.info/sct"],
      "oids" : ["2.16.840.1.113883.4.642.3.432"],
      "sources" : ["2.16.840.1.113883.4.642.3.432"],
      "uses" : {
      },
      "StructureDefinition-DefaulterTracingRequest.html" : "DefaulterTracingRequest"
    },
    {
      "url" : "http://hl7.org/fhir/ValueSet/request-intent",
      "version" : "4.0.1",
      "status" : "draft",
      "name" : "RequestIntent",
      "title" : "RequestIntent",
      "description" : "Codes indicating the degree of authority/intentionality associated with a request.",
      "systems" : ["http://hl7.org/fhir/request-intent"],
      "oids" : ["2.16.840.1.113883.4.642.3.113"],
      "sources" : ["2.16.840.1.113883.4.642.3.113"],
      "uses" : {
      },
      "StructureDefinition-DefaulterTracingRequest.html" : "DefaulterTracingRequest"
    },
    {
      "url" : "http://hl7.org/fhir/ValueSet/request-priority",
      "version" : "4.0.1",
      "status" : "draft",
      "name" : "RequestPriority",
      "title" : "Request priority",
      "description" : "The clinical priority of a diagnostic order.",
      "systems" : ["http://hl7.org/fhir/request-priority"],
      "oids" : ["2.16.840.1.113883.4.642.3.115"],
      "sources" : ["2.16.840.1.113883.4.642.3.115"],
      "uses" : {
      },
      "StructureDefinition-SupplyRequestProfile.html" : "SupplyRequestProfile",
      "StructureDefinition-TaskProfile.html" : "TaskProfile",
      "StructureDefinition-DefaulterTracingRequest.html" : "DefaulterTracingRequest"
    },
    {
      "url" : "http://hl7.org/fhir/ValueSet/request-status",
      "version" : "4.0.1",
      "status" : "draft",
      "name" : "RequestStatus",
      "title" : "RequestStatus",
      "description" : "Codes identifying the lifecycle stage of a request.",
      "systems" : ["http://hl7.org/fhir/request-status"],
      "oids" : ["2.16.840.1.113883.4.642.3.111"],
      "sources" : ["2.16.840.1.113883.4.642.3.111"],
      "uses" : {
      },
      "StructureDefinition-DefaulterTracingRequest.html" : "DefaulterTracingRequest"
    },
    {
      "url" : "http://hl7.org/fhir/ValueSet/resource-types",
      "version" : "4.0.1",
      "status" : "active",
      "name" : "ResourceType",
      "title" : "ResourceType",
      "description" : "One of the resource types defined as part of this version of FHIR.",
      "systems" : ["http://hl7.org/fhir/resource-types"],
      "oids" : ["2.16.840.1.113883.4.642.3.27"],
      "sources" : ["2.16.840.1.113883.4.642.3.27"],
      "uses" : {
      },
      "StructureDefinition-DigitalCertificateDocumentFolder.html" : "DigitalCertificateDocumentFolder",
      "StructureDefinition-KenyanImmunization.html" : "KenyanImmunization",
      "StructureDefinition-DefaulterTracingRequest.html" : "DefaulterTracingRequest",
      "StructureDefinition-DigitalCertificateComposition.html" : "DigitalCertificateComposition"
    },
    {
      "url" : "http://hl7.org/fhir/ValueSet/search-entry-mode",
      "version" : "4.0.1",
      "status" : "active",
      "name" : "SearchEntryMode",
      "title" : "SearchEntryMode",
      "description" : "Why an entry is in the result set - whether it's included as a match or because of an _include requirement, or to convey information or warning information about the search process.",
      "systems" : ["http://hl7.org/fhir/search-entry-mode"],
      "oids" : ["2.16.840.1.113883.4.642.3.622"],
      "sources" : ["2.16.840.1.113883.4.642.3.622"],
      "uses" : {
      },
      "StructureDefinition-DigitalCertificateDocument.html" : "DigitalCertificateDocument"
    },
    {
      "url" : "http://hl7.org/fhir/ValueSet/security-labels",
      "version" : "4.0.1",
      "status" : "active",
      "name" : "All Security Labels",
      "title" : "SecurityLabels",
      "description" : "A single value set for all security labels defined by FHIR.",
      "systems" : [
        "http://terminology.hl7.org/CodeSystem/v3-ActReason",
        "http://terminology.hl7.org/CodeSystem/v3-ActUSPrivacyLaw",
        "http://terminology.hl7.org/CodeSystem/v3-ObservationValue",
        "http://terminology.hl7.org/CodeSystem/v3-ActCode",
        "http://terminology.hl7.org/CodeSystem/v3-Confidentiality"
      ],
      "oids" : ["2.16.840.1.113883.4.642.3.47"],
      "sources" : ["2.16.840.1.113883.4.642.3.47"],
      "uses" : {
      },
      "StructureDefinition-DigitalCertificateDocumentReference.html" : "DigitalCertificateDocumentReference",
      "StructureDefinition-DigitalCertificateDocumentReferenceQR.html" : "DigitalCertificateDocumentReferenceQR"
    },
    {
      "url" : "http://hl7.org/fhir/ValueSet/servicerequest-orderdetail",
      "version" : "4.0.1",
      "status" : "draft",
      "name" : "ServiceRequestOrderDetailsCodes",
      "title" : "Service Request Order Details Codes",
      "description" : "An example value set of Codified order entry details concepts.  These concepts only make sense in the context of what is being ordered.  This example is for a patient ventilation order",
      "systems" : ["http://snomed.info/sct"],
      "oids" : ["2.16.840.1.113883.4.642.3.435"],
      "sources" : ["2.16.840.1.113883.4.642.3.435"],
      "uses" : {
      },
      "StructureDefinition-DefaulterTracingRequest.html" : "DefaulterTracingRequest"
    },
    {
      "url" : "http://hl7.org/fhir/ValueSet/supply-item",
      "version" : "4.0.1",
      "status" : "draft",
      "name" : "SNOMEDCTSupplyItem",
      "title" : "SNOMED CT Supply Item",
      "description" : "This value set includes [SNOMED CT](http://snomed.info/sct) where concept is-a 105590001 (Substance (substance)) or  concept is-a 260787004 (Physical object)  and provided as an example value set.",
      "systems" : ["http://snomed.info/sct"],
      "oids" : ["2.16.840.1.113883.4.642.3.699"],
      "sources" : ["2.16.840.1.113883.4.642.3.699"],
      "uses" : {
      },
      "StructureDefinition-SupplyRequestProfile.html" : "SupplyRequestProfile"
    },
    {
      "url" : "http://hl7.org/fhir/ValueSet/supplydelivery-status",
      "version" : "4.0.1",
      "status" : "draft",
      "name" : "SupplyDeliveryStatus",
      "title" : "SupplyDeliveryStatus",
      "description" : "Status of the supply delivery.",
      "systems" : ["http://hl7.org/fhir/supplydelivery-status"],
      "oids" : ["2.16.840.1.113883.4.642.3.700"],
      "sources" : ["2.16.840.1.113883.4.642.3.700"],
      "uses" : {
      },
      "StructureDefinition-SupplyDeliveryProfile.html" : "SupplyDeliveryProfile"
    },
    {
      "url" : "http://hl7.org/fhir/ValueSet/supplydelivery-type",
      "version" : "4.0.1",
      "status" : "draft",
      "name" : "SupplyItemType",
      "title" : "Supply Item Type",
      "description" : "This value sets refers to a specific supply item.",
      "systems" : ["http://terminology.hl7.org/CodeSystem/supply-item-type"],
      "oids" : ["2.16.840.1.113883.4.642.3.702"],
      "sources" : ["2.16.840.1.113883.4.642.3.702"],
      "uses" : {
      },
      "StructureDefinition-SupplyDeliveryProfile.html" : "SupplyDeliveryProfile"
    },
    {
      "url" : "http://hl7.org/fhir/ValueSet/supplyrequest-kind",
      "version" : "4.0.1",
      "status" : "draft",
      "name" : "SupplyType",
      "title" : "Supply Type",
      "description" : "This value sets refers to a Category of supply.",
      "systems" : ["http://terminology.hl7.org/CodeSystem/supply-kind"],
      "oids" : ["2.16.840.1.113883.4.642.3.693"],
      "sources" : ["2.16.840.1.113883.4.642.3.693"],
      "uses" : {
      },
      "StructureDefinition-SupplyRequestProfile.html" : "SupplyRequestProfile"
    },
    {
      "url" : "http://hl7.org/fhir/ValueSet/supplyrequest-reason",
      "version" : "4.0.1",
      "status" : "draft",
      "name" : "SupplyRequestReason",
      "title" : "SupplyRequestReason",
      "description" : "The reason why the supply item was requested.",
      "systems" : ["http://terminology.hl7.org/CodeSystem/supplyrequest-reason"],
      "oids" : ["2.16.840.1.113883.4.642.3.697"],
      "sources" : ["2.16.840.1.113883.4.642.3.697"],
      "uses" : {
      },
      "StructureDefinition-SupplyRequestProfile.html" : "SupplyRequestProfile"
    },
    {
      "url" : "http://hl7.org/fhir/ValueSet/supplyrequest-status",
      "version" : "4.0.1",
      "status" : "draft",
      "name" : "SupplyRequestStatus",
      "title" : "SupplyRequestStatus",
      "description" : "Status of the supply request.",
      "systems" : ["http://hl7.org/fhir/supplyrequest-status"],
      "oids" : ["2.16.840.1.113883.4.642.3.695"],
      "sources" : ["2.16.840.1.113883.4.642.3.695"],
      "uses" : {
      },
      "StructureDefinition-SupplyRequestProfile.html" : "SupplyRequestProfile"
    },
    {
      "url" : "http://hl7.org/fhir/ValueSet/task-code",
      "version" : "4.0.1",
      "status" : "active",
      "name" : "TaskCode",
      "title" : "Task Codes",
      "description" : "Codes indicating the type of action that is expected to be performed",
      "systems" : ["http://hl7.org/fhir/CodeSystem/task-code"],
      "oids" : ["2.16.840.1.113883.4.642.3.1396"],
      "sources" : ["2.16.840.1.113883.4.642.3.1396"],
      "uses" : {
      },
      "StructureDefinition-TaskProfile.html" : "TaskProfile"
    },
    {
      "url" : "http://hl7.org/fhir/ValueSet/task-intent",
      "version" : "4.0.1",
      "status" : "draft",
      "name" : "TaskIntent",
      "title" : "TaskIntent",
      "description" : "Distinguishes whether the task is a proposal, plan or full order.",
      "systems" : [
        "http://hl7.org/fhir/request-intent",
        "http://hl7.org/fhir/task-intent"
      ],
      "oids" : ["2.16.840.1.113883.4.642.3.1240"],
      "sources" : ["2.16.840.1.113883.4.642.3.1240"],
      "uses" : {
      },
      "StructureDefinition-TaskProfile.html" : "TaskProfile"
    },
    {
      "url" : "http://hl7.org/fhir/ValueSet/task-status",
      "version" : "4.0.1",
      "status" : "draft",
      "name" : "TaskStatus",
      "title" : "TaskStatus",
      "description" : "The current status of the task.",
      "systems" : ["http://hl7.org/fhir/task-status"],
      "oids" : ["2.16.840.1.113883.4.642.3.790"],
      "sources" : ["2.16.840.1.113883.4.642.3.790"],
      "uses" : {
      },
      "StructureDefinition-TaskProfile.html" : "TaskProfile"
    },
    {
      "url" : "http://hl7.org/fhir/ValueSet/vaccine-code",
      "version" : "4.0.1",
      "status" : "active",
      "name" : "VaccineAdministeredValueSet",
      "title" : "Vaccine Administered Value Set",
      "description" : "This identifies the vaccine substance administered - CVX codes.",
      "systems" : ["urn:oid:1.2.36.1.2001.1005.17", "http://hl7.org/fhir/sid/cvx"],
      "oids" : ["2.16.840.1.113883.3.88.12.80.22"],
      "sources" : ["2.16.840.1.113883.3.88.12.80.22"],
      "uses" : {
      },
      "StructureDefinition-KenyanImmunizationRecommendation.html" : "KenyanImmunizationRecommendation",
      "StructureDefinition-KenyanImmunization.html" : "KenyanImmunization"
    },
    {
      "url" : "http://terminology.hl7.org/ValueSet/v2-2.7-0360",
      "version" : "0360",
      "status" : "active",
      "name" : "v2.0360.2.7",
      "title" : "v2 table 0360, Version 2.7",
      "description" : "FHIR Value set/code system definition for HL7 v2 table 0360 ver 2.9 ( Degree/License/Certificate)",
      "systems" : ["http://terminology.hl7.org/CodeSystem/v2-0360|2.7"],
      "uses" : {
      },
      "StructureDefinition-KenyanPractitioner.html" : "KenyanPractitioner"
    },
    {
      "url" : "http://terminology.hl7.org/ValueSet/v3-ActCode",
      "version" : "3.0.0",
      "status" : "active",
      "name" : "ActCode",
      "title" : "v3 Code System ActCode",
      "description" : "A code specifying the particular kind of Act that the Act-instance represents within its class.  Constraints:\r\nThe kind of Act (e.g. physical examination, serum potassium, inpatient encounter, charge financial transaction, etc.) is specified with a code from one of several, typically external, coding systems.  The coding system will depend on the class of Act, such as LOINC for observations, etc. Conceptually, the Act.code must be a specialization of the Act.classCode. This is why the structure of ActClass domain should be reflected in the superstructure of the ActCode domain and then individual codes or externally referenced vocabularies subordinated under these domains that reflect the ActClass structure. Act.classCode and Act.code are not modifiers of each other but the Act.code concept should really imply the Act.classCode concept. For a negative example, it is not appropriate to use an Act.code \"potassium\" together with and Act.classCode for \"laboratory observation\" to somehow mean \"potassium laboratory observation\" and then use the same Act.code for \"potassium\" together with Act.classCode for \"medication\" to mean \"substitution of potassium\". This mutually modifying use of Act.code and Act.classCode is not permitted.",
      "systems" : ["http://terminology.hl7.org/CodeSystem/v3-ActCode"],
      "uses" : {
      },
      "StructureDefinition-DigitalCertificateComposition.html" : "DigitalCertificateComposition",
      "StructureDefinition-DigitalCertificateDocumentReference.html" : "DigitalCertificateDocumentReference",
      "StructureDefinition-DigitalCertificateDocumentReferenceQR.html" : "DigitalCertificateDocumentReferenceQR",
      "StructureDefinition-DigitalCertificateCompositionVaccinationStatus.html" : "DigitalCertificateCompositionVaccinationStatus"
    },
    {
      "url" : "http://terminology.hl7.org/ValueSet/v3-ConfidentialityClassification",
      "version" : "2014-03-26",
      "status" : "active",
      "name" : "v3.ConfidentialityClassification",
      "title" : "V3 Value SetConfidentialityClassification",
      "description" : " Set of codes used to value Act.Confidentiality and Role.Confidentiality attribute in accordance with the definition for concept domain \"Confidentiality\".",
      "systems" : ["http://terminology.hl7.org/CodeSystem/v3-Confidentiality"],
      "oids" : ["2.16.840.1.113883.1.11.10228"],
      "sources" : ["2.16.840.1.113883.1.11.10228"],
      "uses" : {
      },
      "StructureDefinition-DigitalCertificateComposition.html" : "DigitalCertificateComposition",
      "StructureDefinition-DigitalCertificateCompositionVaccinationStatus.html" : "DigitalCertificateCompositionVaccinationStatus"
    },
    {
      "url" : "http://terminology.hl7.org/ValueSet/v3-ServiceDeliveryLocationRoleType",
      "version" : "3.0.0",
      "status" : "active",
      "name" : "ServiceDeliveryLocationRoleType",
      "title" : "ServiceDeliveryLocationRoleType",
      "description" : "A role of a place that further classifies the setting (e.g., accident site, road side, work site, community location) in which services are delivered.",
      "systems" : ["http://terminology.hl7.org/CodeSystem/v3-RoleCode"],
      "oids" : ["2.16.840.1.113883.1.11.17660"],
      "sources" : ["2.16.840.1.113883.1.11.17660"],
      "uses" : {
      },
      "StructureDefinition-DefaulterTracingRequest.html" : "DefaulterTracingRequest"
    },
    {
      "url" : "https://intellisoft-consulting.github.io/igs/ChanjoKe-FHIR-IG/ValueSet/DDCQRFormatCodesVS",
      "version" : "0.1.0",
      "status" : "draft",
      "name" : "DDCQRFMTCodesVS",
      "title" : "Digital Certificate Formats",
      "description" : "ValueSets for Digital Certificate Formats",
      "systems" : [
        "https://intellisoft-consulting.github.io/igs/ChanjoKe-FHIR-IG/CodeSystem/DDCQRFormatCodes"
      ],
      "uses" : {
      },
      "StructureDefinition-DigitalCertificateDocumentReferenceQR.html" : "DigitalCertificateDocumentReferenceQR"
    },
    {
      "url" : "https://intellisoft-consulting.github.io/igs/ChanjoKe-FHIR-IG/ValueSet/DueOROverdueVaccinationVS",
      "version" : "0.1.0",
      "status" : "draft",
      "name" : "IMMZD1DE10VS",
      "title" : "Due OR Overdue Vaccination(s)",
      "description" : "Due OR Overdue Vaccination(s)",
      "systems" : [
        "https://intellisoft-consulting.github.io/igs/ChanjoKe-FHIR-IG/CodeSystem/KenyaVaccineCodes"
      ],
      "uses" : {
      },
      "StructureDefinition-IMMZDdefaulterTracing.html" : "IMMZ.D Defaulter Tracing"
    },
    {
      "url" : "https://intellisoft-consulting.github.io/igs/ChanjoKe-FHIR-IG/ValueSet/HivStatusVS",
      "version" : "0.1.0",
      "status" : "draft",
      "name" : "IMMZB1DE1VS",
      "title" : "Client's HIV Status",
      "description" : "Client's HIV Status",
      "systems" : [
        "https://intellisoft-consulting.github.io/igs/ChanjoKe-FHIR-IG/CodeSystem/IMMZ.B"
      ],
      "uses" : {
      },
      "StructureDefinition-IMMZBUpdateClientHistory.html" : "IMMZ.B Update Client History"
    },
    {
      "url" : "https://intellisoft-consulting.github.io/igs/ChanjoKe-FHIR-IG/ValueSet/KenyanImmunizationNotDoneReasonsVS",
      "version" : "0.1.0",
      "status" : "draft",
      "name" : "KenyanImmunizationNotDoneReasonsVS",
      "title" : "Reason Vaccine not administered",
      "description" : "Reasons a Vaccine was not administered (Kenyan National Program)",
      "systems" : [
        "http://health.go.ke/CodeSystems/KenyanImmunizationNotDoneReasons"
      ],
      "uses" : {
      },
      "StructureDefinition-KenyanImmunization.html" : "KenyanImmunization"
    },
    {
      "url" : "https://intellisoft-consulting.github.io/igs/ChanjoKe-FHIR-IG/ValueSet/PatientContactListVS",
      "version" : "0.1.0",
      "status" : "draft",
      "name" : "PATCONTACTSLSTS",
      "title" : "Patient Contact List",
      "description" : "Paytient Contact List",
      "systems" : [
        "https://intellisoft-consulting.github.io/igs/ChanjoKe-FHIR-IG/CodeSystem/PatientContactList"
      ],
      "uses" : {
      },
      "StructureDefinition-KenyanImmunizationRegistryPatient.html" : "KenyanImmunizationRegistryPatient"
    },
    {
      "url" : "https://intellisoft-consulting.github.io/igs/ChanjoKe-FHIR-IG/ValueSet/PatientIdentifierTypeVS",
      "version" : "0.1.0",
      "status" : "draft",
      "name" : "PTDIDTYPS",
      "title" : "Patient Identifier type",
      "description" : "This is a set of valuesets that have been defined for the KenyanPatient Registry",
      "systems" : [
        "https://intellisoft-consulting.github.io/igs/ChanjoKe-FHIR-IG/CodeSystem/IdentifierTypes"
      ],
      "uses" : {
      },
      "StructureDefinition-KenyanImmunizationRegistryPatient.html" : "KenyanImmunizationRegistryPatient"
    },
    {
      "url" : "https://intellisoft-consulting.github.io/igs/ChanjoKe-FHIR-IG/ValueSet/StockAdjustmentVs",
      "version" : "0.1.0",
      "status" : "draft",
      "name" : "STOCKADJUSTMENTS",
      "title" : "Stock Adjustment",
      "description" : "Stock Adjustment",
      "systems" : [
        "https://intellisoft-consulting.github.io/igs/ChanjoKe-FHIR-IG/CodeSystem/STOCKADJUSTMENTTYPE"
      ],
      "uses" : {
      },
      "StructureDefinition-adjustment-type.html" : "Extension for Stock Adjustment Type"
    },
    {
      "url" : "https://intellisoft-consulting.github.io/igs/ChanjoKe-FHIR-IG/ValueSet/VaccinesValueSet",
      "version" : "0.1.0",
      "status" : "draft",
      "name" : "VaccinesValueSet",
      "title" : "Combination Codes for vaccine",
      "description" : "This is a mixed value set",
      "systems" : ["http://www.whocc.no/atc", "http://hl7.org/fhir/sid/cvx"]
    },
    {
      "url" : "https://intellisoft-consulting.github.io/igs/ChanjoKe-FHIR-IG/ValueSet/aefiActionTakenVS",
      "version" : "0.1.0",
      "status" : "draft",
      "name" : "AEFIACTIONTAKEN",
      "title" : "AEFI Action Taken",
      "description" : "AEFI Action Taken",
      "systems" : [
        "https://intellisoft-consulting.github.io/igs/ChanjoKe-FHIR-IG/CodeSystem/IMMZ.F"
      ],
      "uses" : {
      },
      "StructureDefinition-action-taken.html" : "Extension for Action Taken"
    },
    {
      "url" : "https://intellisoft-consulting.github.io/igs/ChanjoKe-FHIR-IG/ValueSet/aefiOutcomeVS",
      "version" : "0.1.0",
      "status" : "draft",
      "name" : "IMMZFDE33VS",
      "title" : "AEFI Outcome",
      "description" : "AEFI Outcome",
      "systems" : [
        "https://intellisoft-consulting.github.io/igs/ChanjoKe-FHIR-IG/CodeSystem/IMMZ.F"
      ],
      "uses" : {
      },
      "StructureDefinition-AdverseEventProfile.html" : "AdverseEventProfile"
    },
    {
      "url" : "https://intellisoft-consulting.github.io/igs/ChanjoKe-FHIR-IG/ValueSet/childCanBeLocatedVS",
      "version" : "0.1.0",
      "status" : "draft",
      "name" : "IMMZD1DE1VS",
      "title" : "Child can be located",
      "description" : "Child can be located",
      "systems" : [
        "https://intellisoft-consulting.github.io/igs/ChanjoKe-FHIR-IG/CodeSystem/IMMZ.D"
      ],
      "uses" : {
      },
      "StructureDefinition-IMMZDdefaulterTracing.html" : "IMMZ.D Defaulter Tracing"
    },
    {
      "url" : "https://intellisoft-consulting.github.io/igs/ChanjoKe-FHIR-IG/ValueSet/clientTSTTestResult",
      "version" : "0.1.0",
      "status" : "draft",
      "name" : "IMMZB1DE36VS",
      "title" : "Client's TST Test Result",
      "description" : "Client's TST Test Result",
      "systems" : [
        "https://intellisoft-consulting.github.io/igs/ChanjoKe-FHIR-IG/CodeSystem/IMMZ.B"
      ],
      "uses" : {
      },
      "StructureDefinition-IMMZBUpdateClientHistory.html" : "IMMZ.B Update Client History"
    },
    {
      "url" : "https://intellisoft-consulting.github.io/igs/ChanjoKe-FHIR-IG/ValueSet/contraindicationToVaccineVS",
      "version" : "0.1.0",
      "status" : "draft",
      "name" : "IMMZC1DE11VS",
      "title" : "Contraindications to vaccine",
      "description" : "Contraindications to vaccine",
      "systems" : [
        "https://intellisoft-consulting.github.io/igs/ChanjoKe-FHIR-IG/CodeSystem/IMMZ.C"
      ]
    },
    {
      "url" : "https://intellisoft-consulting.github.io/igs/ChanjoKe-FHIR-IG/ValueSet/disaggregationGroupVS",
      "version" : "0.1.0",
      "status" : "draft",
      "name" : "IMMZE1DE32VS",
      "title" : "Disaggregation Group",
      "description" : "Disaggregation Group",
      "systems" : [
        "https://intellisoft-consulting.github.io/igs/ChanjoKe-FHIR-IG/CodeSystem/IMMZ.E"
      ]
    },
    {
      "url" : "https://intellisoft-consulting.github.io/igs/ChanjoKe-FHIR-IG/ValueSet/exposedToCloseContactWithTBVs",
      "version" : "0.1.0",
      "status" : "draft",
      "name" : "IMMZB1DE33VS",
      "title" : "Exposed to close contact with TB",
      "description" : "Exposed to close contact with TB",
      "systems" : [
        "https://intellisoft-consulting.github.io/igs/ChanjoKe-FHIR-IG/CodeSystem/IMMZ.B"
      ]
    },
    {
      "url" : "https://intellisoft-consulting.github.io/igs/ChanjoKe-FHIR-IG/ValueSet/improvementIndicatorVS",
      "version" : "0.1.0",
      "status" : "draft",
      "name" : "IMMZE1DE22VS",
      "title" : "Improvement Indicator",
      "description" : "Improvement Indicator",
      "systems" : [
        "https://intellisoft-consulting.github.io/igs/ChanjoKe-FHIR-IG/CodeSystem/IMMZ.E"
      ]
    },
    {
      "url" : "https://intellisoft-consulting.github.io/igs/ChanjoKe-FHIR-IG/ValueSet/kenyaAdministrativeGenderVS",
      "version" : "0.1.0",
      "status" : "draft",
      "name" : "KHTSADMNGENDER",
      "title" : "Administrative Gender",
      "description" : "Administrative Gender",
      "systems" : [
        "https://intellisoft-consulting.github.io/igs/ChanjoKe-FHIR-IG/CodeSystem/IMMZ.A"
      ],
      "uses" : {
      },
      "StructureDefinition-KenyanPractitioner.html" : "KenyanPractitioner"
    },
    {
      "url" : "https://intellisoft-consulting.github.io/igs/ChanjoKe-FHIR-IG/ValueSet/kenyaCountiesVS",
      "version" : "0.1.0",
      "status" : "draft",
      "name" : "KHTS1VS",
      "title" : "Counties in Kenya",
      "description" : "Counties in Kenya",
      "systems" : [
        "https://intellisoft-consulting.github.io/igs/ChanjoKe-FHIR-IG/CodeSystem/KHTS.A"
      ],
      "uses" : {
      },
      "StructureDefinition-kenya-counties-extension.html" : "Extension for Kenya counties"
    },
    {
      "url" : "https://intellisoft-consulting.github.io/igs/ChanjoKe-FHIR-IG/ValueSet/kenyaServiceRequestsVS",
      "version" : "0.1.0",
      "status" : "draft",
      "name" : "KHTSSVSRQTS",
      "title" : "Service Requests",
      "description" : "Service Requests to be used in Kenyan Context",
      "systems" : [
        "https://intellisoft-consulting.github.io/igs/ChanjoKe-FHIR-IG/CodeSystem/ServiceRequests"
      ],
      "uses" : {
      },
      "StructureDefinition-DefaulterTracingRequest.html" : "DefaulterTracingRequest"
    },
    {
      "url" : "https://intellisoft-consulting.github.io/igs/ChanjoKe-FHIR-IG/ValueSet/maternalHIVStatusVS",
      "version" : "0.1.0",
      "status" : "draft",
      "name" : "IMMZB1DE8VS",
      "title" : "Maternal HIV Status",
      "description" : "The HIV status of the client's biological mother when the client was born.",
      "systems" : [
        "https://intellisoft-consulting.github.io/igs/ChanjoKe-FHIR-IG/CodeSystem/IMMZ.B"
      ]
    },
    {
      "url" : "https://intellisoft-consulting.github.io/igs/ChanjoKe-FHIR-IG/ValueSet/maternalTSTTestResultVs",
      "version" : "0.1.0",
      "status" : "draft",
      "name" : "IMMZB1DE30VS",
      "title" : "Maternal's TST Test Result",
      "description" : "Maternal's TST Test Result",
      "systems" : [
        "https://intellisoft-consulting.github.io/igs/ChanjoKe-FHIR-IG/CodeSystem/IMMZ.B"
      ],
      "uses" : {
      },
      "StructureDefinition-IMMZBUpdateClientHistory.html" : "IMMZ.B Update Client History"
    },
    {
      "url" : "https://intellisoft-consulting.github.io/igs/ChanjoKe-FHIR-IG/ValueSet/placeOfVaccination",
      "version" : "0.1.0",
      "status" : "draft",
      "name" : "IMMZB1DE13VS",
      "title" : "Place of Vaccination",
      "description" : "Place of Vaccination",
      "systems" : [
        "https://intellisoft-consulting.github.io/igs/ChanjoKe-FHIR-IG/CodeSystem/IMMZ.B1.DE13"
      ],
      "uses" : {
      },
      "StructureDefinition-IMMZBUpdateClientHistory.html" : "IMMZ.B Update Client History"
    },
    {
      "url" : "https://intellisoft-consulting.github.io/igs/ChanjoKe-FHIR-IG/ValueSet/reactionSeverityVS",
      "version" : "0.1.0",
      "status" : "draft",
      "name" : "IMMZFDE26VS",
      "title" : "Reaction Severity",
      "description" : "Reaction Severity",
      "systems" : [
        "https://intellisoft-consulting.github.io/igs/ChanjoKe-FHIR-IG/CodeSystem/IMMZ.F"
      ],
      "uses" : {
      },
      "StructureDefinition-AdverseEventProfile.html" : "AdverseEventProfile"
    },
    {
      "url" : "https://intellisoft-consulting.github.io/igs/ChanjoKe-FHIR-IG/ValueSet/reasonVaccineNotdministeredVS",
      "version" : "0.1.0",
      "status" : "draft",
      "name" : "IMMZC1DE17VS",
      "title" : "Reason vaccine was not administered",
      "description" : "Reason vaccine was not administered",
      "systems" : [
        "https://intellisoft-consulting.github.io/igs/ChanjoKe-FHIR-IG/CodeSystem/IMMZ.C"
      ]
    },
    {
      "url" : "https://intellisoft-consulting.github.io/igs/ChanjoKe-FHIR-IG/ValueSet/reportIndicatorCodeVS",
      "version" : "0.1.0",
      "status" : "draft",
      "name" : "IMMZE1DE11VS",
      "title" : "Report Indicator Code",
      "description" : "Report Indicator Code",
      "systems" : [
        "https://intellisoft-consulting.github.io/igs/ChanjoKe-FHIR-IG/CodeSystem/IMMZ.E"
      ]
    },
    {
      "url" : "https://intellisoft-consulting.github.io/igs/ChanjoKe-FHIR-IG/ValueSet/reportStatusVS",
      "version" : "0.1.0",
      "status" : "draft",
      "name" : "IMMZE1DE2VS",
      "title" : "Report Status",
      "description" : "Report Status",
      "systems" : [
        "https://intellisoft-consulting.github.io/igs/ChanjoKe-FHIR-IG/CodeSystem/IMMZ.E"
      ]
    },
    {
      "url" : "https://intellisoft-consulting.github.io/igs/ChanjoKe-FHIR-IG/ValueSet/reportTypeVS",
      "version" : "0.1.0",
      "status" : "draft",
      "name" : "IMMZE1DE6VS",
      "title" : "Report Type",
      "description" : "Report Type",
      "systems" : [
        "https://intellisoft-consulting.github.io/igs/ChanjoKe-FHIR-IG/CodeSystem/IMMZ.E"
      ]
    },
    {
      "url" : "https://intellisoft-consulting.github.io/igs/ChanjoKe-FHIR-IG/ValueSet/typeOfAEFIVS",
      "version" : "0.1.0",
      "status" : "draft",
      "name" : "IMMZFDE1VS",
      "title" : "Type of AEFI",
      "description" : "Type of AEFI",
      "systems" : [
        "https://intellisoft-consulting.github.io/igs/ChanjoKe-FHIR-IG/CodeSystem/IMMZ.F"
      ],
      "uses" : {
      },
      "StructureDefinition-types-of-aefi.html" : "Extension for types of AEFI"
    },
    {
      "url" : "https://intellisoft-consulting.github.io/igs/ChanjoKe-FHIR-IG/ValueSet/typeOfLastDPTHepBHibDoseVS",
      "version" : "0.1.0",
      "status" : "draft",
      "name" : "IMMZB1DE62VS",
      "title" : "Type of last DPT-HepB+Hib dose",
      "description" : "Type of last DPT-HepB+Hib dose",
      "systems" : [
        "https://intellisoft-consulting.github.io/igs/ChanjoKe-FHIR-IG/CodeSystem/IMMZ.B"
      ],
      "uses" : {
      },
      "StructureDefinition-IMMZBUpdateClientHistory.html" : "IMMZ.B Update Client History"
    },
    {
      "url" : "https://intellisoft-consulting.github.io/igs/ChanjoKe-FHIR-IG/ValueSet/typeOfLastHPVDoseVS",
      "version" : "0.1.0",
      "status" : "draft",
      "name" : "IMMZB1DE54VS",
      "title" : "Type of last HPV dose",
      "description" : "Type of last HPV dose",
      "systems" : [
        "https://intellisoft-consulting.github.io/igs/ChanjoKe-FHIR-IG/CodeSystem/IMMZ.B"
      ],
      "uses" : {
      },
      "StructureDefinition-IMMZBUpdateClientHistory.html" : "IMMZ.B Update Client History"
    },
    {
      "url" : "https://intellisoft-consulting.github.io/igs/ChanjoKe-FHIR-IG/ValueSet/typeOfLastMeaslesRubellaDoseVS",
      "version" : "0.1.0",
      "status" : "draft",
      "name" : "IMMZB1DE49VS",
      "title" : "Type of last Measles-Rubella dose",
      "description" : "Type of last Measles-Rubella dose",
      "systems" : [
        "https://intellisoft-consulting.github.io/igs/ChanjoKe-FHIR-IG/CodeSystem/IMMZ.B"
      ],
      "uses" : {
      },
      "StructureDefinition-IMMZBUpdateClientHistory.html" : "IMMZ.B Update Client History"
    },
    {
      "url" : "https://intellisoft-consulting.github.io/igs/ChanjoKe-FHIR-IG/ValueSet/typeOfLastPCV10DoseVS",
      "version" : "0.1.0",
      "status" : "draft",
      "name" : "IMMZB1DE58VS",
      "title" : "Type of last PCV10 dose",
      "description" : "Type of last PCV10 dose",
      "systems" : [
        "https://intellisoft-consulting.github.io/igs/ChanjoKe-FHIR-IG/CodeSystem/IMMZ.B"
      ],
      "uses" : {
      },
      "StructureDefinition-IMMZBUpdateClientHistory.html" : "IMMZ.B Update Client History"
    },
    {
      "url" : "https://intellisoft-consulting.github.io/igs/ChanjoKe-FHIR-IG/ValueSet/typeOfLastPolioDose",
      "version" : "0.1.0",
      "status" : "draft",
      "name" : "IMMZB1DE25VS",
      "title" : "Type of last Polio dose",
      "description" : "Type of last Polio dose",
      "systems" : [
        "https://intellisoft-consulting.github.io/igs/ChanjoKe-FHIR-IG/CodeSystem/IMMZ.B"
      ],
      "uses" : {
      },
      "StructureDefinition-IMMZBUpdateClientHistory.html" : "IMMZ.B Update Client History"
    },
    {
      "url" : "https://intellisoft-consulting.github.io/igs/ChanjoKe-FHIR-IG/ValueSet/typeOfLastRotavirusDoseVS",
      "version" : "0.1.0",
      "status" : "draft",
      "name" : "IMMZB1DE44VS",
      "title" : "Type of last Rotavirus dose",
      "description" : "Type of last Rotavirus dose",
      "systems" : [
        "https://intellisoft-consulting.github.io/igs/ChanjoKe-FHIR-IG/CodeSystem/IMMZ.B"
      ],
      "uses" : {
      },
      "StructureDefinition-IMMZBUpdateClientHistory.html" : "IMMZ.B Update Client History"
    },
    {
      "url" : "https://intellisoft-consulting.github.io/igs/ChanjoKe-FHIR-IG/ValueSet/vaccineAdministeredVS",
      "version" : "0.1.0",
      "status" : "draft",
      "name" : "IMMZC1DE14VS",
      "title" : "Vaccine administered",
      "description" : "Vaccine administered",
      "systems" : [
        "https://intellisoft-consulting.github.io/igs/ChanjoKe-FHIR-IG/CodeSystem/IMMZ.C"
      ]
    },
    {
      "url" : "https://intellisoft-consulting.github.io/igs/ChanjoKe-FHIR-IG/ValueSet/vaccineLibraryVS",
      "version" : "0.1.0",
      "status" : "draft",
      "name" : "IMMZZ1DE1VS",
      "title" : "Vaccine Library",
      "description" : "Vaccine Library",
      "systems" : [
        "https://intellisoft-consulting.github.io/igs/ChanjoKe-FHIR-IG/CodeSystem/IMMZ.Z1"
      ]
    }
  ]
}
