<?xml version="1.0" encoding="UTF-8"?>

<ValueSet xmlns="http://hl7.org/fhir">
  <id value="exposedToCloseContactWithTBVs"/>
  <text>
    <status value="generated"/><div xmlns="http://www.w3.org/1999/xhtml"><p class="res-header-id"><b>Generated Narrative: ValueSet exposedToCloseContactWithTBVs</b></p><a name="exposedToCloseContactWithTBVs"> </a><a name="hcexposedToCloseContactWithTBVs"> </a><a name="exposedToCloseContactWithTBVs-en-US"> </a><ul><li>Include these codes as defined in <a href="CodeSystem-IMMZ.B.html"><code>https://intellisoft-consulting.github.io/igs/ChanjoKe-FHIR-IG/CodeSystem/IMMZ.B</code></a><table class="none"><tr><td style="white-space:nowrap"><b>Code</b></td><td><b>Display</b></td></tr><tr><td><a href="CodeSystem-IMMZ.B.html#IMMZ.B-DE34">DE34</a></td><td>Yes</td></tr><tr><td><a href="CodeSystem-IMMZ.B.html#IMMZ.B-DE35">DE35</a></td><td>No</td></tr></table></li></ul></div>
  </text>
  <url value="https://intellisoft-consulting.github.io/igs/ChanjoKe-FHIR-IG/ValueSet/exposedToCloseContactWithTBVs"/>
  <version value="0.1.0"/>
  <name value="IMMZB1DE33VS"/>
  <title value="Exposed to close contact with TB"/>
  <status value="draft"/>
  <experimental value="false"/>
  <date value="2024-08-27T20:30:12+00:00"/>
  <publisher value="Intellisoft Consulting Ltd"/>
  <contact>
    <name value="Intellisoft Consulting Ltd"/>
    <telecom>
      <system value="url"/>
      <value value="https://www.intellisoftkenya.com/"/>
    </telecom>
    <telecom>
      <system value="email"/>
      <value value="info[at]intellisoftkenya.com"/>
    </telecom>
  </contact>
  <description value="Exposed to close contact with TB"/>
  <compose>
    <include>
      <system value="https://intellisoft-consulting.github.io/igs/ChanjoKe-FHIR-IG/CodeSystem/IMMZ.B"/>
      <concept>
        <code value="DE34"/>
        <display value="Yes"/>
      </concept>
      <concept>
        <code value="DE35"/>
        <display value="No"/>
      </concept>
    </include>
  </compose>
</ValueSet>