{
  "resourceType" : "ValueSet",
  "id" : "typeOfLastPolioDose",
  "text" : {
    "status" : "generated",
    "div" : "<div xmlns=\"http://www.w3.org/1999/xhtml\"><p class=\"res-header-id\"><b>Generated Narrative: ValueSet typeOfLastPolioDose</b></p><a name=\"typeOfLastPolioDose\"> </a><a name=\"hctypeOfLastPolioDose\"> </a><a name=\"typeOfLastPolioDose-en-US\"> </a><ul><li>Include these codes as defined in <a href=\"CodeSystem-IMMZ.B.html\"><code>https://intellisoft-consulting.github.io/igs/ChanjoKe-FHIR-IG/CodeSystem/IMMZ.B</code></a><table class=\"none\"><tr><td style=\"white-space:nowrap\"><b>Code</b></td><td><b>Display</b></td></tr><tr><td><a href=\"CodeSystem-IMMZ.B.html#IMMZ.B-DE26\">DE26</a></td><td>bOPV</td></tr><tr><td><a href=\"CodeSystem-IMMZ.B.html#IMMZ.B-DE27\">DE27</a></td><td>OPV I</td></tr><tr><td><a href=\"CodeSystem-IMMZ.B.html#IMMZ.B-DE28\">DE28</a></td><td>OPV II</td></tr><tr><td><a href=\"CodeSystem-IMMZ.B.html#IMMZ.B-DE29\">DE29</a></td><td>OPV III</td></tr></table></li></ul></div>"
  },
  "url" : "https://intellisoft-consulting.github.io/igs/ChanjoKe-FHIR-IG/ValueSet/typeOfLastPolioDose",
  "version" : "0.1.0",
  "name" : "IMMZB1DE25VS",
  "title" : "Type of last Polio dose",
  "status" : "draft",
  "experimental" : false,
  "date" : "2024-08-27T20:30:12+00:00",
  "publisher" : "Intellisoft Consulting Ltd",
  "contact" : [{
    "name" : "Intellisoft Consulting Ltd",
    "telecom" : [{
      "system" : "url",
      "value" : "https://www.intellisoftkenya.com/"
    },
    {
      "system" : "email",
      "value" : "info[at]intellisoftkenya.com"
    }]
  }],
  "description" : "Type of last Polio dose",
  "compose" : {
    "include" : [{
      "system" : "https://intellisoft-consulting.github.io/igs/ChanjoKe-FHIR-IG/CodeSystem/IMMZ.B",
      "concept" : [{
        "code" : "DE26",
        "display" : "bOPV"
      },
      {
        "code" : "DE27",
        "display" : "OPV I"
      },
      {
        "code" : "DE28",
        "display" : "OPV II"
      },
      {
        "code" : "DE29",
        "display" : "OPV III"
      }]
    }]
  }
}