<?xml version="1.0" encoding="UTF-8"?>

<ValueSet xmlns="http://hl7.org/fhir">
  <id value="typeOfAEFIVS"/>
  <text>
    <status value="extensions"/><div xmlns="http://www.w3.org/1999/xhtml"><p class="res-header-id"><b>Generated Narrative: ValueSet typeOfAEFIVS</b></p><a name="typeOfAEFIVS"> </a><a name="hctypeOfAEFIVS"> </a><a name="typeOfAEFIVS-en-US"> </a><ul><li>Include these codes as defined in <a href="CodeSystem-IMMZ.F.html"><code>https://intellisoft-consulting.github.io/igs/ChanjoKe-FHIR-IG/CodeSystem/IMMZ.F</code></a><table class="none"><tr><td style="white-space:nowrap"><b>Code</b></td><td><b>Display</b></td><td><b>Definition</b></td></tr><tr><td><a href="CodeSystem-IMMZ.F.html#IMMZ.F-DE2">DE2</a></td><td style="color: #cccccc">High fever</td><td/></tr><tr><td><a href="CodeSystem-IMMZ.F.html#IMMZ.F-DE3">DE3</a></td><td style="color: #cccccc">Convulsion</td><td>Convulsion</td></tr><tr><td><a href="CodeSystem-IMMZ.F.html#IMMZ.F-DE4">DE4</a></td><td style="color: #cccccc">Anaphylaxis</td><td/></tr><tr><td><a href="CodeSystem-IMMZ.F.html#IMMZ.F-DE5">DE5</a></td><td style="color: #cccccc">Paralysis</td><td/></tr><tr><td><a href="CodeSystem-IMMZ.F.html#IMMZ.F-DE6">DE6</a></td><td style="color: #cccccc">Toxic shock</td><td/></tr><tr><td><a href="CodeSystem-IMMZ.F.html#IMMZ.F-DE7">DE7</a></td><td style="color: #cccccc">Injection site abcess</td><td/></tr><tr><td><a href="CodeSystem-IMMZ.F.html#IMMZ.F-DE8">DE8</a></td><td style="color: #cccccc">Severe local reaction</td><td/></tr><tr><td><a href="CodeSystem-IMMZ.F.html#IMMZ.F-DE9">DE9</a></td><td style="color: #cccccc">Generalised urticaria(hives)</td><td/></tr><tr><td><a href="CodeSystem-IMMZ.F.html#IMMZ.F-DE10">DE10</a></td><td style="color: #cccccc">BCG Lymphadenitis</td><td/></tr><tr><td><a href="CodeSystem-IMMZ.F.html#IMMZ.F-DE11">DE11</a></td><td style="color: #cccccc">Encaphalopathy, Encephalitis/menengitis</td><td/></tr><tr><td><a href="CodeSystem-IMMZ.F.html#IMMZ.F-DE12">DE12</a></td><td style="color: #cccccc">Other (specify)</td><td/></tr></table></li></ul></div>
  </text>
  <url value="https://intellisoft-consulting.github.io/igs/ChanjoKe-FHIR-IG/ValueSet/typeOfAEFIVS"/>
  <version value="0.1.0"/>
  <name value="IMMZFDE1VS"/>
  <title value="Type of AEFI"/>
  <status value="draft"/>
  <experimental value="false"/>
  <date value="2024-08-27T20:30:12+00:00"/>
  <publisher value="Intellisoft Consulting Ltd"/>
  <contact>
    <name value="Intellisoft Consulting Ltd"/>
    <telecom>
      <system value="url"/>
      <value value="https://www.intellisoftkenya.com/"/>
    </telecom>
    <telecom>
      <system value="email"/>
      <value value="info[at]intellisoftkenya.com"/>
    </telecom>
  </contact>
  <description value="Type of AEFI"/>
  <compose>
    <include>
      <system value="https://intellisoft-consulting.github.io/igs/ChanjoKe-FHIR-IG/CodeSystem/IMMZ.F"/>
      <concept>
        <code value="DE2"/>
      </concept>
      <concept>
        <code value="DE3"/>
      </concept>
      <concept>
        <code value="DE4"/>
      </concept>
      <concept>
        <code value="DE5"/>
      </concept>
      <concept>
        <code value="DE6"/>
      </concept>
      <concept>
        <code value="DE7"/>
      </concept>
      <concept>
        <code value="DE8"/>
      </concept>
      <concept>
        <code value="DE9"/>
      </concept>
      <concept>
        <code value="DE10"/>
      </concept>
      <concept>
        <code value="DE11"/>
      </concept>
      <concept>
        <code value="DE12"/>
      </concept>
    </include>
  </compose>
</ValueSet>